ordem_codigo,componente_codigo,lote_ordem_codigo,lote_nota_fiscal,quantidade
OP-2025-0378,MP-CHAPA-3MM,,100002,719.6500
OP-2025-0377,MP-ARAME-MIG,,100003,18.2600
OP-2025-0377,SA-SUPORTE-EST,OP-2025-0378,,332.0000
OP-2025-0002,MP-TINTA-EPOXI,,100001,57.9992
OP-2025-0002,SA-ESTRUT-SOLD,OP-2025-0377,,70.0000
OP-2025-0381,MP-ALU-A380,,100004,57.6000
OP-2025-0379,MP-ALU-A380,,100004,108.8000
OP-2025-0380,SA-CARC-FUND,OP-2025-0381,,14.0000
OP-2025-0382,MP-CHAPA-3MM,,100002,185.0000
OP-2025-0384,MP-ALU-A380,,100004,259.2000
OP-2025-0386,MP-ACO-1045,,100009,291.2000
OP-2025-0001,SA-CARC-FUND,OP-2025-0379,,30.0000
OP-2025-0003,MP-GAXETA-NBR,,100005,43.0000
OP-2025-0003,MP-ORING-40,,100006,80.0000
OP-2025-0003,MP-PARAF-M8,,100007,160.0000
OP-2025-0003,SA-CARC-USIN,OP-2025-0001,,29.0000
OP-2025-0003,SA-CARC-USIN,OP-2025-0380,,11.0000
OP-2025-0005,MP-TINTA-EPOXI,,100001,18.0000
OP-2025-0005,SA-SUPORTE-EST,OP-2025-0378,,57.0000
OP-2025-0005,SA-SUPORTE-EST,OP-2025-0382,,93.0000
OP-2025-0383,SA-CARC-FUND,OP-2025-0381,,4.0000
OP-2025-0383,SA-CARC-FUND,OP-2025-0379,,4.0000
OP-2025-0383,SA-CARC-FUND,OP-2025-0384,,76.0000
OP-2025-0385,MP-OLEO-TEMPERA,,100010,13.5000
OP-2025-0385,SA-EIXO-USIN,OP-2025-0386,,90.0000
OP-2025-0007,MP-PARAF-M8,,100007,631.0000
OP-2025-0007,MP-ROLAM-6205,,100008,160.0000
OP-2025-0007,SA-CARC-USIN,OP-2025-0380,,3.0000
OP-2025-0007,SA-CARC-USIN,OP-2025-0383,,77.0000
OP-2025-0007,SA-EIXO-TEMP,OP-2025-0385,,80.0000
OP-2025-0004,MP-ALU-A380,,100004,134.1824
OP-2025-0008,MP-ALU-A380,,100004,176.0000
OP-2025-0387,MP-ACO-1045,,100009,109.2000
OP-2025-0009,MP-OLEO-TEMPERA,,100010,9.0000
OP-2025-0009,SA-EIXO-USIN,OP-2025-0386,,22.0000
OP-2025-0009,SA-EIXO-USIN,OP-2025-0387,,38.0000
OP-2025-0012,MP-ALU-A380,,100004,272.0000
OP-2025-0013,SA-CARC-FUND,OP-2025-0384,,5.0000
OP-2025-0013,SA-CARC-FUND,OP-2025-0004,,36.0000
OP-2025-0011,MP-ALU-A380,,100004,112.0000
OP-2025-0017,SA-CARC-FUND,OP-2025-0004,,4.0000
OP-2025-0017,SA-CARC-FUND,OP-2025-0008,,53.0000
OP-2025-0010,MP-GAXETA-NBR,,100005,40.0000
OP-2025-0010,MP-ORING-40,,100006,80.0000
OP-2025-0010,MP-PARAF-M8,,100007,160.0000
OP-2025-0010,SA-CARC-USIN,OP-2025-0383,,7.0000
OP-2025-0010,SA-CARC-USIN,OP-2025-0013,,33.0000
OP-2025-0015,MP-ACO-1045,,100009,99.6000
OP-2025-0015,MP-ACO-1045,,100011,114.8142
OP-2025-0016,MP-ACO-1045,,100011,194.6672
OP-2025-0019,MP-CHAPA-3MM,,100002,148.0000
OP-2025-0018,MP-ALU-A380,,100004,130.2176
OP-2025-0018,MP-ALU-A380,,100012,57.5744
OP-2025-0014,MP-PARAF-M8,,100007,300.0000
OP-2025-0014,MP-ROLAM-6205,,100008,120.0000
OP-2025-0014,SA-CARC-USIN,OP-2025-0013,,7.0000
OP-2025-0014,SA-CARC-USIN,OP-2025-0017,,23.0000
OP-2025-0014,SA-EIXO-TEMP,OP-2025-0385,,10.0000
OP-2025-0014,SA-EIXO-TEMP,OP-2025-0009,,54.0000
OP-2025-0021,MP-ACO-1045,,100011,182.0000
OP-2025-0029,MP-CHAPA-3MM,,100002,72.3500
OP-2025-0029,MP-CHAPA-3MM,,100013,66.4000
OP-2025-0020,MP-ALU-A380,,100012,112.0000
OP-2025-0024,SA-CARC-FUND,OP-2025-0008,,2.0000
OP-2025-0024,SA-CARC-FUND,OP-2025-0012,,78.0000
OP-2025-0024,SA-CARC-FUND,OP-2025-0011,,5.0000
OP-2025-0023,MP-GAXETA-NBR,,100005,40.0000
OP-2025-0023,MP-ORING-40,,100006,80.0000
OP-2025-0023,MP-PARAF-M8,,100007,160.0000
OP-2025-0023,SA-CARC-USIN,OP-2025-0017,,32.0000
OP-2025-0023,SA-CARC-USIN,OP-2025-0024,,8.0000
OP-2025-0025,MP-OLEO-TEMPERA,,100010,10.5000
OP-2025-0025,SA-EIXO-USIN,OP-2025-0387,,4.0000
OP-2025-0025,SA-EIXO-USIN,OP-2025-0015,,66.0000
OP-2025-0028,MP-CHAPA-3MM,,100013,148.0000
OP-2025-0022,SA-CARC-FUND,OP-2025-0011,,30.0000
OP-2025-0022,SA-CARC-FUND,OP-2025-0018,,5.0000
OP-2025-0026,MP-OLEO-TEMPERA,,100010,7.0000
OP-2025-0026,MP-OLEO-TEMPERA,,100014,6.6527
OP-2025-0026,SA-EIXO-USIN,OP-2025-0015,,19.0000
OP-2025-0026,SA-EIXO-USIN,OP-2025-0016,,63.0000
OP-2025-0031,SA-CARC-FUND,OP-2025-0018,,50.0000
OP-2025-0031,SA-CARC-FUND,OP-2025-0020,,5.0000
OP-2025-0034,MP-OLEO-TEMPERA,,100014,10.9704
OP-2025-0034,SA-EIXO-USIN,OP-2025-0016,,7.0000
OP-2025-0034,SA-EIXO-USIN,OP-2025-0021,,63.0000
OP-2025-0030,MP-GAXETA-NBR,,100005,55.0000
OP-2025-0030,MP-ORING-40,,100006,110.0000
OP-2025-0030,MP-PARAF-M8,,100007,220.0000
OP-2025-0030,SA-CARC-USIN,OP-2025-0024,,59.0000
OP-2025-0388,MP-ARAME-MIG,,100003,1.7600
OP-2025-0388,SA-SUPORTE-EST,OP-2025-0019,,7.0000
OP-2025-0388,SA-SUPORTE-EST,OP-2025-0029,,25.0000
OP-2025-0027,MP-ARAME-MIG,,100003,4.4000
OP-2025-0027,SA-SUPORTE-EST,OP-2025-0382,,7.0000
OP-2025-0027,SA-SUPORTE-EST,OP-2025-0019,,73.0000
OP-2025-0038,MP-TINTA-EPOXI,,100001,4.0008
OP-2025-0038,MP-TINTA-EPOXI,,100015,11.9992
OP-2025-0038,SA-ESTRUT-SOLD,OP-2025-0377,,13.0000
OP-2025-0038,SA-ESTRUT-SOLD,OP-2025-0388,,7.0000
OP-2025-0042,MP-CHAPA-3MM,,100013,150.7380
OP-2025-0035,MP-PARAF-M8,,100007,369.0000
OP-2025-0035,MP-PARAF-M8,,100016,311.0000
OP-2025-0035,MP-ROLAM-6205,,100008,170.0000
OP-2025-0035,SA-CARC-USIN,OP-2025-0024,,15.0000
OP-2025-0035,SA-CARC-USIN,OP-2025-0022,,33.0000
OP-2025-0035,SA-CARC-USIN,OP-2025-0031,,37.0000
OP-2025-0035,SA-EIXO-TEMP,OP-2025-0009,,6.0000
OP-2025-0035,SA-EIXO-TEMP,OP-2025-0025,,69.0000
OP-2025-0035,SA-EIXO-TEMP,OP-2025-0026,,11.0000
OP-2025-0040,MP-TINTA-EPOXI,,100015,9.0000
OP-2025-0040,SA-SUPORTE-EST,OP-2025-0029,,50.0000
OP-2025-0040,SA-SUPORTE-EST,OP-2025-0028,,25.0000
OP-2025-0043,MP-ALU-A380,,100012,115.7744
OP-2025-0032,SA-CARC-FUND,OP-2025-0020,,30.0000
OP-2025-0032,SA-CARC-FUND,OP-2025-0043,,4.0000
OP-2025-0033,MP-ALU-A380,,100012,250.1040
OP-2025-0037,MP-CHAPA-3MM,,100013,138.7500
OP-2025-0039,MP-PARAF-M8,,100016,350.0000
OP-2025-0039,MP-ROLAM-6205,,100008,140.0000
OP-2025-0039,SA-CARC-USIN,OP-2025-0031,,15.0000
OP-2025-0039,SA-CARC-USIN,OP-2025-0032,,20.0000
OP-2025-0039,SA-EIXO-TEMP,OP-2025-0026,,68.0000
OP-2025-0370,MP-PARAF-M8,,100016,20.0000
OP-2025-0370,MP-ROLAM-6205,,100008,8.0000
OP-2025-0370,SA-CARC-USIN,OP-2025-0032,,2.0000
OP-2025-0370,SA-EIXO-TEMP,OP-2025-0026,,4.0000
OP-2025-0036,MP-ARAME-MIG,,100003,0.5800
OP-2025-0036,MP-ARAME-MIG,,100017,3.8200
OP-2025-0036,SA-SUPORTE-EST,OP-2025-0028,,55.0000
OP-2025-0036,SA-SUPORTE-EST,OP-2025-0042,,25.0000
OP-2025-0389,SA-CARC-FUND,OP-2025-0043,,31.0000
OP-2025-0389,SA-CARC-FUND,OP-2025-0033,,15.0000
OP-2025-0045,MP-ACO-1045,,100011,182.0000
OP-2025-0046,MP-GAXETA-NBR,,100005,22.0000
OP-2025-0046,MP-GAXETA-NBR,,100018,33.0000
OP-2025-0046,MP-ORING-40,,100006,100.0000
OP-2025-0046,MP-ORING-40,,100019,10.0000
OP-2025-0046,MP-PARAF-M8,,100016,228.0000
OP-2025-0046,SA-CARC-USIN,OP-2025-0032,,13.0000
OP-2025-0046,SA-CARC-USIN,OP-2025-0389,,42.0000
OP-2025-0050,MP-TINTA-EPOXI,,100015,15.6976
OP-2025-0050,SA-ESTRUT-SOLD,OP-2025-0388,,1.0000
OP-2025-0050,SA-ESTRUT-SOLD,OP-2025-0027,,19.0000
OP-2025-0041,MP-ACO-1045,,100011,91.0000
OP-2025-0044,MP-ALU-A380,,100012,112.0000
OP-2025-0053,SA-CARC-FUND,OP-2025-0033,,36.0000
OP-2025-0047,MP-ARAME-MIG,,100017,4.4000
OP-2025-0047,SA-SUPORTE-EST,OP-2025-0042,,55.0000
OP-2025-0047,SA-SUPORTE-EST,OP-2025-0037,,25.0000
OP-2025-0390,MP-ALU-A380,,100012,64.0000
OP-2025-0051,SA-CARC-FUND,OP-2025-0033,,24.0000
OP-2025-0051,SA-CARC-FUND,OP-2025-0044,,35.0000
OP-2025-0051,SA-CARC-FUND,OP-2025-0390,,16.0000
OP-2025-0054,MP-CHAPA-3MM,,100013,235.2534
OP-2025-0056,MP-ACO-1045,,100011,91.0000
OP-2025-0060,MP-TINTA-EPOXI,,100015,16.0000
OP-2025-0060,SA-ESTRUT-SOLD,OP-2025-0027,,1.0000
OP-2025-0060,SA-ESTRUT-SOLD,OP-2025-0036,,19.0000
OP-2025-0052,MP-ALU-A380,,100012,112.0000
OP-2025-0055,MP-ALU-A380,,100012,240.0000
OP-2025-0064,MP-CHAPA-3MM,,100013,10.8586
OP-2025-0064,MP-CHAPA-3MM,,100020,211.1414
OP-2025-0059,MP-ALU-A380,,100012,112.0000
OP-2025-0065,MP-CHAPA-3MM,,100020,120.2500
OP-2025-0061,MP-ACO-1045,,100011,69.5186
OP-2025-0061,MP-ACO-1045,,100021,112.4814
OP-2025-0062,MP-ARAME-MIG,,100017,6.6924
OP-2025-0062,SA-SUPORTE-EST,OP-2025-0037,,50.0000
OP-2025-0062,SA-SUPORTE-EST,OP-2025-0054,,70.0000
OP-2025-0063,MP-OLEO-TEMPERA,,100014,10.5000
OP-2025-0063,SA-EIXO-USIN,OP-2025-0021,,7.0000
OP-2025-0063,SA-EIXO-USIN,OP-2025-0045,,64.0000
OP-2025-0070,SA-CARC-FUND,OP-2025-0390,,4.0000
OP-2025-0070,SA-CARC-FUND,OP-2025-0052,,31.0000
OP-2025-0068,MP-PARAF-M8,,100016,288.0000
OP-2025-0068,MP-ROLAM-6205,,100008,73.0000
OP-2025-0068,SA-CARC-USIN,OP-2025-0389,,4.0000
OP-2025-0068,SA-CARC-USIN,OP-2025-0053,,31.0000
OP-2025-0068,SA-EIXO-TEMP,OP-2025-0026,,2.0000
OP-2025-0068,SA-EIXO-TEMP,OP-2025-0034,,33.0000
OP-2025-0079,MP-CHAPA-3MM,,100020,120.2500
OP-2025-0069,MP-GAXETA-NBR,,100018,75.0000
OP-2025-0069,MP-ORING-40,,100019,150.0000
OP-2025-0069,MP-PARAF-M8,,100016,300.0000
OP-2025-0069,SA-CARC-USIN,OP-2025-0053,,4.0000
OP-2025-0069,SA-CARC-USIN,OP-2025-0051,,71.0000
OP-2025-0066,SA-CARC-FUND,OP-2025-0052,,4.0000
OP-2025-0066,SA-CARC-FUND,OP-2025-0055,,71.0000
OP-2025-0067,SA-CARC-FUND,OP-2025-0055,,4.0000
OP-2025-0067,SA-CARC-FUND,OP-2025-0059,,31.0000
OP-2025-0075,MP-ARAME-MIG,,100017,6.9927
OP-2025-0075,SA-SUPORTE-EST,OP-2025-0054,,50.0000
OP-2025-0075,SA-SUPORTE-EST,OP-2025-0064,,70.0000
OP-2025-0078,MP-TINTA-EPOXI,,100015,7.8000
OP-2025-0078,SA-SUPORTE-EST,OP-2025-0064,,50.0000
OP-2025-0078,SA-SUPORTE-EST,OP-2025-0065,,19.0000
OP-2025-0071,MP-OLEO-TEMPERA,,100014,5.5535
OP-2025-0071,SA-EIXO-USIN,OP-2025-0045,,3.0000
OP-2025-0071,SA-EIXO-USIN,OP-2025-0041,,32.0000
OP-2025-0073,MP-PARAF-M8,,100016,350.0000
OP-2025-0073,MP-ROLAM-6205,,100008,79.0000
OP-2025-0073,MP-ROLAM-6205,,100022,61.0000
OP-2025-0073,SA-CARC-USIN,OP-2025-0051,,4.0000
OP-2025-0073,SA-CARC-USIN,OP-2025-0070,,33.0000
OP-2025-0073,SA-EIXO-TEMP,OP-2025-0034,,37.0000
OP-2025-0073,SA-EIXO-TEMP,OP-2025-0063,,33.0000
OP-2025-0076,MP-OLEO-TEMPERA,,100014,10.5000
OP-2025-0076,SA-EIXO-USIN,OP-2025-0041,,3.0000
OP-2025-0076,SA-EIXO-USIN,OP-2025-0056,,35.0000
OP-2025-0076,SA-EIXO-USIN,OP-2025-0061,,35.0000
OP-2025-0072,MP-ACO-1045,,100021,91.0000
OP-2025-0077,MP-TINTA-EPOXI,,100015,25.8360
OP-2025-0077,SA-ESTRUT-SOLD,OP-2025-0036,,1.0000
OP-2025-0077,SA-ESTRUT-SOLD,OP-2025-0047,,19.0000
OP-2025-0077,SA-ESTRUT-SOLD,OP-2025-0062,,10.0000
OP-2025-0080,MP-ACO-1045,,100021,130.0000
OP-2025-0082,MP-CHAPA-3MM,,100020,222.0000
OP-2025-0088,MP-TINTA-EPOXI,,100015,8.1284
OP-2025-0088,SA-SUPORTE-EST,OP-2025-0065,,46.0000
OP-2025-0088,SA-SUPORTE-EST,OP-2025-0079,,19.0000
OP-2025-0081,MP-ACO-1045,,100021,91.0000
OP-2025-0074,MP-ALU-A380,,100012,120.4336
OP-2025-0083,MP-ALU-A380,,100012,80.0000
OP-2025-0087,MP-TINTA-EPOXI,,100015,5.5388
OP-2025-0087,MP-TINTA-EPOXI,,100023,18.4612
OP-2025-0087,SA-ESTRUT-SOLD,OP-2025-0062,,20.0000
OP-2025-0087,SA-ESTRUT-SOLD,OP-2025-0075,,10.0000
OP-2025-0089,SA-CARC-FUND,OP-2025-0059,,4.0000
OP-2025-0089,SA-CARC-FUND,OP-2025-0074,,31.0000
OP-2025-0091,MP-ALU-A380,,100012,74.1136
OP-2025-0091,MP-ALU-A380,,100024,382.5536
OP-2025-0084,MP-GAXETA-NBR,,100018,75.0000
OP-2025-0084,MP-ORING-40,,100019,150.0000
OP-2025-0084,MP-PARAF-M8,,100016,300.0000
OP-2025-0084,SA-CARC-USIN,OP-2025-0070,,2.0000
OP-2025-0084,SA-CARC-USIN,OP-2025-0066,,75.0000
OP-2025-0084,SA-CARC-USIN,OP-2025-0067,,3.0000
OP-2025-0085,MP-PARAF-M8,,100016,280.0000
OP-2025-0085,MP-ROLAM-6205,,100022,70.0000
OP-2025-0085,SA-CARC-USIN,OP-2025-0067,,32.0000
OP-2025-0085,SA-CARC-USIN,OP-2025-0089,,3.0000
OP-2025-0085,SA-EIXO-TEMP,OP-2025-0063,,35.0000
OP-2025-0094,MP-CHAPA-3MM,,100020,1.3586
OP-2025-0094,MP-CHAPA-3MM,,100025,294.6414
OP-2025-0095,MP-ALU-A380,,100024,81.6720
OP-2025-0097,MP-CHAPA-3MM,,100025,115.6204
OP-2025-0086,MP-ALU-A380,,100024,112.0000
OP-2025-0096,SA-CARC-FUND,OP-2025-0074,,4.0000
OP-2025-0096,SA-CARC-FUND,OP-2025-0083,,22.0000
OP-2025-0090,MP-PARAF-M8,,100016,350.0000
OP-2025-0090,MP-ROLAM-6205,,100022,140.0000
OP-2025-0090,SA-CARC-USIN,OP-2025-0089,,32.0000
OP-2025-0090,SA-CARC-USIN,OP-2025-0096,,3.0000
OP-2025-0090,SA-EIXO-TEMP,OP-2025-0063,,2.0000
OP-2025-0090,SA-EIXO-TEMP,OP-2025-0071,,35.0000
OP-2025-0090,SA-EIXO-TEMP,OP-2025-0076,,33.0000
OP-2025-0099,MP-ALU-A380,,100024,112.0000
OP-2025-0092,MP-ARAME-MIG,,100017,3.0949
OP-2025-0092,MP-ARAME-MIG,,100026,3.5051
OP-2025-0092,SA-SUPORTE-EST,OP-2025-0079,,46.0000
OP-2025-0092,SA-SUPORTE-EST,OP-2025-0082,,73.0000
OP-2025-0100,SA-CARC-FUND,OP-2025-0083,,3.0000
OP-2025-0100,SA-CARC-FUND,OP-2025-0091,,32.0000
OP-2025-0106,MP-CHAPA-3MM,,100025,296.0000
OP-2025-0107,MP-TINTA-EPOXI,,100023,7.8000
OP-2025-0107,SA-SUPORTE-EST,OP-2025-0082,,47.0000
OP-2025-0107,SA-SUPORTE-EST,OP-2025-0094,,18.0000
OP-2025-0105,MP-PARAF-M8,,100016,123.0000
OP-2025-0105,MP-PARAF-M8,,100027,157.0000
OP-2025-0105,MP-ROLAM-6205,,100022,70.0000
OP-2025-0105,SA-CARC-USIN,OP-2025-0096,,22.0000
OP-2025-0105,SA-CARC-USIN,OP-2025-0100,,14.0000
OP-2025-0105,SA-EIXO-TEMP,OP-2025-0076,,35.0000
OP-2025-0109,MP-TINTA-EPOXI,,100023,24.0000
OP-2025-0109,SA-ESTRUT-SOLD,OP-2025-0075,,20.0000
OP-2025-0109,SA-ESTRUT-SOLD,OP-2025-0092,,10.0000
OP-2025-0101,MP-OLEO-TEMPERA,,100014,7.5000
OP-2025-0101,SA-EIXO-USIN,OP-2025-0061,,30.0000
OP-2025-0101,SA-EIXO-USIN,OP-2025-0072,,20.0000
OP-2025-0102,MP-OLEO-TEMPERA,,100014,5.3692
OP-2025-0102,SA-EIXO-USIN,OP-2025-0072,,15.0000
OP-2025-0102,SA-EIXO-USIN,OP-2025-0081,,20.0000
OP-2025-0098,MP-ACO-1045,,100021,25.5186
OP-2025-0098,MP-ACO-1045,,100028,65.4814
OP-2025-0391,SA-CARC-FUND,OP-2025-0091,,5.0000
OP-2025-0103,MP-ACO-1045,,100028,137.4100
OP-2025-0110,MP-ACO-1045,,100028,91.0000
OP-2025-0112,MP-CHAPA-3MM,,100025,118.7382
OP-2025-0112,MP-CHAPA-3MM,,100029,62.2140
OP-2025-0113,MP-PARAF-M8,,100027,250.0000
OP-2025-0113,MP-ROLAM-6205,,100022,100.0000
OP-2025-0113,SA-CARC-USIN,OP-2025-0100,,21.0000
OP-2025-0113,SA-CARC-USIN,OP-2025-0391,,4.0000
OP-2025-0113,SA-EIXO-TEMP,OP-2025-0076,,2.0000
OP-2025-0113,SA-EIXO-TEMP,OP-2025-0101,,47.0000
OP-2025-0113,SA-EIXO-TEMP,OP-2025-0102,,1.0000
OP-2025-0108,SA-CARC-FUND,OP-2025-0091,,98.0000
OP-2025-0108,SA-CARC-FUND,OP-2025-0095,,25.0000
OP-2025-0108,SA-CARC-FUND,OP-2025-0086,,12.0000
OP-2025-0392,MP-ARAME-MIG,,100026,5.5000
OP-2025-0392,SA-SUPORTE-EST,OP-2025-0094,,100.0000
OP-2025-0393,SA-CARC-FUND,OP-2025-0099,,3.0000
OP-2025-0116,MP-TINTA-EPOXI,,100023,32.0000
OP-2025-0116,SA-ESTRUT-SOLD,OP-2025-0092,,20.0000
OP-2025-0116,SA-ESTRUT-SOLD,OP-2025-0392,,22.0000
OP-2025-0104,MP-ARAME-MIG,,100026,8.8000
OP-2025-0104,SA-SUPORTE-EST,OP-2025-0094,,42.0000
OP-2025-0104,SA-SUPORTE-EST,OP-2025-0097,,65.0000
OP-2025-0104,SA-SUPORTE-EST,OP-2025-0106,,53.0000
OP-2025-0124,MP-TINTA-EPOXI,,100023,11.4000
OP-2025-0124,SA-SUPORTE-EST,OP-2025-0106,,95.0000
OP-2025-0111,SA-CARC-FUND,OP-2025-0086,,23.0000
OP-2025-0111,SA-CARC-FUND,OP-2025-0099,,2.0000
OP-2025-0371,MP-PARAF-M8,,100027,24.0000
OP-2025-0371,MP-ROLAM-6205,,100022,6.0000
OP-2025-0371,SA-CARC-USIN,OP-2025-0391,,1.0000
OP-2025-0371,SA-CARC-USIN,OP-2025-0393,,2.0000
OP-2025-0371,SA-EIXO-TEMP,OP-2025-0102,,3.0000
OP-2025-0372,MP-TINTA-EPOXI,,100023,1.6000
OP-2025-0372,SA-ESTRUT-SOLD,OP-2025-0392,,2.0000
OP-2025-0394,SA-CARC-FUND,OP-2025-0099,,13.0000
OP-2025-0396,MP-ALU-A380,,100031,470.4000
OP-2025-0119,MP-OLEO-TEMPERA,,100014,2.9542
OP-2025-0119,MP-OLEO-TEMPERA,,100030,2.6969
OP-2025-0119,SA-EIXO-USIN,OP-2025-0081,,15.0000
OP-2025-0119,SA-EIXO-USIN,OP-2025-0098,,20.0000
OP-2025-0395,SA-CARC-FUND,OP-2025-0099,,17.0000
OP-2025-0395,SA-CARC-FUND,OP-2025-0396,,138.0000
OP-2025-0117,MP-PARAF-M8,,100027,280.0000
OP-2025-0117,MP-ROLAM-6205,,100022,70.0000
OP-2025-0117,SA-CARC-USIN,OP-2025-0393,,1.0000
OP-2025-0117,SA-CARC-USIN,OP-2025-0111,,24.0000
OP-2025-0117,SA-CARC-USIN,OP-2025-0394,,10.0000
OP-2025-0117,SA-EIXO-TEMP,OP-2025-0102,,31.0000
OP-2025-0117,SA-EIXO-TEMP,OP-2025-0119,,4.0000
OP-2025-0125,MP-CHAPA-3MM,,100029,175.7500
OP-2025-0114,MP-ALU-A380,,100024,111.7744
OP-2025-0114,MP-ALU-A380,,100031,0.2256
OP-2025-0115,MP-ARAME-MIG,,100026,7.1949
OP-2025-0115,MP-ARAME-MIG,,100032,1.7160
OP-2025-0115,SA-SUPORTE-EST,OP-2025-0106,,3.0000
OP-2025-0115,SA-SUPORTE-EST,OP-2025-0112,,95.0000
OP-2025-0115,SA-SUPORTE-EST,OP-2025-0125,,62.0000
OP-2025-0120,MP-ALU-A380,,100031,80.0000
OP-2025-0122,MP-GAXETA-NBR,,100018,17.0000
OP-2025-0122,MP-GAXETA-NBR,,100033,118.0000
OP-2025-0122,MP-ORING-40,,100019,240.0000
OP-2025-0122,MP-ORING-40,,100034,30.0000
OP-2025-0122,MP-PARAF-M8,,100027,540.0000
OP-2025-0122,SA-CARC-USIN,OP-2025-0394,,3.0000
OP-2025-0122,SA-CARC-USIN,OP-2025-0395,,132.0000
OP-2025-0121,MP-OLEO-TEMPERA,,100030,7.4543
OP-2025-0121,SA-EIXO-USIN,OP-2025-0098,,15.0000
OP-2025-0121,SA-EIXO-USIN,OP-2025-0103,,35.0000
OP-2025-0128,MP-TINTA-EPOXI,,100023,4.7388
OP-2025-0128,MP-TINTA-EPOXI,,100035,27.9332
OP-2025-0128,SA-ESTRUT-SOLD,OP-2025-0392,,1.0000
OP-2025-0128,SA-ESTRUT-SOLD,OP-2025-0104,,38.0000
OP-2025-0118,SA-CARC-FUND,OP-2025-0396,,9.0000
OP-2025-0118,SA-CARC-FUND,OP-2025-0114,,26.0000
OP-2025-0123,MP-ACO-1045,,100028,130.0000
OP-2025-0126,MP-ALU-A380,,100031,112.0000
OP-2025-0134,MP-ACO-1045,,100028,182.0000
OP-2025-0131,MP-PARAF-M8,,100027,280.0000
OP-2025-0131,MP-ROLAM-6205,,100022,70.0000
OP-2025-0131,SA-CARC-USIN,OP-2025-0395,,23.0000
OP-2025-0131,SA-CARC-USIN,OP-2025-0118,,12.0000
OP-2025-0131,SA-EIXO-TEMP,OP-2025-0119,,31.0000
OP-2025-0131,SA-EIXO-TEMP,OP-2025-0121,,4.0000
OP-2025-0397,SA-CARC-FUND,OP-2025-0114,,4.0000
OP-2025-0133,MP-ALU-A380,,100031,112.0000
OP-2025-0373,MP-TINTA-EPOXI,,100035,2.4000
OP-2025-0373,SA-ESTRUT-SOLD,OP-2025-0115,,3.0000
OP-2025-0398,MP-OLEO-TEMPERA,,100030,0.9000
OP-2025-0398,SA-EIXO-USIN,OP-2025-0103,,6.0000
OP-2025-0132,MP-PARAF-M8,,100027,250.0000
OP-2025-0132,MP-ROLAM-6205,,100022,63.0000
OP-2025-0132,MP-ROLAM-6205,,100036,37.0000
OP-2025-0132,SA-CARC-USIN,OP-2025-0118,,21.0000
OP-2025-0132,SA-CARC-USIN,OP-2025-0397,,3.0000
OP-2025-0132,SA-EIXO-TEMP,OP-2025-0121,,46.0000
OP-2025-0132,SA-EIXO-TEMP,OP-2025-0398,,5.0000
OP-2025-0399,MP-CHAPA-3MM,,100037,140.6000
OP-2025-0130,MP-ACO-1045,,100028,91.0000
OP-2025-0135,MP-ALU-A380,,100031,235.2960
OP-2025-0137,MP-CHAPA-3MM,,100029,462.0360
OP-2025-0137,MP-CHAPA-3MM,,100037,174.0088
OP-2025-0138,MP-TINTA-EPOXI,,100035,11.4000
OP-2025-0138,SA-SUPORTE-EST,OP-2025-0125,,33.0000
OP-2025-0138,SA-SUPORTE-EST,OP-2025-0399,,69.0000
OP-2025-0136,SA-CARC-FUND,OP-2025-0114,,5.0000
OP-2025-0136,SA-CARC-FUND,OP-2025-0120,,20.0000
OP-2025-0140,MP-ACO-1045,,100028,182.0000
OP-2025-0143,MP-OLEO-TEMPERA,,100030,7.5000
OP-2025-0143,SA-EIXO-USIN,OP-2025-0103,,9.0000
OP-2025-0143,SA-EIXO-USIN,OP-2025-0110,,35.0000
OP-2025-0143,SA-EIXO-USIN,OP-2025-0123,,8.0000
OP-2025-0139,MP-ALU-A380,,100031,112.0000
OP-2025-0149,MP-CHAPA-3MM,,100037,195.2860
OP-2025-0146,MP-ALU-A380,,100031,153.0784
OP-2025-0146,MP-ALU-A380,,100038,99.3776
OP-2025-0147,SA-CARC-FUND,OP-2025-0120,,5.0000
OP-2025-0147,SA-CARC-FUND,OP-2025-0126,,32.0000
OP-2025-0142,SA-CARC-FUND,OP-2025-0126,,3.0000
OP-2025-0142,SA-CARC-FUND,OP-2025-0133,,32.0000
OP-2025-0144,MP-PARAF-M8,,100027,169.0000
OP-2025-0144,MP-PARAF-M8,,100039,111.0000
OP-2025-0144,MP-ROLAM-6205,,100036,70.0000
OP-2025-0144,SA-CARC-USIN,OP-2025-0397,,1.0000
OP-2025-0144,SA-CARC-USIN,OP-2025-0136,,24.0000
OP-2025-0144,SA-CARC-USIN,OP-2025-0147,,10.0000
OP-2025-0144,SA-EIXO-TEMP,OP-2025-0398,,1.0000
OP-2025-0144,SA-EIXO-TEMP,OP-2025-0143,,34.0000
OP-2025-0145,MP-ACO-1045,,100028,46.1086
OP-2025-0145,MP-ACO-1045,,100040,44.8914
OP-2025-0151,MP-ARAME-MIG,,100032,18.7000
OP-2025-0151,SA-SUPORTE-EST,OP-2025-0399,,7.0000
OP-2025-0151,SA-SUPORTE-EST,OP-2025-0137,,333.0000
OP-2025-0400,MP-OLEO-TEMPERA,,100030,6.1500
OP-2025-0400,SA-EIXO-USIN,OP-2025-0123,,41.0000
OP-2025-0153,MP-PARAF-M8,,100039,261.0000
OP-2025-0153,MP-ROLAM-6205,,100036,97.0000
OP-2025-0153,SA-CARC-USIN,OP-2025-0147,,25.0000
OP-2025-0153,SA-EIXO-TEMP,OP-2025-0143,,16.0000
OP-2025-0153,SA-EIXO-TEMP,OP-2025-0400,,34.0000
OP-2025-0150,MP-OLEO-TEMPERA,,100030,10.5000
OP-2025-0150,SA-EIXO-USIN,OP-2025-0123,,1.0000
OP-2025-0150,SA-EIXO-USIN,OP-2025-0134,,69.0000
OP-2025-0152,MP-OLEO-TEMPERA,,100030,4.7988
OP-2025-0152,MP-OLEO-TEMPERA,,100041,0.4512
OP-2025-0152,SA-EIXO-USIN,OP-2025-0134,,1.0000
OP-2025-0152,SA-EIXO-USIN,OP-2025-0130,,34.0000
OP-2025-0154,MP-ALU-A380,,100038,112.0000
OP-2025-0148,SA-CARC-FUND,OP-2025-0133,,2.0000
OP-2025-0148,SA-CARC-FUND,OP-2025-0135,,73.0000
OP-2025-0160,MP-TINTA-EPOXI,,100035,12.0000
OP-2025-0160,SA-SUPORTE-EST,OP-2025-0137,,7.0000
OP-2025-0160,SA-SUPORTE-EST,OP-2025-0149,,93.0000
OP-2025-0155,SA-CARC-FUND,OP-2025-0135,,2.0000
OP-2025-0155,SA-CARC-FUND,OP-2025-0139,,33.0000
OP-2025-0158,MP-OLEO-TEMPERA,,100041,10.5000
OP-2025-0158,SA-EIXO-USIN,OP-2025-0140,,70.0000
OP-2025-0156,SA-CARC-FUND,OP-2025-0139,,2.0000
OP-2025-0156,SA-CARC-FUND,OP-2025-0146,,33.0000
OP-2025-0161,MP-ACO-1045,,100040,91.0000
OP-2025-0163,MP-GAXETA-NBR,,100033,75.0000
OP-2025-0163,MP-ORING-40,,100034,150.0000
OP-2025-0163,MP-PARAF-M8,,100039,300.0000
OP-2025-0163,SA-CARC-USIN,OP-2025-0142,,35.0000
OP-2025-0163,SA-CARC-USIN,OP-2025-0148,,42.0000
OP-2025-0157,SA-CARC-FUND,OP-2025-0146,,40.0000
OP-2025-0157,SA-CARC-FUND,OP-2025-0154,,35.0000
OP-2025-0162,MP-PARAF-M8,,100039,350.0000
OP-2025-0162,MP-ROLAM-6205,,100036,140.0000
OP-2025-0162,SA-CARC-USIN,OP-2025-0148,,33.0000
OP-2025-0162,SA-CARC-USIN,OP-2025-0155,,2.0000
OP-2025-0162,SA-EIXO-TEMP,OP-2025-0400,,7.0000
OP-2025-0162,SA-EIXO-TEMP,OP-2025-0150,,63.0000
OP-2025-0164,MP-OLEO-TEMPERA,,100041,5.2500
OP-2025-0164,SA-EIXO-USIN,OP-2025-0145,,35.0000
OP-2025-0159,MP-PARAF-M8,,100039,298.0000
OP-2025-0159,MP-ROLAM-6205,,100036,70.0000
OP-2025-0159,SA-CARC-USIN,OP-2025-0155,,33.0000
OP-2025-0159,SA-CARC-USIN,OP-2025-0156,,2.0000
OP-2025-0159,SA-EIXO-TEMP,OP-2025-0150,,7.0000
OP-2025-0159,SA-EIXO-TEMP,OP-2025-0152,,28.0000
OP-2025-0166,MP-CHAPA-3MM,,100037,185.0000
OP-2025-0171,MP-PARAF-M8,,100039,280.0000
OP-2025-0171,MP-ROLAM-6205,,100036,70.0000
OP-2025-0171,SA-CARC-USIN,OP-2025-0156,,31.0000
OP-2025-0171,SA-CARC-USIN,OP-2025-0157,,4.0000
OP-2025-0171,SA-EIXO-TEMP,OP-2025-0152,,7.0000
OP-2025-0171,SA-EIXO-TEMP,OP-2025-0158,,28.0000
OP-2025-0169,MP-PARAF-M8,,100039,350.0000
OP-2025-0169,MP-ROLAM-6205,,100036,116.0000
OP-2025-0169,MP-ROLAM-6205,,100042,24.0000
OP-2025-0169,SA-CARC-USIN,OP-2025-0157,,35.0000
OP-2025-0169,SA-EIXO-TEMP,OP-2025-0158,,42.0000
OP-2025-0169,SA-EIXO-TEMP,OP-2025-0164,,28.0000
OP-2025-0402,MP-ALU-A380,,100038,19.2000
OP-2025-0167,MP-ALU-A380,,100038,269.4144
OP-2025-0401,SA-CARC-FUND,OP-2025-0402,,5.0000
OP-2025-0168,SA-CARC-FUND,OP-2025-0167,,36.0000
OP-2025-0172,MP-ACO-1045,,100040,246.7296
OP-2025-0177,MP-CHAPA-3MM,,100037,222.0000
OP-2025-0170,MP-ALU-A380,,100038,144.0000
OP-2025-0174,MP-TINTA-EPOXI,,100035,12.0000
OP-2025-0174,SA-SUPORTE-EST,OP-2025-0149,,7.0000
OP-2025-0174,SA-SUPORTE-EST,OP-2025-0166,,97.0000
OP-2025-0173,MP-GAXETA-NBR,,100033,7.0000
OP-2025-0173,MP-GAXETA-NBR,,100043,68.0000
OP-2025-0173,MP-ORING-40,,100034,150.0000
OP-2025-0173,MP-PARAF-M8,,100039,300.0000
OP-2025-0173,SA-CARC-USIN,OP-2025-0157,,36.0000
OP-2025-0173,SA-CARC-USIN,OP-2025-0168,,35.0000
OP-2025-0173,SA-CARC-USIN,OP-2025-0401,,4.0000
OP-2025-0179,SA-CARC-FUND,OP-2025-0402,,1.0000
OP-2025-0179,SA-CARC-FUND,OP-2025-0167,,40.0000
OP-2025-0179,SA-CARC-FUND,OP-2025-0170,,39.0000
OP-2025-0176,MP-OLEO-TEMPERA,,100041,5.2500
OP-2025-0176,SA-EIXO-USIN,OP-2025-0161,,35.0000
OP-2025-0403,MP-ALU-A380,,100038,147.2000
OP-2025-0178,MP-ACO-1045,,100040,142.3790
OP-2025-0178,MP-ACO-1045,,100044,4.4677
OP-2025-0181,SA-CARC-FUND,OP-2025-0170,,6.0000
OP-2025-0181,SA-CARC-FUND,OP-2025-0403,,39.0000
OP-2025-0183,MP-ALU-A380,,100038,144.0000
OP-2025-0404,MP-ACO-1045,,100044,101.4000
OP-2025-0405,MP-ALU-A380,,100038,19.2000
OP-2025-0182,MP-PARAF-M8,,100039,250.0000
OP-2025-0182,MP-PARAF-M8,,100045,30.0000
OP-2025-0182,MP-ROLAM-6205,,100042,75.0000
OP-2025-0182,SA-CARC-USIN,OP-2025-0401,,1.0000
OP-2025-0182,SA-CARC-USIN,OP-2025-0179,,34.0000
OP-2025-0182,SA-EIXO-TEMP,OP-2025-0164,,7.0000
OP-2025-0182,SA-EIXO-TEMP,OP-2025-0176,,28.0000
OP-2025-0190,MP-CHAPA-3MM,,100037,166.5000
OP-2025-0184,MP-OLEO-TEMPERA,,100041,13.5000
OP-2025-0184,SA-EIXO-USIN,OP-2025-0178,,55.0000
OP-2025-0184,SA-EIXO-USIN,OP-2025-0404,,35.0000
OP-2025-0187,SA-CARC-FUND,OP-2025-0403,,7.0000
OP-2025-0187,SA-CARC-FUND,OP-2025-0183,,45.0000
OP-2025-0187,SA-CARC-FUND,OP-2025-0405,,5.0000
OP-2025-0186,MP-ACO-1045,,100044,141.2840
OP-2025-0189,MP-ALU-A380,,100038,120.6080
OP-2025-0189,MP-ALU-A380,,100046,141.7408
OP-2025-0192,MP-CHAPA-3MM,,100037,222.0000
OP-2025-0191,MP-OLEO-TEMPERA,,100041,5.0488
OP-2025-0191,MP-OLEO-TEMPERA,,100047,3.2012
OP-2025-0191,SA-EIXO-USIN,OP-2025-0404,,4.0000
OP-2025-0191,SA-EIXO-USIN,OP-2025-0186,,51.0000
OP-2025-0198,MP-CHAPA-3MM,,100037,19.6052
OP-2025-0198,MP-CHAPA-3MM,,100048,146.8948
OP-2025-0185,MP-ACO-1045,,100044,234.0000
OP-2025-0195,SA-CARC-FUND,OP-2025-0405,,1.0000
OP-2025-0195,SA-CARC-FUND,OP-2025-0189,,54.0000
OP-2025-0406,MP-ALU-A380,,100046,211.2000
OP-2025-0407,MP-ALU-A380,,100046,124.8000
OP-2025-0188,MP-ARAME-MIG,,100032,4.5840
OP-2025-0188,MP-ARAME-MIG,,100049,2.0160
OP-2025-0188,SA-SUPORTE-EST,OP-2025-0166,,3.0000
OP-2025-0188,SA-SUPORTE-EST,OP-2025-0177,,117.0000
OP-2025-0197,MP-GAXETA-NBR,,100043,79.0000
OP-2025-0197,MP-ORING-40,,100034,160.0000
OP-2025-0197,MP-PARAF-M8,,100045,320.0000
OP-2025-0197,SA-CARC-USIN,OP-2025-0179,,46.0000
OP-2025-0197,SA-CARC-USIN,OP-2025-0181,,34.0000
OP-2025-0196,MP-CHAPA-3MM,,100048,222.0000
OP-2025-0200,SA-CARC-FUND,OP-2025-0189,,26.0000
OP-2025-0200,SA-CARC-FUND,OP-2025-0406,,54.0000
OP-2025-0193,SA-CARC-FUND,OP-2025-0406,,12.0000
OP-2025-0193,SA-CARC-FUND,OP-2025-0407,,36.0000
OP-2025-0194,MP-PARAF-M8,,100045,450.0000
OP-2025-0194,MP-ROLAM-6205,,100042,180.0000
OP-2025-0194,SA-CARC-USIN,OP-2025-0181,,8.0000
OP-2025-0194,SA-CARC-USIN,OP-2025-0187,,37.0000
OP-2025-0194,SA-EIXO-TEMP,OP-2025-0176,,6.0000
OP-2025-0194,SA-EIXO-TEMP,OP-2025-0184,,84.0000
OP-2025-0202,MP-TINTA-EPOXI,,100035,24.0000
OP-2025-0202,SA-ESTRUT-SOLD,OP-2025-0115,,30.0000
OP-2025-0374,MP-TINTA-EPOXI,,100035,0.8400
OP-2025-0374,SA-SUPORTE-EST,OP-2025-0190,,7.0000
OP-2025-0199,MP-TINTA-EPOXI,,100035,9.4268
OP-2025-0199,MP-TINTA-EPOXI,,100050,1.3732
OP-2025-0199,SA-SUPORTE-EST,OP-2025-0190,,83.0000
OP-2025-0199,SA-SUPORTE-EST,OP-2025-0192,,7.0000
OP-2025-0205,MP-OLEO-TEMPERA,,100047,13.5000
OP-2025-0205,SA-EIXO-USIN,OP-2025-0186,,4.0000
OP-2025-0205,SA-EIXO-USIN,OP-2025-0185,,86.0000
OP-2025-0208,MP-TINTA-EPOXI,,100050,10.8000
OP-2025-0208,SA-SUPORTE-EST,OP-2025-0192,,90.0000
OP-2025-0408,MP-ACO-1045,,100044,143.0000
OP-2025-0201,MP-OLEO-TEMPERA,,100047,8.2500
OP-2025-0201,SA-EIXO-USIN,OP-2025-0185,,4.0000
OP-2025-0201,SA-EIXO-USIN,OP-2025-0408,,51.0000
OP-2025-0203,MP-ARAME-MIG,,100049,6.6000
OP-2025-0203,SA-SUPORTE-EST,OP-2025-0192,,23.0000
OP-2025-0203,SA-SUPORTE-EST,OP-2025-0198,,90.0000
OP-2025-0203,SA-SUPORTE-EST,OP-2025-0196,,15.0000
OP-2025-0204,MP-PARAF-M8,,100045,463.0000
OP-2025-0204,MP-ROLAM-6205,,100042,110.0000
OP-2025-0204,SA-CARC-USIN,OP-2025-0187,,18.0000
OP-2025-0204,SA-CARC-USIN,OP-2025-0195,,37.0000
OP-2025-0204,SA-EIXO-TEMP,OP-2025-0184,,6.0000
OP-2025-0204,SA-EIXO-TEMP,OP-2025-0191,,49.0000
OP-2025-0206,MP-ALU-A380,,100046,236.4768
OP-2025-0214,MP-TINTA-EPOXI,,100050,24.0000
OP-2025-0214,SA-ESTRUT-SOLD,OP-2025-0115,,7.0000
OP-2025-0214,SA-ESTRUT-SOLD,OP-2025-0151,,23.0000
OP-2025-0210,MP-PARAF-M8,,100045,440.0000
OP-2025-0210,MP-ROLAM-6205,,100042,110.0000
OP-2025-0210,SA-CARC-USIN,OP-2025-0195,,18.0000
OP-2025-0210,SA-CARC-USIN,OP-2025-0200,,41.0000
OP-2025-0210,SA-EIXO-TEMP,OP-2025-0191,,6.0000
OP-2025-0210,SA-EIXO-TEMP,OP-2025-0205,,49.0000
OP-2025-0409,MP-CHAPA-3MM,,100048,42.5500
OP-2025-0207,MP-ARAME-MIG,,100049,6.6000
OP-2025-0207,SA-SUPORTE-EST,OP-2025-0196,,102.0000
OP-2025-0207,SA-SUPORTE-EST,OP-2025-0409,,18.0000
OP-2025-0209,MP-ACO-1045,,100044,133.4320
OP-2025-0217,MP-CHAPA-3MM,,100048,370.0000
OP-2025-0410,SA-CARC-FUND,OP-2025-0407,,3.0000
OP-2025-0410,SA-CARC-FUND,OP-2025-0206,,47.0000
OP-2025-0211,MP-ALU-A380,,100046,86.0160
OP-2025-0212,MP-ALU-A380,,100046,384.0000
OP-2025-0213,MP-ACO-1045,,100044,67.4163
OP-2025-0213,MP-ACO-1045,,100051,248.4837
OP-2025-0216,MP-GAXETA-NBR,,100043,3.0000
OP-2025-0216,MP-GAXETA-NBR,,100052,77.0000
OP-2025-0216,MP-ORING-40,,100034,10.0000
OP-2025-0216,MP-ORING-40,,100053,150.0000
OP-2025-0216,MP-PARAF-M8,,100045,320.0000
OP-2025-0216,SA-CARC-USIN,OP-2025-0200,,39.0000
OP-2025-0216,SA-CARC-USIN,OP-2025-0193,,41.0000
OP-2025-0215,MP-PARAF-M8,,100045,450.0000
OP-2025-0215,MP-ROLAM-6205,,100042,1.0000
OP-2025-0215,MP-ROLAM-6205,,100054,179.0000
OP-2025-0215,SA-CARC-USIN,OP-2025-0193,,4.0000
OP-2025-0215,SA-CARC-USIN,OP-2025-0410,,44.0000
OP-2025-0215,SA-EIXO-TEMP,OP-2025-0205,,41.0000
OP-2025-0215,SA-EIXO-TEMP,OP-2025-0201,,49.0000
OP-2025-0218,MP-ALU-A380,,100046,215.7664
OP-2025-0218,MP-ALU-A380,,100055,8.2336
OP-2025-0219,MP-TINTA-EPOXI,,100050,24.9624
OP-2025-0219,SA-ESTRUT-SOLD,OP-2025-0151,,32.0000
OP-2025-0220,SA-CARC-FUND,OP-2025-0206,,23.0000
OP-2025-0220,SA-CARC-FUND,OP-2025-0211,,4.0000
OP-2025-0225,MP-OLEO-TEMPERA,,100047,15.0488
OP-2025-0225,MP-OLEO-TEMPERA,,100056,2.9512
OP-2025-0225,SA-EIXO-USIN,OP-2025-0408,,4.0000
OP-2025-0225,SA-EIXO-USIN,OP-2025-0209,,47.0000
OP-2025-0225,SA-EIXO-USIN,OP-2025-0213,,69.0000
OP-2025-0221,SA-CARC-FUND,OP-2025-0211,,21.0000
OP-2025-0221,SA-CARC-FUND,OP-2025-0212,,49.0000
OP-2025-0223,MP-OLEO-TEMPERA,,100056,7.5000
OP-2025-0223,SA-EIXO-USIN,OP-2025-0213,,50.0000
OP-2025-0224,MP-CHAPA-3MM,,100048,93.5552
OP-2025-0224,MP-CHAPA-3MM,,100057,82.1948
OP-2025-0222,SA-CARC-FUND,OP-2025-0212,,66.0000
OP-2025-0222,SA-CARC-FUND,OP-2025-0218,,56.0000
OP-2025-0233,MP-TINTA-EPOXI,,100050,11.4000
OP-2025-0233,SA-SUPORTE-EST,OP-2025-0409,,5.0000
OP-2025-0233,SA-SUPORTE-EST,OP-2025-0217,,90.0000
OP-2025-0411,MP-CHAPA-3MM,,100057,12.9500
OP-2025-0228,MP-ARAME-MIG,,100049,9.7840
OP-2025-0228,MP-ARAME-MIG,,100058,1.2160
OP-2025-0228,SA-SUPORTE-EST,OP-2025-0217,,105.0000
OP-2025-0228,SA-SUPORTE-EST,OP-2025-0224,,89.0000
OP-2025-0228,SA-SUPORTE-EST,OP-2025-0411,,6.0000
OP-2025-0412,MP-ALU-A380,,100055,211.2000
OP-2025-0232,SA-CARC-FUND,OP-2025-0218,,11.0000
OP-2025-0232,SA-CARC-FUND,OP-2025-0412,,59.0000
OP-2025-0227,MP-ACO-1045,,100051,136.1620
OP-2025-0230,MP-ALU-A380,,100055,80.0000
OP-2025-0234,MP-PARAF-M8,,100045,250.0000
OP-2025-0234,MP-ROLAM-6205,,100054,100.0000
OP-2025-0234,SA-CARC-USIN,OP-2025-0410,,6.0000
OP-2025-0234,SA-CARC-USIN,OP-2025-0220,,18.0000
OP-2025-0234,SA-EIXO-TEMP,OP-2025-0201,,6.0000
OP-2025-0234,SA-EIXO-TEMP,OP-2025-0225,,44.0000
OP-2025-0237,MP-CHAPA-3MM,,100057,172.8150
OP-2025-0226,MP-ALU-A380,,100055,80.0000
OP-2025-0231,MP-ACO-1045,,100051,65.3543
OP-2025-0231,MP-ACO-1045,,100059,64.6457
OP-2025-0236,MP-PARAF-M8,,100045,127.0000
OP-2025-0236,MP-PARAF-M8,,100060,833.0000
OP-2025-0236,MP-ROLAM-6205,,100054,240.0000
OP-2025-0236,SA-CARC-USIN,OP-2025-0220,,7.0000
OP-2025-0236,SA-CARC-USIN,OP-2025-0221,,70.0000
OP-2025-0236,SA-CARC-USIN,OP-2025-0222,,43.0000
OP-2025-0236,SA-EIXO-TEMP,OP-2025-0225,,76.0000
OP-2025-0236,SA-EIXO-TEMP,OP-2025-0223,,44.0000
OP-2025-0238,MP-TINTA-EPOXI,,100050,7.4644
OP-2025-0238,MP-TINTA-EPOXI,,100061,32.5356
OP-2025-0238,SA-ESTRUT-SOLD,OP-2025-0151,,27.0000
OP-2025-0238,SA-ESTRUT-SOLD,OP-2025-0188,,23.0000
OP-2025-0243,MP-OLEO-TEMPERA,,100056,7.5000
OP-2025-0243,SA-EIXO-USIN,OP-2025-0213,,1.0000
OP-2025-0243,SA-EIXO-USIN,OP-2025-0227,,49.0000
OP-2025-0239,MP-GAXETA-NBR,,100052,70.0000
OP-2025-0239,MP-ORING-40,,100053,151.0000
OP-2025-0239,MP-PARAF-M8,,100060,280.0000
OP-2025-0239,SA-CARC-USIN,OP-2025-0222,,70.0000
OP-2025-0240,MP-ALU-A380,,100055,464.0000
OP-2025-0241,SA-CARC-FUND,OP-2025-0412,,7.0000
OP-2025-0241,SA-CARC-FUND,OP-2025-0230,,18.0000
OP-2025-0242,SA-CARC-FUND,OP-2025-0230,,6.0000
OP-2025-0242,SA-CARC-FUND,OP-2025-0226,,19.0000
OP-2025-0245,MP-TINTA-EPOXI,,100061,40.0000
OP-2025-0245,SA-ESTRUT-SOLD,OP-2025-0188,,7.0000
OP-2025-0245,SA-ESTRUT-SOLD,OP-2025-0203,,28.0000
OP-2025-0245,SA-ESTRUT-SOLD,OP-2025-0207,,15.0000
OP-2025-0246,MP-TINTA-EPOXI,,100061,7.4644
OP-2025-0246,MP-TINTA-EPOXI,,100062,3.9356
OP-2025-0246,SA-SUPORTE-EST,OP-2025-0411,,1.0000
OP-2025-0246,SA-SUPORTE-EST,OP-2025-0237,,94.0000
OP-2025-0244,MP-ALU-A380,,100055,97.5648
OP-2025-0250,MP-GAXETA-NBR,,100052,3.0000
OP-2025-0250,MP-GAXETA-NBR,,100063,67.0000
OP-2025-0250,MP-ORING-40,,100053,140.0000
OP-2025-0250,MP-PARAF-M8,,100060,280.0000
OP-2025-0250,SA-CARC-USIN,OP-2025-0222,,7.0000
OP-2025-0250,SA-CARC-USIN,OP-2025-0232,,63.0000
OP-2025-0253,SA-CARC-FUND,OP-2025-0226,,4.0000
OP-2025-0253,SA-CARC-FUND,OP-2025-0240,,135.0000
OP-2025-0253,SA-CARC-FUND,OP-2025-0244,,6.0000
OP-2025-0247,MP-ALU-A380,,100055,144.0000
OP-2025-0248,MP-OLEO-TEMPERA,,100056,7.5000
OP-2025-0248,SA-EIXO-USIN,OP-2025-0227,,1.0000
OP-2025-0248,SA-EIXO-USIN,OP-2025-0231,,49.0000
OP-2025-0249,MP-ACO-1045,,100059,165.0792
OP-2025-0254,MP-ALU-A380,,100055,90.0016
OP-2025-0254,MP-ALU-A380,,100064,56.0720
OP-2025-0255,MP-CHAPA-3MM,,100057,296.0000
OP-2025-0251,MP-ACO-1045,,100059,121.0131
OP-2025-0252,MP-PARAF-M8,,100060,264.0000
OP-2025-0252,MP-ROLAM-6205,,100054,100.0000
OP-2025-0252,SA-CARC-USIN,OP-2025-0232,,7.0000
OP-2025-0252,SA-CARC-USIN,OP-2025-0241,,18.0000
OP-2025-0252,SA-EIXO-TEMP,OP-2025-0223,,6.0000
OP-2025-0252,SA-EIXO-TEMP,OP-2025-0243,,44.0000
OP-2025-0375,MP-PARAF-M8,,100060,10.0000
OP-2025-0375,MP-ROLAM-6205,,100054,4.0000
OP-2025-0375,SA-CARC-USIN,OP-2025-0241,,1.0000
OP-2025-0375,SA-EIXO-TEMP,OP-2025-0243,,2.0000
OP-2025-0258,MP-ACO-1045,,100059,114.6600
OP-2025-0262,MP-OLEO-TEMPERA,,100056,9.0000
OP-2025-0262,SA-EIXO-USIN,OP-2025-0231,,1.0000
OP-2025-0262,SA-EIXO-USIN,OP-2025-0249,,59.0000
OP-2025-0263,MP-CHAPA-3MM,,100057,136.0402
OP-2025-0263,MP-CHAPA-3MM,,100065,159.9598
OP-2025-0256,MP-ALU-A380,,100064,96.0000
OP-2025-0261,MP-ACO-1045,,100059,9.6020
OP-2025-0261,MP-ACO-1045,,100066,146.3980
OP-2025-0257,SA-CARC-FUND,OP-2025-0244,,24.0000
OP-2025-0257,SA-CARC-FUND,OP-2025-0247,,6.0000
OP-2025-0259,MP-PARAF-M8,,100060,250.0000
OP-2025-0259,MP-ROLAM-6205,,100054,77.0000
OP-2025-0259,MP-ROLAM-6205,,100067,23.0000
OP-2025-0259,SA-CARC-USIN,OP-2025-0241,,6.0000
OP-2025-0259,SA-CARC-USIN,OP-2025-0242,,19.0000
OP-2025-0259,SA-EIXO-TEMP,OP-2025-0243,,4.0000
OP-2025-0259,SA-EIXO-TEMP,OP-2025-0248,,46.0000
OP-2025-0264,MP-ARAME-MIG,,100058,9.2928
OP-2025-0264,SA-SUPORTE-EST,OP-2025-0237,,1.0000
OP-2025-0264,SA-SUPORTE-EST,OP-2025-0255,,159.0000
OP-2025-0267,MP-CHAPA-3MM,,100065,157.6940
OP-2025-0260,SA-CARC-FUND,OP-2025-0247,,39.0000
OP-2025-0260,SA-CARC-FUND,OP-2025-0256,,9.0000
OP-2025-0265,MP-OLEO-TEMPERA,,100056,6.7500
OP-2025-0265,SA-EIXO-USIN,OP-2025-0249,,1.0000
OP-2025-0265,SA-EIXO-USIN,OP-2025-0251,,42.0000
OP-2025-0265,SA-EIXO-USIN,OP-2025-0258,,2.0000
OP-2025-0413,MP-ALU-A380,,100064,99.2000
OP-2025-0266,SA-CARC-FUND,OP-2025-0256,,20.0000
OP-2025-0266,SA-CARC-FUND,OP-2025-0413,,25.0000
OP-2025-0414,MP-ALU-A380,,100064,86.4000
OP-2025-0268,MP-GAXETA-NBR,,100063,133.0000
OP-2025-0268,MP-GAXETA-NBR,,100068,12.0000
OP-2025-0268,MP-ORING-40,,100053,9.0000
OP-2025-0268,MP-ORING-40,,100069,281.0000
OP-2025-0268,MP-PARAF-M8,,100060,580.0000
OP-2025-0268,SA-CARC-USIN,OP-2025-0242,,4.0000
OP-2025-0268,SA-CARC-USIN,OP-2025-0253,,141.0000
OP-2025-0269,SA-CARC-FUND,OP-2025-0413,,6.0000
OP-2025-0269,SA-CARC-FUND,OP-2025-0414,,24.0000
OP-2025-0271,MP-PARAF-M8,,100060,300.0000
OP-2025-0271,MP-ROLAM-6205,,100067,120.0000
OP-2025-0271,SA-CARC-USIN,OP-2025-0253,,4.0000
OP-2025-0271,SA-CARC-USIN,OP-2025-0257,,26.0000
OP-2025-0271,SA-EIXO-TEMP,OP-2025-0248,,4.0000
OP-2025-0271,SA-EIXO-TEMP,OP-2025-0262,,56.0000
OP-2025-0272,MP-ARAME-MIG,,100058,8.8000
OP-2025-0272,SA-SUPORTE-EST,OP-2025-0255,,1.0000
OP-2025-0272,SA-SUPORTE-EST,OP-2025-0263,,150.0000
OP-2025-0272,SA-SUPORTE-EST,OP-2025-0267,,9.0000
OP-2025-0273,MP-PARAF-M8,,100060,3.0000
OP-2025-0273,MP-PARAF-M8,,100070,357.0000
OP-2025-0273,MP-ROLAM-6205,,100067,90.0000
OP-2025-0273,SA-CARC-USIN,OP-2025-0257,,3.0000
OP-2025-0273,SA-CARC-USIN,OP-2025-0260,,43.0000
OP-2025-0273,SA-EIXO-TEMP,OP-2025-0262,,4.0000
OP-2025-0273,SA-EIXO-TEMP,OP-2025-0265,,41.0000
OP-2025-0274,MP-TINTA-EPOXI,,100062,34.1600
OP-2025-0274,SA-ESTRUT-SOLD,OP-2025-0207,,15.0000
OP-2025-0274,SA-ESTRUT-SOLD,OP-2025-0228,,25.0000
OP-2025-0270,MP-OLEO-TEMPERA,,100056,6.7500
OP-2025-0270,SA-EIXO-USIN,OP-2025-0258,,43.0000
OP-2025-0270,SA-EIXO-USIN,OP-2025-0261,,2.0000
OP-2025-0278,MP-CHAPA-3MM,,100065,152.8396
OP-2025-0279,MP-ALU-A380,,100064,458.4384
OP-2025-0416,MP-ACO-1045,,100066,28.6000
OP-2025-0275,MP-ALU-A380,,100064,82.2800
OP-2025-0280,MP-PARAF-M8,,100070,360.0000
OP-2025-0280,MP-ROLAM-6205,,100067,90.0000
OP-2025-0280,SA-CARC-USIN,OP-2025-0260,,2.0000
OP-2025-0280,SA-CARC-USIN,OP-2025-0266,,43.0000
OP-2025-0280,SA-EIXO-TEMP,OP-2025-0265,,4.0000
OP-2025-0280,SA-EIXO-TEMP,OP-2025-0270,,41.0000
OP-2025-0415,MP-OLEO-TEMPERA,,100056,10.2000
OP-2025-0415,SA-EIXO-USIN,OP-2025-0261,,58.0000
OP-2025-0415,SA-EIXO-USIN,OP-2025-0416,,10.0000
OP-2025-0417,MP-ACO-1045,,100066,192.4000
OP-2025-0285,MP-PARAF-M8,,100070,300.0000
OP-2025-0285,MP-ROLAM-6205,,100067,120.0000
OP-2025-0285,SA-CARC-USIN,OP-2025-0266,,2.0000
OP-2025-0285,SA-CARC-USIN,OP-2025-0269,,28.0000
OP-2025-0285,SA-EIXO-TEMP,OP-2025-0270,,4.0000
OP-2025-0285,SA-EIXO-TEMP,OP-2025-0415,,60.0000
OP-2025-0277,MP-OLEO-TEMPERA,,100056,1.8488
OP-2025-0277,MP-OLEO-TEMPERA,,100071,7.1512
OP-2025-0277,SA-EIXO-USIN,OP-2025-0416,,1.0000
OP-2025-0277,SA-EIXO-USIN,OP-2025-0417,,59.0000
OP-2025-0284,MP-TINTA-EPOXI,,100062,33.4944
OP-2025-0284,SA-ESTRUT-SOLD,OP-2025-0228,,22.0000
OP-2025-0284,SA-ESTRUT-SOLD,OP-2025-0264,,18.0000
OP-2025-0289,MP-CHAPA-3MM,,100065,185.0000
OP-2025-0283,MP-ACO-1045,,100066,130.0000
OP-2025-0286,MP-TINTA-EPOXI,,100062,9.9638
OP-2025-0286,SA-SUPORTE-EST,OP-2025-0267,,71.0000
OP-2025-0286,SA-SUPORTE-EST,OP-2025-0278,,10.0000
OP-2025-0282,MP-ACO-1045,,100066,104.0000
OP-2025-0291,MP-ALU-A380,,100064,80.0000
OP-2025-0294,MP-CHAPA-3MM,,100065,19.5066
OP-2025-0294,MP-CHAPA-3MM,,100072,162.8849
OP-2025-0288,SA-CARC-FUND,OP-2025-0414,,3.0000
OP-2025-0288,SA-CARC-FUND,OP-2025-0279,,22.0000
OP-2025-0298,MP-CHAPA-3MM,,100072,92.5000
OP-2025-0418,MP-ALU-A380,,100064,70.4000
OP-2025-0287,SA-CARC-FUND,OP-2025-0279,,113.0000
OP-2025-0287,SA-CARC-FUND,OP-2025-0275,,24.0000
OP-2025-0287,SA-CARC-FUND,OP-2025-0291,,3.0000
OP-2025-0290,SA-CARC-FUND,OP-2025-0291,,22.0000
OP-2025-0290,SA-CARC-FUND,OP-2025-0418,,18.0000
OP-2025-0292,MP-ACO-1045,,100066,134.4850
OP-2025-0295,MP-ALU-A380,,100064,128.0000
OP-2025-0293,MP-OLEO-TEMPERA,,100071,6.0000
OP-2025-0293,SA-EIXO-USIN,OP-2025-0417,,15.0000
OP-2025-0293,SA-EIXO-USIN,OP-2025-0282,,25.0000
OP-2025-0297,MP-ARAME-MIG,,100058,5.6912
OP-2025-0297,MP-ARAME-MIG,,100073,0.0739
OP-2025-0297,SA-SUPORTE-EST,OP-2025-0278,,70.0000
OP-2025-0297,SA-SUPORTE-EST,OP-2025-0289,,30.0000
OP-2025-0299,SA-CARC-FUND,OP-2025-0418,,4.0000
OP-2025-0299,SA-CARC-FUND,OP-2025-0295,,21.0000
OP-2025-0306,MP-CHAPA-3MM,,100072,92.5000
OP-2025-0310,MP-OLEO-TEMPERA,,100071,7.5000
OP-2025-0310,SA-EIXO-USIN,OP-2025-0282,,15.0000
OP-2025-0310,SA-EIXO-USIN,OP-2025-0292,,35.0000
OP-2025-0419,MP-ACO-1045,,100066,64.1170
OP-2025-0419,MP-ACO-1045,,100075,37.2830
OP-2025-0303,MP-GAXETA-NBR,,100068,135.0000
OP-2025-0303,MP-ORING-40,,100069,119.0000
OP-2025-0303,MP-ORING-40,,100074,151.0000
OP-2025-0303,MP-PARAF-M8,,100070,540.0000
OP-2025-0303,SA-CARC-USIN,OP-2025-0269,,2.0000
OP-2025-0303,SA-CARC-USIN,OP-2025-0288,,25.0000
OP-2025-0303,SA-CARC-USIN,OP-2025-0287,,108.0000
OP-2025-0296,MP-OLEO-TEMPERA,,100071,7.3185
OP-2025-0296,SA-EIXO-USIN,OP-2025-0292,,15.0000
OP-2025-0296,SA-EIXO-USIN,OP-2025-0419,,35.0000
OP-2025-0305,MP-TINTA-EPOXI,,100062,6.0000
OP-2025-0305,SA-SUPORTE-EST,OP-2025-0289,,53.0000
OP-2025-0308,MP-TINTA-EPOXI,,100062,20.0000
OP-2025-0308,SA-ESTRUT-SOLD,OP-2025-0264,,22.0000
OP-2025-0308,SA-ESTRUT-SOLD,OP-2025-0272,,3.0000
OP-2025-0301,MP-PARAF-M8,,100070,320.0000
OP-2025-0301,MP-ROLAM-6205,,100067,57.0000
OP-2025-0301,MP-ROLAM-6205,,100076,23.0000
OP-2025-0301,SA-CARC-USIN,OP-2025-0287,,19.0000
OP-2025-0301,SA-CARC-USIN,OP-2025-0290,,21.0000
OP-2025-0301,SA-EIXO-TEMP,OP-2025-0415,,8.0000
OP-2025-0301,SA-EIXO-TEMP,OP-2025-0277,,33.0000
OP-2025-0304,MP-ARAME-MIG,,100073,5.9103
OP-2025-0304,SA-SUPORTE-EST,OP-2025-0289,,12.0000
OP-2025-0304,SA-SUPORTE-EST,OP-2025-0294,,90.0000
OP-2025-0300,MP-ACO-1045,,100075,104.0000
OP-2025-0420,MP-ALU-A380,,100064,18.2096
OP-2025-0420,MP-ALU-A380,,100077,64.9904
OP-2025-0302,MP-PARAF-M8,,100070,258.0000
OP-2025-0302,MP-ROLAM-6205,,100076,100.0000
OP-2025-0302,SA-CARC-USIN,OP-2025-0290,,17.0000
OP-2025-0302,SA-CARC-USIN,OP-2025-0299,,8.0000
OP-2025-0302,SA-EIXO-TEMP,OP-2025-0277,,27.0000
OP-2025-0302,SA-EIXO-TEMP,OP-2025-0293,,23.0000
OP-2025-0307,MP-CHAPA-3MM,,100072,185.0000
OP-2025-0309,SA-CARC-FUND,OP-2025-0295,,19.0000
OP-2025-0309,SA-CARC-FUND,OP-2025-0420,,22.0000
OP-2025-0314,MP-ARAME-MIG,,100073,5.5000
OP-2025-0314,SA-SUPORTE-EST,OP-2025-0294,,10.0000
OP-2025-0314,SA-SUPORTE-EST,OP-2025-0298,,50.0000
OP-2025-0314,SA-SUPORTE-EST,OP-2025-0306,,46.0000
OP-2025-0315,MP-TINTA-EPOXI,,100062,21.5940
OP-2025-0315,SA-ESTRUT-SOLD,OP-2025-0272,,25.0000
OP-2025-0317,MP-ACO-1045,,100075,241.5348
OP-2025-0318,MP-ACO-1045,,100075,91.0000
OP-2025-0320,MP-TINTA-EPOXI,,100062,6.2982
OP-2025-0320,SA-SUPORTE-EST,OP-2025-0306,,1.0000
OP-2025-0320,SA-SUPORTE-EST,OP-2025-0307,,49.0000
OP-2025-0321,MP-CHAPA-3MM,,100072,192.1151
OP-2025-0321,MP-CHAPA-3MM,,100078,66.8849
OP-2025-0319,MP-PARAF-M8,,100070,15.0000
OP-2025-0319,MP-PARAF-M8,,100079,235.0000
OP-2025-0319,MP-ROLAM-6205,,100076,100.0000
OP-2025-0319,SA-CARC-USIN,OP-2025-0299,,17.0000
OP-2025-0319,SA-CARC-USIN,OP-2025-0309,,8.0000
OP-2025-0319,SA-EIXO-TEMP,OP-2025-0293,,17.0000
OP-2025-0319,SA-EIXO-TEMP,OP-2025-0310,,33.0000
OP-2025-0376,MP-PARAF-M8,,100079,20.0000
OP-2025-0376,MP-ROLAM-6205,,100076,8.0000
OP-2025-0376,SA-CARC-USIN,OP-2025-0309,,2.0000
OP-2025-0376,SA-EIXO-TEMP,OP-2025-0310,,4.0000
OP-2025-0316,MP-ALU-A380,,100077,112.0000
OP-2025-0311,MP-ALU-A380,,100077,176.0000
OP-2025-0312,MP-ALU-A380,,100077,144.0000
OP-2025-0313,MP-OLEO-TEMPERA,,100071,6.0000
OP-2025-0313,SA-EIXO-USIN,OP-2025-0419,,4.0000
OP-2025-0313,SA-EIXO-USIN,OP-2025-0300,,36.0000
OP-2025-0323,MP-ALU-A380,,100077,112.0000
OP-2025-0328,MP-TINTA-EPOXI,,100062,4.5540
OP-2025-0328,MP-TINTA-EPOXI,,100080,15.4460
OP-2025-0328,SA-ESTRUT-SOLD,OP-2025-0272,,12.0000
OP-2025-0328,SA-ESTRUT-SOLD,OP-2025-0297,,13.0000
OP-2025-0324,MP-CHAPA-3MM,,100078,91.2790
OP-2025-0421,SA-CARC-FUND,OP-2025-0420,,4.0000
OP-2025-0421,SA-CARC-FUND,OP-2025-0316,,7.0000
OP-2025-0322,MP-PARAF-M8,,100079,320.0000
OP-2025-0322,MP-ROLAM-6205,,100076,80.0000
OP-2025-0322,SA-CARC-USIN,OP-2025-0309,,30.0000
OP-2025-0322,SA-CARC-USIN,OP-2025-0421,,10.0000
OP-2025-0322,SA-EIXO-TEMP,OP-2025-0310,,13.0000
OP-2025-0322,SA-EIXO-TEMP,OP-2025-0296,,27.0000
OP-2025-0333,MP-TINTA-EPOXI,,100080,6.0000
OP-2025-0333,SA-SUPORTE-EST,OP-2025-0307,,50.0000
OP-2025-0326,SA-CARC-FUND,OP-2025-0316,,28.0000
OP-2025-0326,SA-CARC-FUND,OP-2025-0311,,18.0000
OP-2025-0331,MP-ARAME-MIG,,100073,7.7000
OP-2025-0331,SA-SUPORTE-EST,OP-2025-0307,,1.0000
OP-2025-0331,SA-SUPORTE-EST,OP-2025-0321,,139.0000
OP-2025-0332,MP-OLEO-TEMPERA,,100071,6.0303
OP-2025-0332,MP-OLEO-TEMPERA,,100081,7.7087
OP-2025-0332,SA-EIXO-USIN,OP-2025-0300,,4.0000
OP-2025-0332,SA-EIXO-USIN,OP-2025-0317,,86.0000
OP-2025-0329,MP-ALU-A380,,100077,176.0000
OP-2025-0330,MP-ACO-1045,,100075,91.0000
OP-2025-0325,SA-CARC-FUND,OP-2025-0311,,37.0000
OP-2025-0325,SA-CARC-FUND,OP-2025-0312,,18.0000
OP-2025-0327,SA-CARC-FUND,OP-2025-0312,,27.0000
OP-2025-0327,SA-CARC-FUND,OP-2025-0323,,8.0000
OP-2025-0335,MP-CHAPA-3MM,,100078,92.5000
OP-2025-0341,MP-TINTA-EPOXI,,100080,28.0000
OP-2025-0341,SA-ESTRUT-SOLD,OP-2025-0297,,12.0000
OP-2025-0341,SA-ESTRUT-SOLD,OP-2025-0304,,23.0000
OP-2025-0422,MP-ALU-A380,,100077,28.8000
OP-2025-0336,SA-CARC-FUND,OP-2025-0323,,27.0000
OP-2025-0336,SA-CARC-FUND,OP-2025-0329,,8.0000
OP-2025-0337,MP-CHAPA-3MM,,100078,259.0000
OP-2025-0338,SA-CARC-FUND,OP-2025-0329,,47.0000
OP-2025-0338,SA-CARC-FUND,OP-2025-0422,,7.0000
OP-2025-0343,MP-TINTA-EPOXI,,100080,6.0000
OP-2025-0343,SA-SUPORTE-EST,OP-2025-0321,,1.0000
OP-2025-0343,SA-SUPORTE-EST,OP-2025-0324,,49.0000
OP-2025-0346,MP-CHAPA-3MM,,100078,92.5000
OP-2025-0342,MP-GAXETA-NBR,,100068,53.0000
OP-2025-0342,MP-GAXETA-NBR,,100082,2.0000
OP-2025-0342,MP-ORING-40,,100074,99.0000
OP-2025-0342,MP-ORING-40,,100083,11.0000
OP-2025-0342,MP-PARAF-M8,,100079,220.0000
OP-2025-0342,SA-CARC-USIN,OP-2025-0421,,1.0000
OP-2025-0342,SA-CARC-USIN,OP-2025-0326,,45.0000
OP-2025-0342,SA-CARC-USIN,OP-2025-0325,,10.0000
OP-2025-0334,MP-OLEO-TEMPERA,,100081,5.2500
OP-2025-0334,SA-EIXO-USIN,OP-2025-0317,,4.0000
OP-2025-0334,SA-EIXO-USIN,OP-2025-0318,,31.0000
OP-2025-0340,MP-PARAF-M8,,100079,477.0000
OP-2025-0340,MP-ROLAM-6205,,100076,186.0000
OP-2025-0340,SA-CARC-USIN,OP-2025-0325,,43.0000
OP-2025-0340,SA-CARC-USIN,OP-2025-0327,,2.0000
OP-2025-0340,SA-EIXO-TEMP,OP-2025-0296,,23.0000
OP-2025-0340,SA-EIXO-TEMP,OP-2025-0313,,40.0000
OP-2025-0340,SA-EIXO-TEMP,OP-2025-0332,,31.0000
OP-2025-0339,MP-PARAF-M8,,100079,280.0000
OP-2025-0339,MP-ROLAM-6205,,100076,53.0000
OP-2025-0339,MP-ROLAM-6205,,100084,17.0000
OP-2025-0339,SA-CARC-USIN,OP-2025-0327,,33.0000
OP-2025-0339,SA-CARC-USIN,OP-2025-0336,,2.0000
OP-2025-0339,SA-EIXO-TEMP,OP-2025-0332,,35.0000
OP-2025-0345,MP-ARAME-MIG,,100073,7.7000
OP-2025-0345,SA-SUPORTE-EST,OP-2025-0324,,1.0000
OP-2025-0345,SA-SUPORTE-EST,OP-2025-0335,,50.0000
OP-2025-0345,SA-SUPORTE-EST,OP-2025-0337,,89.0000
OP-2025-0347,MP-ALU-A380,,100077,64.0000
OP-2025-0348,MP-ACO-1045,,100075,109.4080
OP-2025-0344,MP-OLEO-TEMPERA,,100081,5.3508
OP-2025-0344,SA-EIXO-USIN,OP-2025-0318,,4.0000
OP-2025-0344,SA-EIXO-USIN,OP-2025-0330,,31.0000
OP-2025-0423,SA-CARC-FUND,OP-2025-0422,,2.0000
OP-2025-0423,SA-CARC-FUND,OP-2025-0347,,3.0000
OP-2025-0350,MP-GAXETA-NBR,,100082,55.0000
OP-2025-0350,MP-ORING-40,,100083,110.0000
OP-2025-0350,MP-PARAF-M8,,100079,229.0000
OP-2025-0350,SA-CARC-USIN,OP-2025-0336,,33.0000
OP-2025-0350,SA-CARC-USIN,OP-2025-0338,,22.0000
OP-2025-0349,MP-PARAF-M8,,100079,280.0000
OP-2025-0349,MP-ROLAM-6205,,100084,71.0000
OP-2025-0349,SA-CARC-USIN,OP-2025-0338,,31.0000
OP-2025-0349,SA-CARC-USIN,OP-2025-0423,,4.0000
OP-2025-0349,SA-EIXO-TEMP,OP-2025-0332,,24.0000
OP-2025-0349,SA-EIXO-TEMP,OP-2025-0334,,11.0000
OP-2025-0352,MP-TINTA-EPOXI,,100080,4.5540
OP-2025-0352,MP-TINTA-EPOXI,,100085,1.4460
OP-2025-0352,SA-SUPORTE-EST,OP-2025-0337,,50.0000
OP-2025-0351,MP-ALU-A380,,100077,256.0000
OP-2025-0353,MP-ALU-A380,,100077,144.0000
OP-2025-0354,MP-TINTA-EPOXI,,100085,27.7228
OP-2025-0354,SA-ESTRUT-SOLD,OP-2025-0304,,2.0000
OP-2025-0354,SA-ESTRUT-SOLD,OP-2025-0314,,24.0000
OP-2025-0354,SA-ESTRUT-SOLD,OP-2025-0331,,9.0000
OP-2025-0356,MP-CHAPA-3MM,,100078,72.8361
OP-2025-0356,MP-CHAPA-3MM,,100086,19.6639
OP-2025-0360,MP-TINTA-EPOXI,,100085,6.0000
OP-2025-0360,SA-SUPORTE-EST,OP-2025-0337,,1.0000
OP-2025-0360,SA-SUPORTE-EST,OP-2025-0346,,50.0000
OP-2025-0360,SA-SUPORTE-EST,OP-2025-0356,,2.0000
OP-2025-0359,MP-CHAPA-3MM,,100086,481.0000
OP-2025-0365,MP-CHAPA-3MM,,100086,74.0000
OP-2025-0357,SA-CARC-FUND,OP-2025-0347,,17.0000
OP-2025-0357,SA-CARC-FUND,OP-2025-0351,,3.0000
OP-2025-0361,MP-OLEO-TEMPERA,,100081,6.0000
OP-2025-0361,SA-EIXO-USIN,OP-2025-0330,,4.0000
OP-2025-0361,SA-EIXO-USIN,OP-2025-0348,,36.0000
OP-2025-0355,MP-ACO-1045,,100075,200.7742
OP-2025-0355,MP-ACO-1045,,100087,7.2258
OP-2025-0358,MP-ALU-A380,,100077,64.0000
OP-2025-0362,MP-ACO-1045,,100087,104.0000
OP-2025-0363,SA-CARC-FUND,OP-2025-0351,,46.0000
OP-2025-0366,MP-ALU-A380,,100077,133.2096
OP-2025-0366,MP-ALU-A380,,100088,10.7904
OP-2025-0364,SA-CARC-FUND,OP-2025-0351,,25.0000
OP-2025-0364,SA-CARC-FUND,OP-2025-0353,,45.0000
OP-2025-0364,SA-CARC-FUND,OP-2025-0358,,10.0000
OP-2025-0367,MP-OLEO-TEMPERA,,100081,12.0000
OP-2025-0367,SA-EIXO-USIN,OP-2025-0348,,4.0000
OP-2025-0367,SA-EIXO-USIN,OP-2025-0355,,76.0000
OP-2025-0369,SA-CARC-FUND,OP-2025-0358,,10.0000
OP-2025-0369,SA-CARC-FUND,OP-2025-0366,,10.0000
OP-2026-0002,MP-TINTA-EPOXI,,100085,4.8000
OP-2026-0002,SA-SUPORTE-EST,OP-2025-0356,,40.0000
OP-2025-0424,MP-ALU-A380,,100088,51.2000
OP-2026-0001,MP-PARAF-M8,,100079,200.0000
OP-2026-0001,MP-ROLAM-6205,,100084,80.0000
OP-2026-0001,SA-CARC-USIN,OP-2025-0423,,1.0000
OP-2026-0001,SA-CARC-USIN,OP-2025-0357,,19.0000
OP-2026-0001,SA-EIXO-TEMP,OP-2025-0334,,22.0000
OP-2026-0001,SA-EIXO-TEMP,OP-2025-0344,,18.0000
OP-2026-0005,SA-CARC-FUND,OP-2025-0366,,32.0000
OP-2026-0005,SA-CARC-FUND,OP-2025-0424,,13.0000
OP-2026-0004,MP-GAXETA-NBR,,100082,45.0000
OP-2026-0004,MP-ORING-40,,100083,90.0000
OP-2026-0004,MP-PARAF-M8,,100079,180.0000
OP-2026-0004,SA-CARC-USIN,OP-2025-0357,,1.0000
OP-2026-0004,SA-CARC-USIN,OP-2025-0364,,44.0000
OP-2025-0368,MP-ARAME-MIG,,100073,14.4487
OP-2025-0368,SA-SUPORTE-EST,OP-2025-0356,,7.0000
OP-2025-0368,SA-SUPORTE-EST,OP-2025-0359,,253.0000
OP-2026-0009,MP-CHAPA-3MM,,100086,74.0000
OP-2026-0006,MP-OLEO-TEMPERA,,100081,3.6905
OP-2026-0006,MP-OLEO-TEMPERA,,100089,2.3095
OP-2026-0006,SA-EIXO-USIN,OP-2025-0355,,4.0000
OP-2026-0006,SA-EIXO-USIN,OP-2025-0362,,36.0000
OP-2026-0007,MP-TINTA-EPOXI,,100085,52.6344
OP-2026-0007,SA-ESTRUT-SOLD,OP-2025-0331,,26.0000
OP-2026-0007,SA-ESTRUT-SOLD,OP-2025-0345,,34.0000
OP-2026-0007,SA-ESTRUT-SOLD,OP-2025-0368,,5.0000
OP-2026-0003,MP-PARAF-M8,,100079,559.0000
OP-2026-0003,MP-PARAF-M8,,100090,81.0000
OP-2026-0003,MP-ROLAM-6205,,100084,160.0000
OP-2026-0003,SA-CARC-USIN,OP-2025-0364,,36.0000
OP-2026-0003,SA-CARC-USIN,OP-2025-0369,,19.0000
OP-2026-0003,SA-CARC-USIN,OP-2026-0005,,25.0000
OP-2026-0003,SA-EIXO-TEMP,OP-2025-0344,,17.0000
OP-2026-0003,SA-EIXO-TEMP,OP-2025-0367,,63.0000
OP-2026-0008,MP-ALU-A380,,100088,128.0000
OP-2026-0012,MP-ALU-A380,,100088,77.3680
OP-2026-0017,MP-CHAPA-3MM,,100086,146.4756
OP-2026-0010,MP-ACO-1045,,100087,111.4256
OP-2026-0013,MP-TINTA-EPOXI,,100085,4.8000
OP-2026-0013,SA-SUPORTE-EST,OP-2025-0359,,7.0000
OP-2026-0013,SA-SUPORTE-EST,OP-2025-0365,,35.0000
OP-2026-0015,MP-ACO-1045,,100087,139.2300
OP-2026-0016,MP-CHAPA-3MM,,100086,74.0000
OP-2026-0368,SA-CARC-FUND,OP-2025-0424,,3.0000
OP-2026-0368,SA-CARC-FUND,OP-2026-0008,,29.0000
OP-2026-0014,MP-ALU-A380,,100088,144.0000
OP-2026-0018,MP-GAXETA-NBR,,100082,45.0000
OP-2026-0018,MP-ORING-40,,100083,96.0000
OP-2026-0018,MP-PARAF-M8,,100090,180.0000
OP-2026-0018,SA-CARC-USIN,OP-2026-0005,,19.0000
OP-2026-0018,SA-CARC-USIN,OP-2026-0368,,26.0000
OP-2026-0025,MP-TINTA-EPOXI,,100085,2.5968
OP-2026-0025,MP-TINTA-EPOXI,,100091,2.2032
OP-2026-0025,SA-SUPORTE-EST,OP-2025-0365,,5.0000
OP-2026-0025,SA-SUPORTE-EST,OP-2026-0009,,36.0000
OP-2026-0021,SA-CARC-FUND,OP-2026-0008,,10.0000
OP-2026-0021,SA-CARC-FUND,OP-2026-0012,,25.0000
OP-2026-0021,SA-CARC-FUND,OP-2026-0014,,5.0000
OP-2026-0022,MP-ALU-A380,,100088,128.0000
OP-2026-0026,MP-ACO-1045,,100087,130.0000
OP-2026-0019,MP-ALU-A380,,100088,150.8112
OP-2026-0023,MP-ACO-1045,,100087,107.3072
OP-2026-0024,SA-CARC-FUND,OP-2026-0014,,25.0000
OP-2026-0020,MP-ALU-A380,,100088,84.2880
OP-2026-0030,MP-CHAPA-3MM,,100086,138.7500
OP-2026-0027,MP-ARAME-MIG,,100073,4.4000
OP-2026-0027,SA-SUPORTE-EST,OP-2026-0009,,4.0000
OP-2026-0027,SA-SUPORTE-EST,OP-2026-0017,,76.0000
OP-2026-0032,MP-CHAPA-3MM,,100086,148.0000
OP-2026-0028,MP-OLEO-TEMPERA,,100089,6.4014
OP-2026-0028,SA-EIXO-USIN,OP-2025-0362,,2.0000
OP-2026-0028,SA-EIXO-USIN,OP-2026-0010,,38.0000
OP-2026-0040,MP-CHAPA-3MM,,100086,69.1105
OP-2026-0040,MP-CHAPA-3MM,,100092,78.8895
OP-2026-0031,MP-OLEO-TEMPERA,,100089,7.5000
OP-2026-0031,SA-EIXO-USIN,OP-2026-0010,,2.0000
OP-2026-0031,SA-EIXO-USIN,OP-2026-0026,,48.0000
OP-2026-0369,MP-ALU-A380,,100088,28.8000
OP-2026-0029,SA-CARC-FUND,OP-2026-0014,,15.0000
OP-2026-0029,SA-CARC-FUND,OP-2026-0022,,30.0000
OP-2026-0033,SA-CARC-FUND,OP-2026-0022,,10.0000
OP-2026-0033,SA-CARC-FUND,OP-2026-0019,,30.0000
OP-2026-0034,SA-CARC-FUND,OP-2026-0019,,12.0000
OP-2026-0034,SA-CARC-FUND,OP-2026-0020,,25.0000
OP-2026-0034,SA-CARC-FUND,OP-2026-0369,,8.0000
OP-2026-0041,MP-TINTA-EPOXI,,100091,9.0000
OP-2026-0041,SA-SUPORTE-EST,OP-2026-0017,,4.0000
OP-2026-0041,SA-SUPORTE-EST,OP-2026-0016,,40.0000
OP-2026-0041,SA-SUPORTE-EST,OP-2026-0030,,31.0000
OP-2026-0037,MP-TINTA-EPOXI,,100091,16.0000
OP-2026-0037,SA-ESTRUT-SOLD,OP-2025-0368,,20.0000
OP-2026-0370,MP-ALU-A380,,100088,86.4000
OP-2026-0035,SA-CARC-FUND,OP-2026-0369,,1.0000
OP-2026-0035,SA-CARC-FUND,OP-2026-0370,,24.0000
OP-2026-0036,MP-PARAF-M8,,100090,320.0000
OP-2026-0036,MP-ROLAM-6205,,100084,80.0000
OP-2026-0036,SA-CARC-USIN,OP-2026-0368,,6.0000
OP-2026-0036,SA-CARC-USIN,OP-2026-0021,,34.0000
OP-2026-0036,SA-EIXO-TEMP,OP-2025-0367,,17.0000
OP-2026-0036,SA-EIXO-TEMP,OP-2026-0006,,23.0000
OP-2026-0045,MP-CHAPA-3MM,,100092,141.1920
OP-2026-0039,MP-ARAME-MIG,,100073,4.2671
OP-2026-0039,MP-ARAME-MIG,,100093,0.1329
OP-2026-0039,SA-SUPORTE-EST,OP-2026-0030,,44.0000
OP-2026-0039,SA-SUPORTE-EST,OP-2026-0032,,36.0000
OP-2026-0042,MP-PARAF-M8,,100090,250.0000
OP-2026-0042,MP-ROLAM-6205,,100084,100.0000
OP-2026-0042,SA-CARC-USIN,OP-2026-0021,,6.0000
OP-2026-0042,SA-CARC-USIN,OP-2026-0024,,19.0000
OP-2026-0042,SA-EIXO-TEMP,OP-2026-0006,,17.0000
OP-2026-0042,SA-EIXO-TEMP,OP-2026-0028,,33.0000
OP-2026-0043,MP-GAXETA-NBR,,100082,3.0000
OP-2026-0043,MP-GAXETA-NBR,,100094,45.0000
OP-2026-0043,MP-ORING-40,,100083,90.0000
OP-2026-0043,MP-PARAF-M8,,100090,180.0000
OP-2026-0043,SA-CARC-USIN,OP-2026-0024,,5.0000
OP-2026-0043,SA-CARC-USIN,OP-2026-0029,,40.0000
OP-2026-0055,MP-CHAPA-3MM,,100092,296.0000
OP-2026-0371,MP-ACO-1045,,100087,5.2000
OP-2026-0038,MP-OLEO-TEMPERA,,100089,6.0000
OP-2026-0038,SA-EIXO-USIN,OP-2026-0026,,2.0000
OP-2026-0038,SA-EIXO-USIN,OP-2026-0023,,37.0000
OP-2026-0038,SA-EIXO-USIN,OP-2026-0371,,1.0000
OP-2026-0052,MP-TINTA-EPOXI,,100091,16.0000
OP-2026-0052,SA-ESTRUT-SOLD,OP-2025-0368,,20.0000
OP-2026-0372,MP-ACO-1045,,100087,45.6114
OP-2026-0372,MP-ACO-1045,,100095,107.7886
OP-2026-0044,MP-OLEO-TEMPERA,,100089,7.5000
OP-2026-0044,SA-EIXO-USIN,OP-2026-0371,,1.0000
OP-2026-0044,SA-EIXO-USIN,OP-2026-0372,,49.0000
OP-2026-0050,MP-GAXETA-NBR,,100094,45.0000
OP-2026-0050,MP-ORING-40,,100083,53.0000
OP-2026-0050,MP-ORING-40,,100096,37.0000
OP-2026-0050,MP-PARAF-M8,,100090,180.0000
OP-2026-0050,SA-CARC-USIN,OP-2026-0029,,5.0000
OP-2026-0050,SA-CARC-USIN,OP-2026-0033,,40.0000
OP-2026-0056,MP-TINTA-EPOXI,,100091,9.0000
OP-2026-0056,SA-SUPORTE-EST,OP-2026-0032,,44.0000
OP-2026-0056,SA-SUPORTE-EST,OP-2026-0040,,31.0000
OP-2026-0054,MP-ACO-1045,,100095,104.0000
OP-2026-0047,MP-ALU-A380,,100088,35.3424
OP-2026-0047,MP-ALU-A380,,100097,28.6576
OP-2026-0051,MP-ACO-1045,,100095,130.0000
OP-2026-0046,MP-ALU-A380,,100097,224.0000
OP-2026-0053,MP-PARAF-M8,,100090,320.0000
OP-2026-0053,MP-ROLAM-6205,,100084,80.0000
OP-2026-0053,SA-CARC-USIN,OP-2026-0034,,40.0000
OP-2026-0053,SA-EIXO-TEMP,OP-2026-0028,,7.0000
OP-2026-0053,SA-EIXO-TEMP,OP-2026-0038,,35.0000
OP-2026-0048,MP-ALU-A380,,100097,160.0000
OP-2026-0058,MP-ALU-A380,,100097,64.0000
OP-2026-0059,MP-ALU-A380,,100097,220.6848
OP-2026-0065,MP-TINTA-EPOXI,,100091,15.6384
OP-2026-0065,SA-ESTRUT-SOLD,OP-2025-0368,,20.0000
OP-2026-0049,MP-ARAME-MIG,,100093,4.6539
OP-2026-0049,SA-SUPORTE-EST,OP-2026-0040,,49.0000
OP-2026-0049,SA-SUPORTE-EST,OP-2026-0045,,35.0000
OP-2026-0061,MP-ACO-1045,,100095,104.0000
OP-2026-0057,MP-PARAF-M8,,100090,250.0000
OP-2026-0057,MP-ROLAM-6205,,100084,62.0000
OP-2026-0057,MP-ROLAM-6205,,100098,38.0000
OP-2026-0057,SA-CARC-USIN,OP-2026-0034,,5.0000
OP-2026-0057,SA-CARC-USIN,OP-2026-0035,,20.0000
OP-2026-0057,SA-EIXO-TEMP,OP-2026-0038,,5.0000
OP-2026-0057,SA-EIXO-TEMP,OP-2026-0044,,45.0000
OP-2026-0068,MP-CHAPA-3MM,,100092,296.0000
OP-2026-0060,SA-CARC-FUND,OP-2026-0370,,3.0000
OP-2026-0060,SA-CARC-FUND,OP-2026-0047,,20.0000
OP-2026-0060,SA-CARC-FUND,OP-2026-0046,,47.0000
OP-2026-0062,SA-CARC-FUND,OP-2026-0046,,21.0000
OP-2026-0062,SA-CARC-FUND,OP-2026-0048,,29.0000
OP-2026-0063,MP-ACO-1045,,100095,130.0000
OP-2026-0064,MP-ARAME-MIG,,100093,8.8000
OP-2026-0064,SA-SUPORTE-EST,OP-2026-0045,,40.0000
OP-2026-0064,SA-SUPORTE-EST,OP-2026-0068,,120.0000
OP-2026-0069,MP-OLEO-TEMPERA,,100089,6.0000
OP-2026-0069,SA-EIXO-USIN,OP-2026-0372,,10.0000
OP-2026-0069,SA-EIXO-USIN,OP-2026-0054,,30.0000
OP-2026-0066,MP-ALU-A380,,100097,171.9840
OP-2026-0067,SA-CARC-FUND,OP-2026-0048,,18.0000
OP-2026-0067,SA-CARC-FUND,OP-2026-0058,,2.0000
OP-2026-0072,MP-OLEO-TEMPERA,,100089,4.2891
OP-2026-0072,MP-OLEO-TEMPERA,,100099,3.2109
OP-2026-0072,SA-EIXO-USIN,OP-2026-0054,,10.0000
OP-2026-0072,SA-EIXO-USIN,OP-2026-0051,,40.0000
OP-2026-0074,MP-CHAPA-3MM,,100092,87.9185
OP-2026-0074,MP-CHAPA-3MM,,100100,220.4543
OP-2026-0079,MP-TINTA-EPOXI,,100091,12.1584
OP-2026-0079,MP-TINTA-EPOXI,,100101,21.5408
OP-2026-0079,SA-ESTRUT-SOLD,OP-2026-0027,,20.0000
OP-2026-0079,SA-ESTRUT-SOLD,OP-2026-0039,,19.0000
OP-2026-0070,SA-CARC-FUND,OP-2026-0058,,18.0000
OP-2026-0070,SA-CARC-FUND,OP-2026-0059,,52.0000
OP-2026-0071,SA-CARC-FUND,OP-2026-0059,,18.0000
OP-2026-0071,SA-CARC-FUND,OP-2026-0066,,3.0000
OP-2026-0078,MP-ACO-1045,,100095,104.0000
OP-2026-0073,MP-ALU-A380,,100097,64.0000
OP-2026-0083,MP-PARAF-M8,,100090,39.0000
OP-2026-0083,MP-PARAF-M8,,100102,161.0000
OP-2026-0083,MP-ROLAM-6205,,100098,80.0000
OP-2026-0083,SA-CARC-USIN,OP-2026-0035,,4.0000
OP-2026-0083,SA-CARC-USIN,OP-2026-0060,,16.0000
OP-2026-0083,SA-EIXO-TEMP,OP-2026-0044,,4.0000
OP-2026-0083,SA-EIXO-TEMP,OP-2026-0069,,36.0000
OP-2026-0081,MP-PARAF-M8,,100102,400.0000
OP-2026-0081,MP-ROLAM-6205,,100098,100.0000
OP-2026-0081,SA-CARC-USIN,OP-2026-0060,,49.0000
OP-2026-0081,SA-CARC-USIN,OP-2026-0062,,1.0000
OP-2026-0081,SA-EIXO-TEMP,OP-2026-0069,,4.0000
OP-2026-0081,SA-EIXO-TEMP,OP-2026-0072,,46.0000
OP-2026-0082,MP-TINTA-EPOXI,,100101,19.2000
OP-2026-0082,SA-SUPORTE-EST,OP-2026-0068,,35.0000
OP-2026-0082,SA-SUPORTE-EST,OP-2026-0074,,129.0000
OP-2026-0090,MP-CHAPA-3MM,,100100,259.0000
OP-2026-0076,MP-GAXETA-NBR,,100094,70.0000
OP-2026-0076,MP-ORING-40,,100096,140.0000
OP-2026-0076,MP-PARAF-M8,,100102,280.0000
OP-2026-0076,SA-CARC-USIN,OP-2026-0062,,49.0000
OP-2026-0076,SA-CARC-USIN,OP-2026-0067,,19.0000
OP-2026-0076,SA-CARC-USIN,OP-2026-0070,,2.0000
OP-2026-0091,MP-TINTA-EPOXI,,100101,32.0000
OP-2026-0091,SA-ESTRUT-SOLD,OP-2026-0039,,1.0000
OP-2026-0091,SA-ESTRUT-SOLD,OP-2026-0049,,20.0000
OP-2026-0091,SA-ESTRUT-SOLD,OP-2026-0064,,19.0000
OP-2026-0084,MP-OLEO-TEMPERA,,100099,7.5000
OP-2026-0084,SA-EIXO-USIN,OP-2026-0051,,10.0000
OP-2026-0084,SA-EIXO-USIN,OP-2026-0061,,40.0000
OP-2026-0077,MP-ARAME-MIG,,100093,8.8000
OP-2026-0077,SA-SUPORTE-EST,OP-2026-0074,,31.0000
OP-2026-0077,SA-SUPORTE-EST,OP-2026-0090,,129.0000
OP-2026-0085,MP-PARAF-M8,,100102,206.0000
OP-2026-0085,MP-ROLAM-6205,,100098,80.0000
OP-2026-0085,SA-CARC-USIN,OP-2026-0070,,20.0000
OP-2026-0085,SA-EIXO-TEMP,OP-2026-0072,,4.0000
OP-2026-0085,SA-EIXO-TEMP,OP-2026-0084,,36.0000
OP-2026-0080,SA-CARC-FUND,OP-2026-0066,,47.0000
OP-2026-0080,SA-CARC-FUND,OP-2026-0073,,3.0000
OP-2026-0075,MP-OLEO-TEMPERA,,100099,6.0000
OP-2026-0075,SA-EIXO-USIN,OP-2026-0063,,40.0000
OP-2026-0087,MP-ALU-A380,,100097,208.0000
OP-2026-0093,MP-ACO-1045,,100095,245.2114
OP-2026-0093,MP-ACO-1045,,100103,118.7886
OP-2026-0088,SA-CARC-FUND,OP-2026-0073,,17.0000
OP-2026-0088,SA-CARC-FUND,OP-2026-0087,,3.0000
OP-2026-0089,MP-ALU-A380,,100097,33.6736
OP-2026-0089,MP-ALU-A380,,100104,205.0656
OP-2026-0092,MP-ALU-A380,,100104,320.0000
OP-2026-0086,MP-GAXETA-NBR,,100094,70.0000
OP-2026-0086,MP-ORING-40,,100096,140.0000
OP-2026-0086,MP-PARAF-M8,,100102,280.0000
OP-2026-0086,SA-CARC-USIN,OP-2026-0070,,47.0000
OP-2026-0086,SA-CARC-USIN,OP-2026-0071,,20.0000
OP-2026-0086,SA-CARC-USIN,OP-2026-0080,,3.0000
OP-2026-0103,MP-CHAPA-3MM,,100100,259.0000
OP-2026-0094,MP-PARAF-M8,,100102,273.0000
OP-2026-0094,MP-PARAF-M8,,100105,127.0000
OP-2026-0094,MP-ROLAM-6205,,100098,100.0000
OP-2026-0094,SA-CARC-USIN,OP-2026-0080,,47.0000
OP-2026-0094,SA-CARC-USIN,OP-2026-0088,,3.0000
OP-2026-0094,SA-EIXO-TEMP,OP-2026-0084,,14.0000
OP-2026-0094,SA-EIXO-TEMP,OP-2026-0075,,36.0000
OP-2026-0095,MP-OLEO-TEMPERA,,100099,6.0000
OP-2026-0095,SA-EIXO-USIN,OP-2026-0063,,10.0000
OP-2026-0095,SA-EIXO-USIN,OP-2026-0078,,30.0000
OP-2026-0099,SA-CARC-FUND,OP-2026-0087,,58.0000
OP-2026-0099,SA-CARC-FUND,OP-2026-0089,,11.0000
OP-2026-0096,MP-ACO-1045,,100103,270.0880
OP-2026-0100,MP-PARAF-M8,,100105,200.0000
OP-2026-0100,MP-ROLAM-6205,,100098,80.0000
OP-2026-0100,SA-CARC-USIN,OP-2026-0088,,17.0000
OP-2026-0100,SA-CARC-USIN,OP-2026-0099,,3.0000
OP-2026-0100,SA-EIXO-TEMP,OP-2026-0075,,3.0000
OP-2026-0100,SA-EIXO-TEMP,OP-2026-0095,,37.0000
OP-2026-0104,MP-ALU-A380,,100104,208.0000
OP-2026-0373,MP-CHAPA-3MM,,100100,183.1500
OP-2026-0098,SA-CARC-FUND,OP-2026-0089,,56.0000
OP-2026-0098,SA-CARC-FUND,OP-2026-0092,,9.0000
OP-2026-0107,MP-TINTA-EPOXI,,100101,11.8428
OP-2026-0107,SA-SUPORTE-EST,OP-2026-0090,,11.0000
OP-2026-0107,SA-SUPORTE-EST,OP-2026-0103,,90.0000
OP-2026-0097,MP-ARAME-MIG,,100093,2.6132
OP-2026-0097,MP-ARAME-MIG,,100106,5.1823
OP-2026-0097,SA-SUPORTE-EST,OP-2026-0103,,50.0000
OP-2026-0097,SA-SUPORTE-EST,OP-2026-0373,,90.0000
OP-2026-0102,MP-CHAPA-3MM,,100100,185.0000
OP-2026-0108,MP-TINTA-EPOXI,,100101,29.7052
OP-2026-0108,SA-ESTRUT-SOLD,OP-2026-0064,,21.0000
OP-2026-0108,SA-ESTRUT-SOLD,OP-2026-0077,,15.0000
OP-2026-0106,MP-OLEO-TEMPERA,,100099,15.0000
OP-2026-0106,SA-EIXO-USIN,OP-2026-0078,,10.0000
OP-2026-0106,SA-EIXO-USIN,OP-2026-0093,,96.0000
OP-2026-0111,MP-CHAPA-3MM,,100100,118.3957
OP-2026-0111,MP-CHAPA-3MM,,100107,66.6043
OP-2026-0378,MP-ACO-1045,,100113,20.8000
OP-2026-0110,MP-GAXETA-NBR,,100094,20.0000
OP-2026-0110,MP-GAXETA-NBR,,100108,45.0000
OP-2026-0110,MP-ORING-40,,100096,130.0000
OP-2026-0110,MP-PARAF-M8,,100105,260.0000
OP-2026-0110,SA-CARC-USIN,OP-2026-0099,,65.0000
OP-2026-0109,MP-ARAME-MIG,,100106,7.7000
OP-2026-0109,SA-SUPORTE-EST,OP-2026-0373,,9.0000
OP-2026-0109,SA-SUPORTE-EST,OP-2026-0102,,100.0000
OP-2026-0109,SA-SUPORTE-EST,OP-2026-0111,,31.0000
OP-2026-0374,SA-CARC-FUND,OP-2026-0092,,4.0000
OP-2026-0376,SA-CARC-FUND,OP-2026-0092,,83.0000
OP-2026-0376,SA-CARC-FUND,OP-2026-0104,,35.0000
OP-2026-0377,MP-OLEO-TEMPERA,,100111,15.6000
OP-2026-0377,SA-EIXO-USIN,OP-2026-0096,,98.0000
OP-2026-0377,SA-EIXO-USIN,OP-2026-0378,,6.0000
OP-2026-0113,MP-ALU-A380,,100104,272.0000
OP-2026-0375,MP-OLEO-TEMPERA,,100099,2.2891
OP-2026-0375,MP-OLEO-TEMPERA,,100111,4.6109
OP-2026-0375,SA-EIXO-USIN,OP-2026-0093,,44.0000
OP-2026-0375,SA-EIXO-USIN,OP-2026-0096,,2.0000
OP-2026-0117,MP-ACO-1045,,100103,361.1234
OP-2026-0117,MP-ACO-1045,,100109,80.8766
OP-2026-0112,MP-PARAF-M8,,100105,754.0000
OP-2026-0112,MP-ROLAM-6205,,100098,172.0000
OP-2026-0112,MP-ROLAM-6205,,100110,108.0000
OP-2026-0112,SA-CARC-USIN,OP-2026-0099,,2.0000
OP-2026-0112,SA-CARC-USIN,OP-2026-0098,,65.0000
OP-2026-0112,SA-CARC-USIN,OP-2026-0374,,3.0000
OP-2026-0112,SA-EIXO-TEMP,OP-2026-0106,,100.0000
OP-2026-0112,SA-EIXO-TEMP,OP-2026-0375,,40.0000
OP-2026-0115,MP-PARAF-M8,,100105,559.0000
OP-2026-0115,MP-PARAF-M8,,100112,241.0000
OP-2026-0115,MP-ROLAM-6205,,100110,200.0000
OP-2026-0115,SA-CARC-USIN,OP-2026-0374,,1.0000
OP-2026-0115,SA-CARC-USIN,OP-2026-0376,,99.0000
OP-2026-0115,SA-EIXO-TEMP,OP-2026-0375,,6.0000
OP-2026-0115,SA-EIXO-TEMP,OP-2026-0377,,99.0000
OP-2026-0379,MP-CHAPA-3MM,,100107,66.6000
OP-2026-0114,SA-CARC-FUND,OP-2026-0104,,26.0000
OP-2026-0114,SA-CARC-FUND,OP-2026-0113,,39.0000
OP-2026-0116,MP-ALU-A380,,100104,69.9344
OP-2026-0116,MP-ALU-A380,,100114,202.0656
OP-2026-0119,MP-TINTA-EPOXI,,100101,12.6984
OP-2026-0119,SA-SUPORTE-EST,OP-2026-0111,,69.0000
OP-2026-0119,SA-SUPORTE-EST,OP-2026-0379,,31.0000
OP-2026-0120,MP-TINTA-EPOXI,,100101,13.0128
OP-2026-0120,MP-TINTA-EPOXI,,100115,14.9872
OP-2026-0120,SA-ESTRUT-SOLD,OP-2026-0077,,25.0000
OP-2026-0120,SA-ESTRUT-SOLD,OP-2026-0097,,10.0000
OP-2026-0364,MP-TINTA-EPOXI,,100115,0.6000
OP-2026-0364,SA-SUPORTE-EST,OP-2026-0379,,5.0000
OP-2026-0123,SA-CARC-FUND,OP-2026-0113,,43.0000
OP-2026-0123,SA-CARC-FUND,OP-2026-0116,,47.0000
OP-2026-0124,MP-ACO-1045,,100113,143.0000
OP-2026-0380,MP-ALU-A380,,100114,166.4000
OP-2026-0126,SA-CARC-FUND,OP-2026-0116,,38.0000
OP-2026-0126,SA-CARC-FUND,OP-2026-0380,,47.0000
OP-2026-0122,MP-GAXETA-NBR,,100108,69.0000
OP-2026-0122,MP-ORING-40,,100096,3.0000
OP-2026-0122,MP-ORING-40,,100116,129.0000
OP-2026-0122,MP-PARAF-M8,,100112,260.0000
OP-2026-0122,SA-CARC-USIN,OP-2026-0376,,19.0000
OP-2026-0122,SA-CARC-USIN,OP-2026-0114,,49.0000
OP-2026-0125,MP-ALU-A380,,100114,185.5568
OP-2026-0127,MP-ACO-1045,,100113,150.3788
OP-2026-0128,MP-ALU-A380,,100114,293.2976
OP-2026-0129,SA-CARC-FUND,OP-2026-0380,,5.0000
OP-2026-0129,SA-CARC-FUND,OP-2026-0125,,50.0000
OP-2026-0130,MP-OLEO-TEMPERA,,100111,19.7891
OP-2026-0130,MP-OLEO-TEMPERA,,100117,5.7109
OP-2026-0130,SA-EIXO-USIN,OP-2026-0378,,2.0000
OP-2026-0130,SA-EIXO-USIN,OP-2026-0117,,168.0000
OP-2026-0132,MP-CHAPA-3MM,,100107,222.0000
OP-2026-0133,MP-CHAPA-3MM,,100107,122.2943
OP-2026-0131,MP-ARAME-MIG,,100106,6.6000
OP-2026-0131,SA-SUPORTE-EST,OP-2026-0132,,120.0000
OP-2026-0136,MP-GAXETA-NBR,,100108,85.0000
OP-2026-0136,MP-ORING-40,,100116,170.0000
OP-2026-0136,MP-PARAF-M8,,100112,340.0000
OP-2026-0136,SA-CARC-USIN,OP-2026-0114,,16.0000
OP-2026-0136,SA-CARC-USIN,OP-2026-0123,,69.0000
OP-2026-0382,MP-CHAPA-3MM,,100107,240.1014
OP-2026-0382,MP-CHAPA-3MM,,100119,18.8986
OP-2026-0381,MP-CHAPA-3MM,,100107,7.4000
OP-2026-0137,MP-TINTA-EPOXI,,100115,7.9763
OP-2026-0137,SA-SUPORTE-EST,OP-2026-0133,,62.0000
OP-2026-0137,SA-SUPORTE-EST,OP-2026-0381,,3.0000
OP-2026-0143,MP-ARAME-MIG,,100106,5.5177
OP-2026-0143,MP-ARAME-MIG,,100118,1.0823
OP-2026-0143,SA-SUPORTE-EST,OP-2026-0381,,1.0000
OP-2026-0143,SA-SUPORTE-EST,OP-2026-0382,,119.0000
OP-2026-0135,SA-CARC-FUND,OP-2026-0125,,5.0000
OP-2026-0135,SA-CARC-FUND,OP-2026-0128,,50.0000
OP-2026-0139,MP-TINTA-EPOXI,,100115,24.0000
OP-2026-0139,SA-ESTRUT-SOLD,OP-2026-0097,,25.0000
OP-2026-0139,SA-ESTRUT-SOLD,OP-2026-0109,,5.0000
OP-2026-0134,MP-OLEO-TEMPERA,,100117,8.2500
OP-2026-0134,SA-EIXO-USIN,OP-2026-0117,,2.0000
OP-2026-0134,SA-EIXO-USIN,OP-2026-0124,,52.0000
OP-2026-0383,MP-ALU-A380,,100114,192.0000
OP-2026-0141,MP-OLEO-TEMPERA,,100117,8.2500
OP-2026-0141,SA-EIXO-USIN,OP-2026-0124,,1.0000
OP-2026-0141,SA-EIXO-USIN,OP-2026-0127,,52.0000
OP-2026-0138,SA-CARC-FUND,OP-2026-0128,,35.0000
OP-2026-0138,SA-CARC-FUND,OP-2026-0383,,48.0000
OP-2026-0147,MP-CHAPA-3MM,,100119,222.0000
OP-2026-0140,MP-PARAF-M8,,100112,841.0000
OP-2026-0140,MP-ROLAM-6205,,100110,242.0000
OP-2026-0140,MP-ROLAM-6205,,100120,98.0000
OP-2026-0140,SA-CARC-USIN,OP-2026-0123,,16.0000
OP-2026-0140,SA-CARC-USIN,OP-2026-0126,,69.0000
OP-2026-0140,SA-EIXO-TEMP,OP-2026-0377,,5.0000
OP-2026-0140,SA-EIXO-TEMP,OP-2026-0130,,158.0000
OP-2026-0140,SA-EIXO-TEMP,OP-2026-0134,,7.0000
OP-2026-0142,MP-ORING-40,,100116,55.0000
OP-2026-0142,MP-PARAF-M8,,100112,330.0000
OP-2026-0142,MP-ROLAM-6205,,100120,117.0000
OP-2026-0142,SA-CARC-USIN,OP-2026-0126,,14.0000
OP-2026-0142,SA-CARC-USIN,OP-2026-0129,,41.0000
OP-2026-0142,SA-EIXO-TEMP,OP-2026-0134,,48.0000
OP-2026-0142,SA-EIXO-TEMP,OP-2026-0141,,7.0000
OP-2026-0385,MP-ACO-1045,,100113,14.3212
OP-2026-0385,MP-ACO-1045,,100109,4.4788
OP-2026-0144,MP-ALU-A380,,100114,135.6800
OP-2026-0144,MP-ALU-A380,,100121,168.3200
OP-2026-0145,MP-ACO-1045,,100113,446.5000
OP-2026-0151,MP-TINTA-EPOXI,,100115,24.0000
OP-2026-0151,SA-ESTRUT-SOLD,OP-2026-0109,,29.0000
OP-2026-0151,SA-ESTRUT-SOLD,OP-2026-0131,,1.0000
OP-2026-0384,MP-OLEO-TEMPERA,,100117,1.3500
OP-2026-0384,SA-EIXO-USIN,OP-2026-0127,,3.0000
OP-2026-0384,SA-EIXO-USIN,OP-2026-0385,,6.0000
OP-2026-0149,MP-ORING-40,,100116,55.0000
OP-2026-0149,MP-PARAF-M8,,100112,330.0000
OP-2026-0149,MP-ROLAM-6205,,100120,110.0000
OP-2026-0149,SA-CARC-USIN,OP-2026-0129,,14.0000
OP-2026-0149,SA-CARC-USIN,OP-2026-0135,,41.0000
OP-2026-0149,SA-EIXO-TEMP,OP-2026-0141,,48.0000
OP-2026-0149,SA-EIXO-TEMP,OP-2026-0384,,7.0000
OP-2026-0153,MP-TINTA-EPOXI,,100115,7.8000
OP-2026-0153,SA-SUPORTE-EST,OP-2026-0382,,21.0000
OP-2026-0153,SA-SUPORTE-EST,OP-2026-0147,,44.0000
OP-2026-0148,MP-ACO-1045,,100109,110.2973
OP-2026-0152,MP-ALU-A380,,100121,340.9920
OP-2026-0150,MP-ALU-A380,,100121,145.7568
OP-2026-0155,MP-ALU-A380,,100121,151.2864
OP-2026-0157,MP-CHAPA-3MM,,100119,407.0000
OP-2026-0161,MP-OLEO-TEMPERA,,100117,28.5000
OP-2026-0161,SA-EIXO-USIN,OP-2026-0385,,2.0000
OP-2026-0161,SA-EIXO-USIN,OP-2026-0145,,185.0000
OP-2026-0161,SA-EIXO-USIN,OP-2026-0148,,3.0000
OP-2026-0154,MP-GAXETA-NBR,,100108,51.0000
OP-2026-0154,MP-GAXETA-NBR,,100122,34.0000
OP-2026-0154,MP-ORING-40,,100116,91.0000
OP-2026-0154,MP-ORING-40,,100123,79.0000
OP-2026-0154,MP-PARAF-M8,,100112,8.0000
OP-2026-0154,MP-PARAF-M8,,100124,332.0000
OP-2026-0154,SA-CARC-USIN,OP-2026-0135,,14.0000
OP-2026-0154,SA-CARC-USIN,OP-2026-0138,,71.0000
OP-2026-0158,SA-CARC-FUND,OP-2026-0383,,12.0000
OP-2026-0158,SA-CARC-FUND,OP-2026-0144,,82.0000
OP-2026-0386,MP-ACO-1045,,100109,14.1000
OP-2026-0156,MP-ARAME-MIG,,100118,6.6000
OP-2026-0156,SA-SUPORTE-EST,OP-2026-0147,,76.0000
OP-2026-0156,SA-SUPORTE-EST,OP-2026-0157,,54.0000
OP-2026-0159,MP-CHAPA-3MM,,100119,123.9417
OP-2026-0162,MP-OLEO-TEMPERA,,100117,6.7500
OP-2026-0162,SA-EIXO-USIN,OP-2026-0148,,40.0000
OP-2026-0162,SA-EIXO-USIN,OP-2026-0386,,5.0000
OP-2026-0387,MP-CHAPA-3MM,,100119,118.4000
OP-2026-0164,MP-ARAME-MIG,,100118,12.1000
OP-2026-0164,SA-SUPORTE-EST,OP-2026-0157,,166.0000
OP-2026-0164,SA-SUPORTE-EST,OP-2026-0159,,54.0000
OP-2026-0167,MP-ALU-A380,,100121,218.6448
OP-2026-0167,MP-ALU-A380,,100125,101.3552
OP-2026-0169,MP-TINTA-EPOXI,,100115,0.6365
OP-2026-0169,MP-TINTA-EPOXI,,100126,7.0449
OP-2026-0169,SA-SUPORTE-EST,OP-2026-0159,,11.0000
OP-2026-0169,SA-SUPORTE-EST,OP-2026-0387,,56.0000
OP-2026-0165,SA-CARC-FUND,OP-2026-0144,,11.0000
OP-2026-0165,SA-CARC-FUND,OP-2026-0152,,96.0000
OP-2026-0166,MP-CHAPA-3MM,,100119,407.0000
OP-2026-0160,SA-CARC-FUND,OP-2026-0152,,2.0000
OP-2026-0160,SA-CARC-FUND,OP-2026-0150,,43.0000
OP-2026-0168,MP-TINTA-EPOXI,,100126,25.7208
OP-2026-0168,SA-ESTRUT-SOLD,OP-2026-0131,,29.0000
OP-2026-0168,SA-ESTRUT-SOLD,OP-2026-0143,,1.0000
OP-2026-0170,MP-CHAPA-3MM,,100119,52.7597
OP-2026-0170,MP-CHAPA-3MM,,100127,298.7403
OP-2026-0163,MP-ACO-1045,,100109,105.7500
OP-2026-0175,MP-TINTA-EPOXI,,100126,22.8000
OP-2026-0175,SA-SUPORTE-EST,OP-2026-0387,,8.0000
OP-2026-0175,SA-SUPORTE-EST,OP-2026-0166,,182.0000
OP-2026-0171,MP-ALU-A380,,100125,144.0000
OP-2026-0172,SA-CARC-FUND,OP-2026-0155,,45.0000
OP-2026-0173,MP-ORING-40,,100123,45.0000
OP-2026-0173,MP-PARAF-M8,,100124,270.0000
OP-2026-0173,MP-ROLAM-6205,,100120,90.0000
OP-2026-0173,SA-CARC-USIN,OP-2026-0138,,14.0000
OP-2026-0173,SA-CARC-USIN,OP-2026-0158,,31.0000
OP-2026-0173,SA-EIXO-TEMP,OP-2026-0384,,2.0000
OP-2026-0173,SA-EIXO-TEMP,OP-2026-0161,,43.0000
OP-2026-0390,MP-OLEO-TEMPERA,,100129,2.5500
OP-2026-0390,SA-EIXO-USIN,OP-2026-0163,,17.0000
OP-2026-0179,MP-TINTA-EPOXI,,100126,44.0000
OP-2026-0179,SA-ESTRUT-SOLD,OP-2026-0143,,27.0000
OP-2026-0179,SA-ESTRUT-SOLD,OP-2026-0156,,28.0000
OP-2026-0388,MP-OLEO-TEMPERA,,100117,1.1891
OP-2026-0388,MP-OLEO-TEMPERA,,100129,0.1609
OP-2026-0388,SA-EIXO-USIN,OP-2026-0386,,1.0000
OP-2026-0388,SA-EIXO-USIN,OP-2026-0163,,8.0000
OP-2026-0389,MP-CHAPA-3MM,,100127,18.5000
OP-2026-0174,MP-PARAF-M8,,100124,950.0000
OP-2026-0174,MP-ROLAM-6205,,100120,235.0000
OP-2026-0174,MP-ROLAM-6205,,100128,145.0000
OP-2026-0174,SA-CARC-USIN,OP-2026-0158,,64.0000
OP-2026-0174,SA-CARC-USIN,OP-2026-0165,,34.0000
OP-2026-0174,SA-EIXO-TEMP,OP-2026-0161,,138.0000
OP-2026-0174,SA-EIXO-TEMP,OP-2026-0162,,45.0000
OP-2026-0174,SA-EIXO-TEMP,OP-2026-0388,,7.0000
OP-2026-0176,MP-ACO-1045,,100109,105.7500
OP-2026-0177,MP-ARAME-MIG,,100118,12.1000
OP-2026-0177,SA-SUPORTE-EST,OP-2026-0166,,38.0000
OP-2026-0177,SA-SUPORTE-EST,OP-2026-0170,,190.0000
OP-2026-0177,SA-SUPORTE-EST,OP-2026-0389,,8.0000
OP-2026-0365,MP-PARAF-M8,,100124,80.0000
OP-2026-0365,MP-ROLAM-6205,,100128,32.0000
OP-2026-0365,SA-CARC-USIN,OP-2026-0165,,8.0000
OP-2026-0365,SA-EIXO-TEMP,OP-2026-0388,,2.0000
OP-2026-0365,SA-EIXO-TEMP,OP-2026-0390,,14.0000
OP-2026-0180,MP-OLEO-TEMPERA,,100129,6.9815
OP-2026-0180,SA-EIXO-USIN,OP-2026-0163,,20.0000
OP-2026-0180,SA-EIXO-USIN,OP-2026-0176,,25.0000
OP-2026-0178,SA-CARC-FUND,OP-2026-0167,,100.0000
OP-2026-0178,SA-CARC-FUND,OP-2026-0171,,3.0000
OP-2026-0181,MP-GAXETA-NBR,,100122,100.0000
OP-2026-0181,MP-ORING-40,,100123,200.0000
OP-2026-0181,MP-PARAF-M8,,100124,400.0000
OP-2026-0181,SA-CARC-USIN,OP-2026-0165,,58.0000
OP-2026-0181,SA-CARC-USIN,OP-2026-0160,,42.0000
OP-2026-0182,MP-ALU-A380,,100125,160.0000
OP-2026-0189,MP-TINTA-EPOXI,,100126,40.4343
OP-2026-0189,MP-TINTA-EPOXI,,100130,3.5657
OP-2026-0189,SA-ESTRUT-SOLD,OP-2026-0156,,2.0000
OP-2026-0189,SA-ESTRUT-SOLD,OP-2026-0164,,53.0000
OP-2026-0391,MP-OLEO-TEMPERA,,100129,0.3000
OP-2026-0391,SA-EIXO-USIN,OP-2026-0176,,2.0000
OP-2026-0183,SA-CARC-FUND,OP-2026-0171,,42.0000
OP-2026-0183,SA-CARC-FUND,OP-2026-0182,,3.0000
OP-2026-0392,MP-ACO-1045,,100109,84.6000
OP-2026-0184,MP-ORING-40,,100123,26.0000
OP-2026-0184,MP-ORING-40,,100131,19.0000
OP-2026-0184,MP-PARAF-M8,,100124,270.0000
OP-2026-0184,MP-ROLAM-6205,,100128,90.0000
OP-2026-0184,SA-CARC-USIN,OP-2026-0160,,3.0000
OP-2026-0184,SA-CARC-USIN,OP-2026-0172,,42.0000
OP-2026-0184,SA-EIXO-TEMP,OP-2026-0390,,3.0000
OP-2026-0184,SA-EIXO-TEMP,OP-2026-0180,,41.0000
OP-2026-0184,SA-EIXO-TEMP,OP-2026-0391,,1.0000
OP-2026-0187,MP-ACO-1045,,100109,117.5000
OP-2026-0191,MP-OLEO-TEMPERA,,100129,6.7500
OP-2026-0191,SA-EIXO-USIN,OP-2026-0176,,18.0000
OP-2026-0191,SA-EIXO-USIN,OP-2026-0392,,29.0000
OP-2026-0192,MP-CHAPA-3MM,,100127,444.0000
OP-2026-0366,MP-GAXETA-NBR,,100122,6.0000
OP-2026-0366,MP-ORING-40,,100131,13.0000
OP-2026-0366,MP-PARAF-M8,,100124,24.0000
OP-2026-0366,SA-CARC-USIN,OP-2026-0172,,3.0000
OP-2026-0366,SA-CARC-USIN,OP-2026-0178,,3.0000
OP-2026-0188,MP-ALU-A380,,100125,512.0000
OP-2026-0190,MP-GAXETA-NBR,,100122,60.0000
OP-2026-0190,MP-GAXETA-NBR,,100132,40.0000
OP-2026-0190,MP-ORING-40,,100131,200.0000
OP-2026-0190,MP-PARAF-M8,,100124,400.0000
OP-2026-0190,SA-CARC-USIN,OP-2026-0178,,97.0000
OP-2026-0190,SA-CARC-USIN,OP-2026-0183,,3.0000
OP-2026-0185,MP-ALU-A380,,100125,148.3056
OP-2026-0194,MP-ACO-1045,,100109,1.6473
OP-2026-0194,MP-ACO-1045,,100133,121.6807
OP-2026-0193,SA-CARC-FUND,OP-2026-0182,,47.0000
OP-2026-0193,SA-CARC-FUND,OP-2026-0188,,3.0000
OP-2026-0196,MP-ALU-A380,,100125,34.3392
OP-2026-0196,MP-ALU-A380,,100134,116.6592
OP-2026-0205,MP-CHAPA-3MM,,100127,88.7597
OP-2026-0205,MP-CHAPA-3MM,,100135,382.3243
OP-2026-0195,MP-ALU-A380,,100134,160.0000
OP-2026-0197,SA-CARC-FUND,OP-2026-0188,,46.0000
OP-2026-0204,MP-CHAPA-3MM,,100135,367.6757
OP-2026-0204,MP-CHAPA-3MM,,100136,2.3243
OP-2026-0198,MP-ACO-1045,,100133,211.5000
OP-2026-0202,MP-OLEO-TEMPERA,,100129,7.5000
OP-2026-0202,SA-EIXO-USIN,OP-2026-0392,,7.0000
OP-2026-0202,SA-EIXO-USIN,OP-2026-0187,,43.0000
OP-2026-0199,SA-CARC-FUND,OP-2026-0188,,100.0000
OP-2026-0199,SA-CARC-FUND,OP-2026-0185,,42.0000
OP-2026-0199,SA-CARC-FUND,OP-2026-0196,,18.0000
OP-2026-0201,MP-ORING-40,,100131,18.0000
OP-2026-0201,MP-ORING-40,,100137,27.0000
OP-2026-0201,MP-PARAF-M8,,100124,74.0000
OP-2026-0201,MP-PARAF-M8,,100138,211.0000
OP-2026-0201,MP-ROLAM-6205,,100128,90.0000
OP-2026-0201,SA-CARC-USIN,OP-2026-0183,,42.0000
OP-2026-0201,SA-CARC-USIN,OP-2026-0193,,3.0000
OP-2026-0201,SA-EIXO-TEMP,OP-2026-0391,,1.0000
OP-2026-0201,SA-EIXO-TEMP,OP-2026-0191,,44.0000
OP-2026-0393,MP-ALU-A380,,100134,70.4000
OP-2026-0394,MP-ACO-1045,,100133,9.4000
OP-2026-0200,MP-ARAME-MIG,,100118,13.2000
OP-2026-0200,SA-SUPORTE-EST,OP-2026-0389,,2.0000
OP-2026-0200,SA-SUPORTE-EST,OP-2026-0192,,229.0000
OP-2026-0200,SA-SUPORTE-EST,OP-2026-0205,,9.0000
OP-2026-0207,SA-CARC-FUND,OP-2026-0196,,27.0000
OP-2026-0207,SA-CARC-FUND,OP-2026-0195,,23.0000
OP-2026-0209,SA-CARC-FUND,OP-2026-0195,,27.0000
OP-2026-0209,SA-CARC-FUND,OP-2026-0393,,18.0000
OP-2026-0203,MP-OLEO-TEMPERA,,100129,13.5000
OP-2026-0203,SA-EIXO-USIN,OP-2026-0187,,7.0000
OP-2026-0203,SA-EIXO-USIN,OP-2026-0194,,50.0000
OP-2026-0203,SA-EIXO-USIN,OP-2026-0198,,33.0000
OP-2026-0206,MP-ALU-A380,,100134,160.0000
OP-2026-0215,MP-TINTA-EPOXI,,100130,24.0000
OP-2026-0215,SA-SUPORTE-EST,OP-2026-0205,,200.0000
OP-2026-0210,MP-OLEO-TEMPERA,,100129,2.2576
OP-2026-0210,MP-OLEO-TEMPERA,,100139,5.2424
OP-2026-0210,SA-EIXO-USIN,OP-2026-0198,,50.0000
OP-2026-0210,SA-EIXO-USIN,OP-2026-0394,,3.0000
OP-2026-0208,MP-ACO-1045,,100133,117.5000
OP-2026-0213,MP-TINTA-EPOXI,,100130,50.7168
OP-2026-0213,SA-ESTRUT-SOLD,OP-2026-0164,,2.0000
OP-2026-0213,SA-ESTRUT-SOLD,OP-2026-0177,,54.0000
OP-2026-0213,SA-ESTRUT-SOLD,OP-2026-0200,,4.0000
OP-2026-0395,MP-CHAPA-3MM,,100136,22.2000
OP-2026-0396,MP-ACO-1045,,100133,110.4500
OP-2026-0212,MP-PARAF-M8,,100138,450.0000
OP-2026-0212,MP-ROLAM-6205,,100128,180.0000
OP-2026-0212,SA-CARC-USIN,OP-2026-0193,,45.0000
OP-2026-0212,SA-EIXO-TEMP,OP-2026-0191,,1.0000
OP-2026-0212,SA-EIXO-TEMP,OP-2026-0202,,50.0000
OP-2026-0212,SA-EIXO-TEMP,OP-2026-0203,,39.0000
OP-2026-0217,MP-ARAME-MIG,,100118,4.9177
OP-2026-0217,MP-ARAME-MIG,,100140,8.2823
OP-2026-0217,SA-SUPORTE-EST,OP-2026-0205,,31.0000
OP-2026-0217,SA-SUPORTE-EST,OP-2026-0204,,200.0000
OP-2026-0217,SA-SUPORTE-EST,OP-2026-0395,,9.0000
OP-2026-0211,MP-ORING-40,,100137,50.0000
OP-2026-0211,MP-PARAF-M8,,100138,300.0000
OP-2026-0211,MP-ROLAM-6205,,100128,100.0000
OP-2026-0211,SA-CARC-USIN,OP-2026-0193,,2.0000
OP-2026-0211,SA-CARC-USIN,OP-2026-0197,,45.0000
OP-2026-0211,SA-CARC-USIN,OP-2026-0199,,4.0000
OP-2026-0211,SA-EIXO-TEMP,OP-2026-0203,,50.0000
OP-2026-0216,MP-OLEO-TEMPERA,,100139,13.5000
OP-2026-0216,SA-EIXO-USIN,OP-2026-0394,,1.0000
OP-2026-0216,SA-EIXO-USIN,OP-2026-0208,,50.0000
OP-2026-0216,SA-EIXO-USIN,OP-2026-0396,,43.0000
OP-2026-0214,MP-GAXETA-NBR,,100132,160.0000
OP-2026-0214,MP-ORING-40,,100137,173.0000
OP-2026-0214,MP-ORING-40,,100141,167.0000
OP-2026-0214,MP-PARAF-M8,,100138,640.0000
OP-2026-0214,SA-CARC-USIN,OP-2026-0199,,156.0000
OP-2026-0214,SA-CARC-USIN,OP-2026-0207,,4.0000
OP-2026-0397,MP-ACO-1045,,100133,141.0000
OP-2026-0219,MP-OLEO-TEMPERA,,100139,7.5000
OP-2026-0219,SA-EIXO-USIN,OP-2026-0396,,4.0000
OP-2026-0219,SA-EIXO-USIN,OP-2026-0397,,48.0000
OP-2026-0224,MP-ACO-1045,,100133,180.3390
OP-2026-0399,MP-ALU-A380,,100134,25.6000
OP-2026-0220,MP-ORING-40,,100141,50.0000
OP-2026-0220,MP-PARAF-M8,,100138,300.0000
OP-2026-0220,MP-ROLAM-6205,,100128,13.0000
OP-2026-0220,MP-ROLAM-6205,,100142,87.0000
OP-2026-0220,SA-CARC-USIN,OP-2026-0207,,46.0000
OP-2026-0220,SA-CARC-USIN,OP-2026-0209,,4.0000
OP-2026-0220,SA-EIXO-TEMP,OP-2026-0203,,1.0000
OP-2026-0220,SA-EIXO-TEMP,OP-2026-0210,,49.0000
OP-2026-0225,MP-TINTA-EPOXI,,100130,41.7175
OP-2026-0225,MP-TINTA-EPOXI,,100143,4.9481
OP-2026-0225,SA-ESTRUT-SOLD,OP-2026-0200,,56.0000
OP-2026-0225,SA-ESTRUT-SOLD,OP-2026-0217,,4.0000
OP-2026-0223,MP-ALU-A380,,100134,304.0000
OP-2026-0398,SA-CARC-FUND,OP-2026-0206,,1.0000
OP-2026-0398,SA-CARC-FUND,OP-2026-0399,,7.0000
OP-2026-0218,SA-CARC-FUND,OP-2026-0393,,4.0000
OP-2026-0218,SA-CARC-FUND,OP-2026-0206,,46.0000
OP-2026-0222,MP-PARAF-M8,,100138,49.0000
OP-2026-0222,MP-PARAF-M8,,100144,401.0000
OP-2026-0222,MP-ROLAM-6205,,100142,180.0000
OP-2026-0222,SA-CARC-USIN,OP-2026-0209,,41.0000
OP-2026-0222,SA-CARC-USIN,OP-2026-0398,,6.0000
OP-2026-0222,SA-EIXO-TEMP,OP-2026-0210,,1.0000
OP-2026-0222,SA-EIXO-TEMP,OP-2026-0216,,86.0000
OP-2026-0222,SA-EIXO-TEMP,OP-2026-0219,,3.0000
OP-2026-0400,MP-OLEO-TEMPERA,,100139,1.3500
OP-2026-0400,SA-EIXO-USIN,OP-2026-0397,,9.0000
OP-2026-0221,MP-ALU-A380,,100134,240.0000
OP-2026-0229,MP-ORING-40,,100141,50.0000
OP-2026-0229,MP-PARAF-M8,,100144,300.0000
OP-2026-0229,MP-ROLAM-6205,,100142,100.0000
OP-2026-0229,SA-CARC-USIN,OP-2026-0398,,2.0000
OP-2026-0229,SA-CARC-USIN,OP-2026-0218,,48.0000
OP-2026-0229,SA-EIXO-TEMP,OP-2026-0219,,43.0000
OP-2026-0229,SA-EIXO-TEMP,OP-2026-0400,,7.0000
OP-2026-0226,MP-ALU-A380,,100134,112.0000
OP-2026-0228,MP-CHAPA-3MM,,100136,333.0000
OP-2026-0227,MP-ACO-1045,,100133,33.1303
OP-2026-0227,MP-ACO-1045,,100145,131.3697
OP-2026-0401,MP-CHAPA-3MM,,100136,9.2500
OP-2026-0233,MP-ACO-1045,,100145,164.5000
OP-2026-0237,MP-ARAME-MIG,,100140,9.9000
OP-2026-0237,SA-SUPORTE-EST,OP-2026-0395,,3.0000
OP-2026-0237,SA-SUPORTE-EST,OP-2026-0228,,167.0000
OP-2026-0237,SA-SUPORTE-EST,OP-2026-0401,,4.0000
OP-2026-0231,MP-ALU-A380,,100134,261.3408
OP-2026-0231,MP-ALU-A380,,100146,42.6592
OP-2026-0234,SA-CARC-FUND,OP-2026-0399,,1.0000
OP-2026-0234,SA-CARC-FUND,OP-2026-0223,,73.0000
OP-2026-0235,MP-ALU-A380,,100146,256.6080
OP-2026-0240,MP-CHAPA-3MM,,100136,402.0198
OP-2026-0239,MP-OLEO-TEMPERA,,100139,11.2500
OP-2026-0239,SA-EIXO-USIN,OP-2026-0397,,3.0000
OP-2026-0239,SA-EIXO-USIN,OP-2026-0224,,72.0000
OP-2026-0402,MP-ACO-1045,,100147,4.7000
OP-2026-0230,MP-ALU-A380,,100146,112.0000
OP-2026-0236,MP-ACO-1045,,100145,154.1303
OP-2026-0236,MP-ACO-1045,,100147,22.1197
OP-2026-0241,MP-OLEO-TEMPERA,,100139,10.5000
OP-2026-0241,SA-EIXO-USIN,OP-2026-0224,,3.0000
OP-2026-0241,SA-EIXO-USIN,OP-2026-0233,,66.0000
OP-2026-0241,SA-EIXO-USIN,OP-2026-0402,,1.0000
OP-2026-0232,SA-CARC-FUND,OP-2026-0223,,15.0000
OP-2026-0232,SA-CARC-FUND,OP-2026-0221,,75.0000
OP-2026-0232,SA-CARC-FUND,OP-2026-0226,,6.0000
OP-2026-0238,SA-CARC-FUND,OP-2026-0226,,29.0000
OP-2026-0238,SA-CARC-FUND,OP-2026-0231,,8.0000
OP-2026-0242,MP-CHAPA-3MM,,100136,333.0000
OP-2026-0246,MP-TINTA-EPOXI,,100143,37.3860
OP-2026-0246,SA-ESTRUT-SOLD,OP-2026-0217,,45.0000
OP-2026-0403,MP-ACO-1045,,100147,7.0500
OP-2026-0243,MP-ALU-A380,,100146,115.3824
OP-2026-0245,SA-CARC-FUND,OP-2026-0231,,35.0000
OP-2026-0248,MP-TINTA-EPOXI,,100143,17.6659
OP-2026-0248,MP-TINTA-EPOXI,,100148,7.5341
OP-2026-0248,SA-SUPORTE-EST,OP-2026-0401,,1.0000
OP-2026-0248,SA-SUPORTE-EST,OP-2026-0240,,209.0000
OP-2026-0254,MP-OLEO-TEMPERA,,100139,10.6576
OP-2026-0254,MP-OLEO-TEMPERA,,100149,0.5924
OP-2026-0254,SA-EIXO-USIN,OP-2026-0402,,1.0000
OP-2026-0254,SA-EIXO-USIN,OP-2026-0236,,72.0000
OP-2026-0254,SA-EIXO-USIN,OP-2026-0403,,2.0000
OP-2026-0404,MP-ACO-1045,,100147,180.9500
OP-2026-0244,SA-CARC-FUND,OP-2026-0231,,52.0000
OP-2026-0244,SA-CARC-FUND,OP-2026-0235,,43.0000
OP-2026-0247,SA-CARC-FUND,OP-2026-0235,,29.0000
OP-2026-0247,SA-CARC-FUND,OP-2026-0230,,32.0000
OP-2026-0247,SA-CARC-FUND,OP-2026-0243,,14.0000
OP-2026-0251,MP-OLEO-TEMPERA,,100149,10.5000
OP-2026-0251,SA-EIXO-USIN,OP-2026-0403,,1.0000
OP-2026-0251,SA-EIXO-USIN,OP-2026-0404,,71.0000
OP-2026-0252,MP-ARAME-MIG,,100140,6.8177
OP-2026-0252,MP-ARAME-MIG,,100150,3.0823
OP-2026-0252,SA-SUPORTE-EST,OP-2026-0240,,1.0000
OP-2026-0252,SA-SUPORTE-EST,OP-2026-0242,,179.0000
OP-2026-0255,MP-ACO-1045,,100147,164.5000
OP-2026-0249,MP-GAXETA-NBR,,100151,95.0000
OP-2026-0249,MP-ORING-40,,100141,83.0000
OP-2026-0249,MP-ORING-40,,100152,107.0000
OP-2026-0249,MP-PARAF-M8,,100144,380.0000
OP-2026-0249,SA-CARC-USIN,OP-2026-0218,,2.0000
OP-2026-0249,SA-CARC-USIN,OP-2026-0234,,71.0000
OP-2026-0249,SA-CARC-USIN,OP-2026-0232,,22.0000
OP-2026-0250,MP-ORING-40,,100152,75.0000
OP-2026-0250,MP-PARAF-M8,,100144,450.0000
OP-2026-0250,MP-ROLAM-6205,,100142,150.0000
OP-2026-0250,SA-CARC-USIN,OP-2026-0232,,73.0000
OP-2026-0250,SA-CARC-USIN,OP-2026-0238,,2.0000
OP-2026-0250,SA-EIXO-TEMP,OP-2026-0400,,2.0000
OP-2026-0250,SA-EIXO-TEMP,OP-2026-0239,,73.0000
OP-2026-0253,MP-PARAF-M8,,100144,350.0000
OP-2026-0253,MP-ROLAM-6205,,100142,33.0000
OP-2026-0253,MP-ROLAM-6205,,100153,107.0000
OP-2026-0253,SA-CARC-USIN,OP-2026-0238,,33.0000
OP-2026-0253,SA-CARC-USIN,OP-2026-0245,,2.0000
OP-2026-0253,SA-EIXO-TEMP,OP-2026-0239,,2.0000
OP-2026-0253,SA-EIXO-TEMP,OP-2026-0241,,68.0000
OP-2026-0405,MP-ALU-A380,,100146,51.2000
OP-2026-0256,SA-CARC-FUND,OP-2026-0243,,21.0000
OP-2026-0256,SA-CARC-FUND,OP-2026-0405,,14.0000
OP-2026-0407,MP-ALU-A380,,100146,99.2000
OP-2026-0258,MP-GAXETA-NBR,,100151,55.0000
OP-2026-0258,MP-GAXETA-NBR,,100154,40.0000
OP-2026-0258,MP-ORING-40,,100152,190.0000
OP-2026-0258,MP-PARAF-M8,,100144,380.0000
OP-2026-0258,SA-CARC-USIN,OP-2026-0245,,33.0000
OP-2026-0258,SA-CARC-USIN,OP-2026-0247,,64.0000
OP-2026-0260,MP-ACO-1045,,100147,82.2500
OP-2026-0264,SA-ESTRUT-SOLD,OP-2026-0217,,8.0000
OP-2026-0264,SA-ESTRUT-SOLD,OP-2026-0237,,40.0000
OP-2026-0406,SA-CARC-FUND,OP-2026-0405,,2.0000
OP-2026-0406,SA-CARC-FUND,OP-2026-0407,,25.0000
OP-2026-0257,MP-ALU-A380,,100146,110.4096
OP-2026-0261,SA-CARC-USIN,OP-2026-0247,,11.0000
OP-2026-0261,SA-CARC-USIN,OP-2026-0406,,24.0000
OP-2026-0261,SA-EIXO-TEMP,OP-2026-0241,,2.0000
OP-2026-0261,SA-EIXO-TEMP,OP-2026-0254,,68.0000
OP-2026-0266,MP-CHAPA-3MM,,100136,298.2059
OP-2026-0266,MP-CHAPA-3MM,,100155,71.7941
OP-2026-0267,MP-OLEO-TEMPERA,,100149,10.5000
OP-2026-0263,MP-ORING-40,,100152,77.0000
OP-2026-0263,MP-ROLAM-6205,,100153,150.0000
OP-2026-0262,MP-ALU-A380,,100146,237.5408
OP-2026-0262,MP-ALU-A380,,100156,66.4592
OP-2026-0268,MP-ALU-A380,,100156,112.0000
OP-2026-0265,MP-ACO-1045,,100147,388.4303
OP-2026-0265,MP-ACO-1045,,100157,58.0697
OP-2026-0270,SA-CARC-FUND,OP-2026-0407,,6.0000
OP-2026-0270,SA-CARC-FUND,OP-2026-0257,,29.0000
OP-2026-0277,MP-CHAPA-3MM,,100155,362.8183
OP-2026-0272,MP-OLEO-TEMPERA,,100149,5.3923
OP-2026-0272,SA-EIXO-USIN,OP-2026-0404,,6.0000
OP-2026-0272,SA-EIXO-USIN,OP-2026-0255,,29.0000
OP-2026-0411,MP-ALU-A380,,100156,102.4000
OP-2026-0273,MP-ARAME-MIG,,100150,10.6854
OP-2026-0409,MP-ALU-A380,,100156,108.8000
OP-2026-0408,SA-CARC-FUND,OP-2026-0262,,3.0000
OP-2026-0408,SA-CARC-FUND,OP-2026-0268,,35.0000
OP-2026-0408,SA-CARC-FUND,OP-2026-0409,,32.0000
OP-2026-0275,SA-CARC-FUND,OP-2026-0257,,6.0000
OP-2026-0275,SA-CARC-FUND,OP-2026-0262,,89.0000
OP-2026-0276,MP-ACO-1045,,100157,82.2500
OP-2026-0278,MP-OLEO-TEMPERA,,100149,28.5000
OP-2026-0278,SA-EIXO-USIN,OP-2026-0255,,38.0000
OP-2026-0278,SA-EIXO-USIN,OP-2026-0260,,35.0000
OP-2026-0278,SA-EIXO-USIN,OP-2026-0265,,128.0000
OP-2026-0410,SA-CARC-FUND,OP-2026-0409,,2.0000
OP-2026-0410,SA-CARC-FUND,OP-2026-0411,,28.0000
OP-2026-0281,MP-GAXETA-NBR,,100154,160.0000
OP-2026-0281,MP-ORING-40,,100152,1.0000
OP-2026-0281,MP-ORING-40,,100158,319.0000
OP-2026-0281,MP-PARAF-M8,,100144,639.0000
OP-2026-0281,MP-PARAF-M8,,100159,1.0000
OP-2026-0281,SA-CARC-USIN,OP-2026-0406,,3.0000
OP-2026-0281,SA-CARC-USIN,OP-2026-0275,,95.0000
OP-2026-0281,SA-CARC-USIN,OP-2026-0408,,62.0000
OP-2026-0412,MP-ARAME-MIG,,100150,0.4400
OP-2026-0412,SA-SUPORTE-EST,OP-2026-0242,,1.0000
OP-2026-0412,SA-SUPORTE-EST,OP-2026-0266,,7.0000
OP-2026-0413,MP-ALU-A380,,100156,121.6000
OP-2026-0271,MP-PARAF-M8,,100159,350.0000
OP-2026-0271,MP-ROLAM-6205,,100153,140.0000
OP-2026-0271,SA-CARC-USIN,OP-2026-0408,,8.0000
OP-2026-0271,SA-CARC-USIN,OP-2026-0410,,27.0000
OP-2026-0271,SA-EIXO-TEMP,OP-2026-0254,,7.0000
OP-2026-0271,SA-EIXO-TEMP,OP-2026-0251,,64.0000
OP-2026-0286,MP-TINTA-EPOXI,,100148,40.0000
OP-2026-0286,SA-ESTRUT-SOLD,OP-2026-0237,,4.0000
OP-2026-0286,SA-ESTRUT-SOLD,OP-2026-0252,,45.0000
OP-2026-0286,SA-ESTRUT-SOLD,OP-2026-0412,,1.0000
OP-2026-0284,MP-TINTA-EPOXI,,100148,22.8000
OP-2026-0284,SA-SUPORTE-EST,OP-2026-0266,,193.0000
OP-2026-0284,SA-SUPORTE-EST,OP-2026-0277,,6.0000
OP-2026-0279,SA-CARC-FUND,OP-2026-0411,,4.0000
OP-2026-0279,SA-CARC-FUND,OP-2026-0413,,31.0000
OP-2026-0417,MP-CHAPA-3MM,,100155,86.9500
OP-2026-0415,MP-ALU-A380,,100156,204.8000
OP-2026-0288,MP-OLEO-TEMPERA,,100149,4.5153
OP-2026-0288,MP-OLEO-TEMPERA,,100160,0.7347
OP-2026-0288,SA-EIXO-USIN,OP-2026-0265,,37.0000
OP-2026-0367,MP-TINTA-EPOXI,,100148,0.8400
OP-2026-0367,SA-SUPORTE-EST,OP-2026-0277,,7.0000
OP-2026-0414,SA-CARC-FUND,OP-2026-0413,,7.0000
OP-2026-0414,SA-CARC-FUND,OP-2026-0415,,57.0000
OP-2026-0416,MP-ARAME-MIG,,100150,10.7923
OP-2026-0416,MP-ARAME-MIG,,100163,1.3077
OP-2026-0416,SA-SUPORTE-EST,OP-2026-0277,,177.0000
OP-2026-0416,SA-SUPORTE-EST,OP-2026-0417,,43.0000
OP-2026-0287,MP-PARAF-M8,,100159,950.0000
OP-2026-0287,MP-ROLAM-6205,,100153,153.0000
OP-2026-0287,MP-ROLAM-6205,,100161,227.0000
OP-2026-0287,SA-CARC-USIN,OP-2026-0410,,3.0000
OP-2026-0287,SA-CARC-USIN,OP-2026-0279,,35.0000
OP-2026-0287,SA-CARC-USIN,OP-2026-0414,,57.0000
OP-2026-0287,SA-EIXO-TEMP,OP-2026-0251,,6.0000
OP-2026-0287,SA-EIXO-TEMP,OP-2026-0278,,184.0000
OP-2026-0292,MP-TINTA-EPOXI,,100148,8.8259
OP-2026-0292,MP-TINTA-EPOXI,,100162,31.1741
OP-2026-0292,SA-ESTRUT-SOLD,OP-2026-0412,,1.0000
OP-2026-0292,SA-ESTRUT-SOLD,OP-2026-0416,,49.0000
OP-2026-0289,MP-ALU-A380,,100156,458.9408
OP-2026-0289,MP-ALU-A380,,100164,5.0592
OP-2026-0290,MP-ALU-A380,,100164,80.0000
OP-2026-0418,MP-CHAPA-3MM,,100155,203.4376
OP-2026-0418,MP-CHAPA-3MM,,100165,240.5624
OP-2026-0285,MP-ALU-A380,,100164,112.0000
OP-2026-0282,MP-ARAME-MIG,,100163,10.8845
OP-2026-0282,SA-SUPORTE-EST,OP-2026-0417,,4.0000
OP-2026-0282,SA-SUPORTE-EST,OP-2026-0418,,196.0000
OP-2026-0291,MP-ACO-1045,,100157,119.9088
OP-2026-0295,MP-ALU-A380,,100164,320.0000
OP-2026-0296,MP-ACO-1045,,100157,235.0000
OP-2026-0293,SA-CARC-FUND,OP-2026-0415,,7.0000
OP-2026-0293,SA-CARC-FUND,OP-2026-0289,,28.0000
OP-2026-0297,MP-OLEO-TEMPERA,,100160,5.2500
OP-2026-0297,SA-EIXO-USIN,OP-2026-0265,,25.0000
OP-2026-0297,SA-EIXO-USIN,OP-2026-0276,,10.0000
OP-2026-0298,MP-CHAPA-3MM,,100165,509.4376
OP-2026-0298,MP-CHAPA-3MM,,100166,82.5624
OP-2026-0301,MP-ALU-A380,,100164,80.0000
OP-2026-0294,MP-ORING-40,,100158,31.0000
OP-2026-0294,MP-ORING-40,,100167,4.0000
OP-2026-0294,MP-PARAF-M8,,100159,210.0000
OP-2026-0294,MP-ROLAM-6205,,100161,70.0000
OP-2026-0294,SA-CARC-USIN,OP-2026-0414,,7.0000
OP-2026-0294,SA-CARC-USIN,OP-2026-0293,,28.0000
OP-2026-0294,SA-EIXO-TEMP,OP-2026-0278,,6.0000
OP-2026-0294,SA-EIXO-TEMP,OP-2026-0288,,29.0000
OP-2026-0299,SA-CARC-FUND,OP-2026-0289,,117.0000
OP-2026-0299,SA-CARC-FUND,OP-2026-0285,,28.0000
OP-2026-0419,MP-CHAPA-3MM,,100166,601.2500
OP-2026-0422,MP-CHAPA-3MM,,100166,341.1876
OP-2026-0422,MP-CHAPA-3MM,,100170,54.7124
OP-2026-0420,MP-OLEO-TEMPERA,,100160,14.5500
OP-2026-0420,SA-EIXO-USIN,OP-2026-0276,,23.0000
OP-2026-0420,SA-EIXO-USIN,OP-2026-0291,,50.0000
OP-2026-0420,SA-EIXO-USIN,OP-2026-0296,,24.0000
OP-2026-0421,MP-ACO-1045,,100157,62.2715
OP-2026-0421,MP-ACO-1045,,100169,407.7285
OP-2026-0300,SA-CARC-FUND,OP-2026-0285,,6.0000
OP-2026-0300,SA-CARC-FUND,OP-2026-0295,,19.0000
OP-2026-0302,MP-ACO-1045,,100157,117.5000
OP-2026-0303,SA-CARC-FUND,OP-2026-0295,,76.0000
OP-2026-0303,SA-CARC-FUND,OP-2026-0301,,24.0000
OP-2026-0304,MP-PARAF-M8,,100159,210.0000
OP-2026-0305,MP-ARAME-MIG,,100163,12.8078
OP-2026-0305,MP-ARAME-MIG,,100168,4.7922
OP-2026-0305,SA-SUPORTE-EST,OP-2026-0418,,44.0000
OP-2026-0305,SA-SUPORTE-EST,OP-2026-0419,,292.0000
OP-2026-0306,MP-OLEO-TEMPERA,,100160,7.5000
