ordem_codigo,componente_codigo,quantidade_planejada,quantidade_consumida,justificativa,justificado_por,data_registro
OP-2025-0377,105000005,316.0000,316.0000,,,2025-03-01
OP-2025-0377,110000004,17.3800,17.3800,,,2025-03-01
OP-2025-0378,110000002,667.8500,667.8500,,,2025-02-27
OP-2025-0386,110000001,291.2000,291.2000,,,2025-03-07
OP-2025-0379,110000003,118.4000,118.4000,,,2025-03-07
OP-2025-0380,105000003,13.0000,13.0000,,,2025-03-09
OP-2025-0001,105000003,30.0000,30.0000,,,2025-03-08
OP-2025-0384,110000003,281.6000,281.6000,,,2025-03-07
OP-2025-0002,105000006,70.0000,70.0000,,,2025-03-04
OP-2025-0002,110000005,56.0000,57.9992,Variação na espessura da camada de tinta,analista.pcp,2025-03-04
OP-2025-0003,105000004,40.0000,40.0000,,,2025-03-10
OP-2025-0003,110000009,80.0000,80.0000,,,2025-03-10
OP-2025-0003,110000010,40.0000,43.0000,Componente danificado no manuseio,supervisor.turno.a,2025-03-10
OP-2025-0003,110000007,160.0000,160.0000,,,2025-03-10
OP-2025-0004,110000003,128.0000,134.1824,Refugo por porosidade na fundição,supervisor.turno.b,2025-03-12
OP-2025-0381,110000003,25.6000,25.6000,,,2025-03-06
OP-2025-0382,110000002,209.0500,209.0500,,,2025-03-07
OP-2025-0383,105000003,85.0000,85.0000,,,2025-03-10
OP-2025-0005,105000005,150.0000,150.0000,,,2025-03-10
OP-2025-0005,110000005,18.0000,18.0000,,,2025-03-10
OP-2025-0006,105000004,30.0000,,,,
OP-2025-0006,105000002,60.0000,,,,
OP-2025-0006,110000008,120.0000,,,,
OP-2025-0006,110000007,300.0000,,,,
OP-2025-0387,110000001,111.8000,111.8000,,,2025-03-10
OP-2025-0007,105000004,80.0000,80.0000,,,2025-03-11
OP-2025-0007,105000002,80.0000,80.0000,,,2025-03-11
OP-2025-0007,110000008,160.0000,160.0000,,,2025-03-11
OP-2025-0007,110000007,640.0000,631.0000,Aproveitamento de sobra do lote anterior,supervisor.turno.a,2025-03-11
OP-2025-0008,110000003,176.0000,176.0000,,,2025-03-12
OP-2025-0009,105000001,60.0000,60.0000,,,2025-03-13
OP-2025-0009,110000006,9.0000,9.0000,,,2025-03-13
OP-2025-0385,105000001,90.0000,90.0000,,,2025-03-10
OP-2025-0385,110000006,13.5000,13.5000,,,2025-03-10
OP-2025-0010,105000004,40.0000,40.0000,,,2025-03-24
OP-2025-0010,110000009,80.0000,80.0000,,,2025-03-24
OP-2025-0010,110000010,40.0000,40.0000,,,2025-03-24
OP-2025-0010,110000007,160.0000,160.0000,,,2025-03-24
OP-2025-0011,110000003,112.0000,112.0000,,,2025-03-21
OP-2025-0012,110000003,272.0000,272.0000,,,2025-03-19
OP-2025-0013,105000003,40.0000,41.0000,Refugo por dimensional fora de tolerância,supervisor.turno.b,2025-03-20
OP-2025-0014,105000004,30.0000,30.0000,,,2025-03-27
OP-2025-0014,105000002,60.0000,64.0000,Componente danificado no manuseio,analista.pcp,2025-03-27
OP-2025-0014,110000008,120.0000,120.0000,,,2025-03-27
OP-2025-0014,110000007,300.0000,300.0000,,,2025-03-27
OP-2025-0015,110000001,221.0000,214.4142,Aproveitamento de sobra do lote anterior,supervisor.turno.c,2025-03-25
OP-2025-0016,110000001,182.0000,194.6672,Perda de material no setup da máquina,supervisor.turno.b,2025-03-25
OP-2025-0017,105000003,55.0000,57.0000,Quebra de ferramenta durante o corte,supervisor.turno.c,2025-03-22
OP-2025-0018,110000003,176.0000,187.7920,Perda de metal no canal de alimentação,analista.pcp,2025-03-26
OP-2025-0019,110000002,148.0000,148.0000,,,2025-03-25
OP-2025-0020,110000003,112.0000,112.0000,,,2025-04-02
OP-2025-0021,110000001,182.0000,182.0000,,,2025-03-30
OP-2025-0022,105000003,35.0000,35.0000,,,2025-04-04
OP-2025-0023,105000004,40.0000,40.0000,,,2025-04-03
OP-2025-0023,110000009,80.0000,80.0000,,,2025-04-03
OP-2025-0023,110000010,40.0000,40.0000,,,2025-04-03
OP-2025-0023,110000007,160.0000,160.0000,,,2025-04-03
OP-2025-0024,105000003,85.0000,85.0000,,,2025-04-02
OP-2025-0025,105000001,70.0000,70.0000,,,2025-04-03
OP-2025-0025,110000006,10.5000,10.5000,,,2025-04-03
OP-2025-0026,105000001,85.0000,82.0000,Aproveitamento de sobra do lote anterior,supervisor.turno.c,2025-04-04
OP-2025-0026,110000006,12.7500,13.6527,Reprocesso por dureza abaixo da especificação,supervisor.turno.c,2025-04-04
OP-2025-0027,105000005,80.0000,80.0000,,,2025-04-10
OP-2025-0027,110000004,4.4000,4.4000,,,2025-04-10
OP-2025-0028,110000002,148.0000,148.0000,,,2025-04-03
OP-2025-0029,110000002,138.7500,138.7500,,,2025-03-31
OP-2025-0388,105000005,56.0000,56.0000,,,2025-04-07
OP-2025-0388,110000004,3.0800,3.0800,,,2025-04-07
OP-2025-0030,105000004,55.0000,59.0000,Componente danificado no manuseio,supervisor.turno.a,2025-04-09
OP-2025-0030,110000009,110.0000,110.0000,,,2025-04-09
OP-2025-0030,110000010,55.0000,55.0000,,,2025-04-09
OP-2025-0030,110000007,220.0000,220.0000,,,2025-04-09
OP-2025-0031,105000003,55.0000,55.0000,,,2025-04-08
OP-2025-0032,105000003,35.0000,34.0000,Aproveitamento de sobra do lote anterior,analista.pcp,2025-04-13
OP-2025-0033,110000003,240.0000,250.1040,Perda de metal no canal de alimentação,supervisor.turno.a,2025-04-13
OP-2025-0034,105000001,70.0000,70.0000,,,2025-04-08
OP-2025-0034,110000006,10.5000,10.9704,Reprocesso por dureza abaixo da especificação,analista.pcp,2025-04-08
OP-2025-0035,105000004,85.0000,85.0000,,,2025-04-12
OP-2025-0035,105000002,85.0000,86.0000,Parafuso com rosca danificada substituído,supervisor.turno.b,2025-04-12
OP-2025-0035,110000008,170.0000,170.0000,,,2025-04-12
OP-2025-0035,110000007,680.0000,680.0000,,,2025-04-12
OP-2025-0036,105000005,80.0000,80.0000,,,2025-04-16
OP-2025-0036,110000004,4.4000,4.4000,,,2025-04-16
OP-2025-0037,110000002,138.7500,138.7500,,,2025-04-14
OP-2025-0038,105000006,20.0000,20.0000,,,2025-04-10
OP-2025-0038,110000005,16.0000,16.0000,,,2025-04-10
OP-2025-0039,105000004,35.0000,35.0000,,,2025-04-14
OP-2025-0039,105000002,70.0000,68.0000,Aproveitamento de sobra do lote anterior,supervisor.turno.c,2025-04-14
OP-2025-0039,110000008,140.0000,140.0000,,,2025-04-14
OP-2025-0039,110000007,350.0000,350.0000,,,2025-04-14
OP-2025-0040,105000005,75.0000,75.0000,,,2025-04-12
OP-2025-0040,110000005,9.0000,9.0000,,,2025-04-12
OP-2025-0041,110000001,91.0000,91.0000,,,2025-04-19
OP-2025-0042,110000002,148.0000,150.7380,Perda de chapa no ajuste da ferramenta,analista.pcp,2025-04-10
OP-2025-0043,110000003,112.0000,115.7744,Refugo por porosidade na fundição,supervisor.turno.a,2025-04-12
OP-2025-0044,110000003,112.0000,112.0000,,,2025-04-20
OP-2025-0389,105000003,45.0000,45.0000,,,2025-04-15
OP-2025-0045,110000001,182.0000,182.0000,,,2025-04-18
OP-2025-0370,105000004,2.0000,2.0000,,,2025-04-14
OP-2025-0370,105000002,4.0000,4.0000,,,2025-04-14
OP-2025-0370,110000008,8.0000,8.0000,,,2025-04-14
OP-2025-0370,110000007,20.0000,20.0000,,,2025-04-14
OP-2025-0046,105000004,55.0000,55.0000,,,2025-04-18
OP-2025-0046,110000009,110.0000,110.0000,,,2025-04-18
OP-2025-0046,110000010,55.0000,55.0000,,,2025-04-18
OP-2025-0046,110000007,220.0000,228.0000,Parafuso com rosca danificada substituído,analista.pcp,2025-04-18
OP-2025-0047,105000005,80.0000,80.0000,,,2025-04-24
OP-2025-0047,110000004,4.4000,4.4000,,,2025-04-24
OP-2025-0048,105000004,35.0000,,,,
OP-2025-0048,105000002,70.0000,,,,
OP-2025-0048,110000008,140.0000,,,,
OP-2025-0048,110000007,350.0000,,,,
OP-2025-0049,105000005,75.0000,,,,
OP-2025-0049,110000005,9.0000,,,,
OP-2025-0050,105000006,20.0000,20.0000,,,2025-04-18
OP-2025-0050,110000005,16.0000,15.6976,Aproveitamento de sobra do lote anterior,supervisor.turno.c,2025-04-18
OP-2025-0051,105000003,75.0000,75.0000,,,2025-04-27
OP-2025-0052,110000003,112.0000,112.0000,,,2025-04-28
OP-2025-0053,105000003,35.0000,36.0000,Quebra de ferramenta durante o corte,supervisor.turno.c,2025-04-23
OP-2025-0054,110000002,222.0000,235.2534,Perda de chapa no ajuste da ferramenta,supervisor.turno.c,2025-04-27
OP-2025-0055,110000003,240.0000,240.0000,,,2025-04-28
OP-2025-0056,110000001,91.0000,91.0000,,,2025-04-27
OP-2025-0057,105000003,35.0000,,,,
OP-2025-0058,105000001,35.0000,,,,
OP-2025-0058,110000006,5.2500,,,,
OP-2025-0059,110000003,112.0000,112.0000,,,2025-05-02
OP-2025-0390,110000003,60.8000,60.8000,,,2025-04-26
OP-2025-0060,105000006,20.0000,20.0000,,,2025-04-27
OP-2025-0060,110000005,16.0000,16.0000,,,2025-04-27
OP-2025-0061,110000001,182.0000,182.0000,,,2025-05-04
OP-2025-0062,105000005,120.0000,120.0000,,,2025-05-04
OP-2025-0062,110000004,6.6000,6.6924,Retrabalho de cordão de solda,supervisor.turno.c,2025-05-04
OP-2025-0063,105000001,70.0000,71.0000,Reprocesso por dureza abaixo da especificação,supervisor.turno.a,2025-05-05
OP-2025-0063,110000006,10.5000,10.5000,,,2025-05-05
OP-2025-0064,110000002,222.0000,222.0000,,,2025-04-28
OP-2025-0065,110000002,120.2500,120.2500,,,2025-05-03
OP-2025-0066,105000003,75.0000,75.0000,,,2025-05-10
OP-2025-0067,105000003,35.0000,35.0000,,,2025-05-10
OP-2025-0068,105000004,35.0000,35.0000,,,2025-05-07
OP-2025-0068,105000002,35.0000,35.0000,,,2025-05-07
OP-2025-0068,110000008,70.0000,73.0000,Parafuso com rosca danificada substituído,supervisor.turno.a,2025-05-07
OP-2025-0068,110000007,280.0000,288.0000,Parafuso com rosca danificada substituído,supervisor.turno.b,2025-05-07
OP-2025-0069,105000004,75.0000,75.0000,,,2025-05-09
OP-2025-0069,110000009,150.0000,150.0000,,,2025-05-09
OP-2025-0069,110000010,75.0000,75.0000,,,2025-05-09
OP-2025-0069,110000007,300.0000,300.0000,,,2025-05-09
OP-2025-0070,105000003,35.0000,35.0000,,,2025-05-06
OP-2025-0071,105000001,35.0000,35.0000,,,2025-05-12
OP-2025-0071,110000006,5.2500,5.5535,Reprocesso por dureza abaixo da especificação,supervisor.turno.a,2025-05-12
OP-2025-0072,110000001,91.0000,91.0000,,,2025-05-13
OP-2025-0073,105000004,35.0000,37.0000,Parafuso com rosca danificada substituído,analista.pcp,2025-05-12
OP-2025-0073,105000002,70.0000,70.0000,,,2025-05-12
OP-2025-0073,110000008,140.0000,140.0000,,,2025-05-12
OP-2025-0073,110000007,350.0000,350.0000,,,2025-05-12
OP-2025-0074,110000003,112.0000,120.4336,Perda de metal no canal de alimentação,analista.pcp,2025-05-18
OP-2025-0075,105000005,120.0000,120.0000,,,2025-05-10
OP-2025-0075,110000004,6.6000,6.9927,Retrabalho de cordão de solda,supervisor.turno.a,2025-05-10
OP-2025-0076,105000001,70.0000,73.0000,Troca parcial do óleo de têmpera,supervisor.turno.b,2025-05-12
OP-2025-0076,110000006,10.5000,10.5000,,,2025-05-12
OP-2025-0077,105000006,30.0000,30.0000,,,2025-05-13
OP-2025-0077,110000005,24.0000,25.8360,Repintura por falha de aderência,supervisor.turno.a,2025-05-13
OP-2025-0078,105000005,65.0000,69.0000,Variação na espessura da camada de tinta,supervisor.turno.a,2025-05-11
OP-2025-0078,110000005,7.8000,7.8000,,,2025-05-11
OP-2025-0079,110000002,120.2500,120.2500,,,2025-05-08
OP-2025-0080,110000001,130.0000,130.0000,,,2025-05-14
OP-2025-0081,110000001,91.0000,91.0000,,,2025-05-17
OP-2025-0082,110000002,222.0000,222.0000,,,2025-05-15
OP-2025-0083,110000003,80.0000,80.0000,,,2025-05-18
OP-2025-0084,105000004,75.0000,80.0000,Componente danificado no manuseio,supervisor.turno.a,2025-05-20
OP-2025-0084,110000009,150.0000,150.0000,,,2025-05-20
OP-2025-0084,110000010,75.0000,75.0000,,,2025-05-20
OP-2025-0084,110000007,300.0000,300.0000,,,2025-05-20
OP-2025-0085,105000004,35.0000,35.0000,,,2025-05-22
OP-2025-0085,105000002,35.0000,35.0000,,,2025-05-22
OP-2025-0085,110000008,70.0000,70.0000,,,2025-05-22
OP-2025-0085,110000007,280.0000,280.0000,,,2025-05-22
OP-2025-0086,110000003,112.0000,112.0000,,,2025-05-23
OP-2025-0087,105000006,30.0000,30.0000,,,2025-05-18
OP-2025-0087,110000005,24.0000,24.0000,,,2025-05-18
OP-2025-0088,105000005,65.0000,65.0000,,,2025-05-16
OP-2025-0088,110000005,7.8000,8.1284,Variação na espessura da camada de tinta,supervisor.turno.a,2025-05-16
OP-2025-0089,105000003,35.0000,35.0000,,,2025-05-19
OP-2025-0090,105000004,35.0000,35.0000,,,2025-05-25
OP-2025-0090,105000002,70.0000,70.0000,,,2025-05-25
OP-2025-0090,110000008,140.0000,140.0000,,,2025-05-25
OP-2025-0090,110000007,350.0000,350.0000,,,2025-05-25
OP-2025-0091,110000003,432.0000,456.6672,Refugo por porosidade na fundição,supervisor.turno.a,2025-05-19
OP-2025-0092,105000005,120.0000,119.0000,Aproveitamento de sobra do lote anterior,supervisor.turno.c,2025-05-27
OP-2025-0092,110000004,6.6000,6.6000,,,2025-05-27
OP-2025-0093,105000001,35.0000,,,,
OP-2025-0093,110000006,5.2500,,,,
OP-2025-0094,110000002,296.0000,296.0000,,,2025-05-22
OP-2025-0095,110000003,80.0000,81.6720,Perda de metal no canal de alimentação,supervisor.turno.c,2025-05-22
OP-2025-0096,105000003,25.0000,26.0000,Quebra de ferramenta durante o corte,supervisor.turno.c,2025-05-24
OP-2025-0097,110000002,120.2500,115.6204,Aproveitamento de sobra do lote anterior,analista.pcp,2025-05-22
OP-2025-0098,110000001,91.0000,91.0000,,,2025-06-01
OP-2025-0099,110000003,112.0000,112.0000,,,2025-05-25
OP-2025-0100,105000003,35.0000,35.0000,,,2025-05-28
OP-2025-0101,105000001,50.0000,50.0000,,,2025-05-31
OP-2025-0101,110000006,7.5000,7.5000,,,2025-05-31
OP-2025-0102,105000001,35.0000,35.0000,,,2025-05-31
OP-2025-0102,110000006,5.2500,5.3692,Reprocesso por dureza abaixo da especificação,analista.pcp,2025-05-31
OP-2025-0103,110000001,130.0000,137.4100,Perda de material no setup da máquina,analista.pcp,2025-06-02
OP-2025-0104,105000005,160.0000,160.0000,,,2025-06-07
OP-2025-0104,110000004,8.8000,8.8000,,,2025-06-07
OP-2025-0105,105000004,35.0000,36.0000,Parafuso com rosca danificada substituído,supervisor.turno.c,2025-05-30
OP-2025-0105,105000002,35.0000,35.0000,,,2025-05-30
OP-2025-0105,110000008,70.0000,70.0000,,,2025-05-30
OP-2025-0105,110000007,280.0000,280.0000,,,2025-05-30
OP-2025-0106,110000002,296.0000,296.0000,,,2025-05-29
OP-2025-0107,105000005,65.0000,65.0000,,,2025-05-29
OP-2025-0107,110000005,7.8000,7.8000,,,2025-05-29
OP-2025-0108,105000003,135.0000,135.0000,,,2025-06-04
OP-2025-0391,105000003,6.0000,6.0000,,,2025-06-02
OP-2025-0109,105000006,30.0000,30.0000,,,2025-05-30
OP-2025-0109,110000005,24.0000,24.0000,,,2025-05-30
OP-2025-0110,110000001,91.0000,91.0000,,,2025-06-03
OP-2025-0111,105000003,25.0000,25.0000,,,2025-06-08
OP-2025-0112,110000002,175.7500,180.9522,Perda de chapa no ajuste da ferramenta,supervisor.turno.c,2025-06-03
OP-2025-0395,105000003,156.0000,156.0000,,,2025-06-09
OP-2025-0392,105000005,92.0000,92.0000,,,2025-06-04
OP-2025-0392,110000004,5.0600,5.0600,,,2025-06-04
OP-2025-0393,105000003,3.0000,3.0000,,,2025-06-06
OP-2025-0113,105000004,25.0000,25.0000,,,2025-06-03
OP-2025-0113,105000002,50.0000,50.0000,,,2025-06-03
OP-2025-0113,110000008,100.0000,100.0000,,,2025-06-03
OP-2025-0113,110000007,250.0000,250.0000,,,2025-06-03
OP-2025-0114,110000003,112.0000,112.0000,,,2025-06-11
OP-2025-0115,105000005,160.0000,160.0000,,,2025-06-11
OP-2025-0115,110000004,8.8000,8.9109,Peça refugada por trinca na solda,analista.pcp,2025-06-11
OP-2025-0396,110000003,480.0000,480.0000,,,2025-06-06
OP-2025-0116,105000006,40.0000,42.0000,Repintura por falha de aderência,supervisor.turno.b,2025-06-06
OP-2025-0116,110000005,32.0000,32.0000,,,2025-06-06
OP-2025-0117,105000004,35.0000,35.0000,,,2025-06-10
OP-2025-0117,105000002,35.0000,35.0000,,,2025-06-10
OP-2025-0117,110000008,70.0000,70.0000,,,2025-06-10
OP-2025-0117,110000007,280.0000,280.0000,,,2025-06-10
OP-2025-0118,105000003,35.0000,35.0000,,,2025-06-14
OP-2025-0394,105000003,13.0000,13.0000,,,2025-06-09
OP-2025-0119,105000001,35.0000,35.0000,,,2025-06-09
OP-2025-0119,110000006,5.2500,5.6511,Reprocesso por dureza abaixo da especificação,analista.pcp,2025-06-09
OP-2025-0371,105000004,3.0000,3.0000,,,2025-06-08
OP-2025-0371,105000002,3.0000,3.0000,,,2025-06-08
OP-2025-0371,110000008,6.0000,6.0000,,,2025-06-08
OP-2025-0371,110000007,24.0000,24.0000,,,2025-06-08
OP-2025-0120,110000003,80.0000,80.0000,,,2025-06-11
OP-2025-0121,105000001,50.0000,50.0000,,,2025-06-13
OP-2025-0121,110000006,7.5000,7.4543,Aproveitamento de sobra do lote anterior,supervisor.turno.c,2025-06-13
OP-2025-0122,105000004,135.0000,135.0000,,,2025-06-12
OP-2025-0122,110000009,270.0000,270.0000,,,2025-06-12
OP-2025-0122,110000010,135.0000,135.0000,,,2025-06-12
OP-2025-0122,110000007,540.0000,540.0000,,,2025-06-12
OP-2025-0123,110000001,130.0000,130.0000,,,2025-06-15
OP-2025-0372,105000006,2.0000,2.0000,,,2025-06-08
OP-2025-0372,110000005,1.6000,1.6000,,,2025-06-08
OP-2025-0124,105000005,95.0000,95.0000,,,2025-06-07
OP-2025-0124,110000005,11.4000,11.4000,,,2025-06-07
OP-2025-0125,110000002,175.7500,175.7500,,,2025-06-10
OP-2025-0126,110000003,112.0000,112.0000,,,2025-06-16
OP-2025-0127,105000003,35.0000,,,,
OP-2025-0128,105000006,40.0000,39.0000,Aproveitamento de sobra do lote anterior,supervisor.turno.b,2025-06-13
OP-2025-0128,110000005,32.0000,32.6720,Variação na espessura da camada de tinta,supervisor.turno.b,2025-06-13
OP-2025-0129,105000001,35.0000,,,,
OP-2025-0129,110000006,5.2500,,,,
OP-2025-0130,110000001,91.0000,91.0000,,,2025-06-21
OP-2025-0397,105000003,3.0000,3.0000,,,2025-06-18
OP-2025-0131,105000004,35.0000,35.0000,,,2025-06-17
OP-2025-0131,105000002,35.0000,35.0000,,,2025-06-17
OP-2025-0131,110000008,70.0000,70.0000,,,2025-06-17
OP-2025-0131,110000007,280.0000,280.0000,,,2025-06-17
OP-2025-0132,105000004,25.0000,24.0000,Aproveitamento de sobra do lote anterior,supervisor.turno.b,2025-06-20
OP-2025-0132,105000002,50.0000,51.0000,Parafuso com rosca danificada substituído,supervisor.turno.a,2025-06-20
OP-2025-0132,110000008,100.0000,100.0000,,,2025-06-20
OP-2025-0132,110000007,250.0000,250.0000,,,2025-06-20
OP-2025-0133,110000003,112.0000,112.0000,,,2025-06-19
OP-2025-0134,110000001,182.0000,182.0000,,,2025-06-16
OP-2025-0398,105000001,6.0000,6.0000,,,2025-06-18
OP-2025-0398,110000006,0.9000,0.9000,,,2025-06-18
OP-2025-0135,110000003,240.0000,235.2960,Aproveitamento de sobra do lote anterior,supervisor.turno.b,2025-06-22
OP-2025-0136,105000003,25.0000,25.0000,,,2025-06-24
OP-2025-0373,105000006,3.0000,3.0000,,,2025-06-19
OP-2025-0373,110000005,2.4000,2.4000,,,2025-06-19
OP-2025-0137,110000002,629.0000,636.0448,Rebarba acima do limite gerou refugo,supervisor.turno.b,2025-06-22
OP-2025-0138,105000005,95.0000,102.0000,Variação na espessura da camada de tinta,supervisor.turno.a,2025-06-22
OP-2025-0138,110000005,11.4000,11.4000,,,2025-06-22
OP-2025-0139,110000003,112.0000,112.0000,,,2025-06-26
OP-2025-0140,110000001,182.0000,182.0000,,,2025-06-24
OP-2025-0399,110000002,175.7500,175.7500,,,2025-06-21
OP-2025-0141,110000003,112.0000,,,,
OP-2025-0142,105000003,35.0000,35.0000,,,2025-06-30
OP-2025-0143,105000001,50.0000,52.0000,Troca parcial do óleo de têmpera,analista.pcp,2025-06-24
OP-2025-0143,110000006,7.5000,7.5000,,,2025-06-24
OP-2025-0144,105000004,35.0000,35.0000,,,2025-06-30
OP-2025-0144,105000002,35.0000,35.0000,,,2025-06-30
OP-2025-0144,110000008,70.0000,70.0000,,,2025-06-30
OP-2025-0144,110000007,280.0000,280.0000,,,2025-06-30
OP-2025-0145,110000001,91.0000,91.0000,,,2025-07-01
OP-2025-0146,110000003,240.0000,252.4560,Perda de metal no canal de alimentação,supervisor.turno.b,2025-06-29
OP-2025-0147,105000003,35.0000,37.0000,Refugo por dimensional fora de tolerância,supervisor.turno.b,2025-06-29
OP-2025-0148,105000003,75.0000,75.0000,,,2025-07-06
OP-2025-0149,110000002,185.0000,195.2860,Rebarba acima do limite gerou refugo,supervisor.turno.c,2025-06-27
OP-2025-0150,105000001,70.0000,70.0000,,,2025-07-05
OP-2025-0150,110000006,10.5000,10.5000,,,2025-07-05
OP-2025-0151,105000005,340.0000,340.0000,,,2025-07-01
OP-2025-0151,110000004,18.7000,18.7000,,,2025-07-01
OP-2025-0152,105000001,35.0000,35.0000,,,2025-07-05
OP-2025-0152,110000006,5.2500,5.2500,,,2025-07-05
OP-2025-0153,105000004,25.0000,25.0000,,,2025-07-04
OP-2025-0153,105000002,50.0000,50.0000,,,2025-07-04
OP-2025-0153,110000008,100.0000,97.0000,Aproveitamento de sobra do lote anterior,supervisor.turno.b,2025-07-04
OP-2025-0153,110000007,250.0000,261.0000,Componente danificado no manuseio,supervisor.turno.b,2025-07-04
OP-2025-0154,110000003,112.0000,112.0000,,,2025-07-05
OP-2025-0155,105000003,35.0000,35.0000,,,2025-07-07
OP-2025-0400,105000001,43.0000,43.0000,,,2025-07-03
OP-2025-0400,110000006,6.4500,6.4500,,,2025-07-03
OP-2025-0156,105000003,35.0000,35.0000,,,2025-07-10
OP-2025-0157,105000003,75.0000,75.0000,,,2025-07-12
OP-2025-0158,105000001,70.0000,70.0000,,,2025-07-09
OP-2025-0158,110000006,10.5000,10.5000,,,2025-07-09
OP-2025-0159,105000004,35.0000,35.0000,,,2025-07-13
OP-2025-0159,105000002,35.0000,35.0000,,,2025-07-13
OP-2025-0159,110000008,70.0000,70.0000,,,2025-07-13
OP-2025-0159,110000007,280.0000,298.0000,Parafuso com rosca danificada substituído,analista.pcp,2025-07-13
OP-2025-0160,105000005,100.0000,100.0000,,,2025-07-06
OP-2025-0160,110000005,12.0000,12.0000,,,2025-07-06
OP-2025-0161,110000001,91.0000,91.0000,,,2025-07-10
OP-2025-0162,105000004,35.0000,35.0000,,,2025-07-12
OP-2025-0162,105000002,70.0000,70.0000,,,2025-07-12
OP-2025-0162,110000008,140.0000,140.0000,,,2025-07-12
OP-2025-0162,110000007,350.0000,350.0000,,,2025-07-12
OP-2025-0163,105000004,75.0000,77.0000,Parafuso com rosca danificada substituído,analista.pcp,2025-07-11
OP-2025-0163,110000009,150.0000,150.0000,,,2025-07-11
OP-2025-0163,110000010,75.0000,75.0000,,,2025-07-11
OP-2025-0163,110000007,300.0000,300.0000,,,2025-07-11
OP-2025-0164,105000001,35.0000,35.0000,,,2025-07-12
OP-2025-0164,110000006,5.2500,5.2500,,,2025-07-12
OP-2025-0165,105000006,85.0000,,,,
OP-2025-0165,110000005,68.0000,,,,
OP-2025-0166,110000002,185.0000,185.0000,,,2025-07-13
OP-2025-0167,110000003,256.0000,269.4144,Perda de metal no canal de alimentação,supervisor.turno.a,2025-07-18
OP-2025-0168,105000003,35.0000,36.0000,Perda de material no setup da máquina,supervisor.turno.c,2025-07-19
OP-2025-0169,105000004,35.0000,35.0000,,,2025-07-16
OP-2025-0169,105000002,70.0000,70.0000,,,2025-07-16
OP-2025-0169,110000008,140.0000,140.0000,,,2025-07-16
OP-2025-0169,110000007,350.0000,350.0000,,,2025-07-16
OP-2025-0170,110000003,144.0000,144.0000,,,2025-07-20
OP-2025-0171,105000004,35.0000,35.0000,,,2025-07-14
OP-2025-0171,105000002,35.0000,35.0000,,,2025-07-14
OP-2025-0171,110000008,70.0000,70.0000,,,2025-07-14
OP-2025-0171,110000007,280.0000,280.0000,,,2025-07-14
OP-2025-0172,110000001,234.0000,246.7296,Quebra de ferramenta durante o corte,supervisor.turno.b,2025-07-19
OP-2025-0401,105000003,5.0000,5.0000,,,2025-07-19
OP-2025-0173,105000004,75.0000,75.0000,,,2025-07-21
OP-2025-0173,110000009,150.0000,150.0000,,,2025-07-21
OP-2025-0173,110000010,75.0000,75.0000,,,2025-07-21
OP-2025-0173,110000007,300.0000,300.0000,,,2025-07-21
OP-2025-0402,110000001,5.2000,5.2000,,,2025-07-24
OP-2025-0174,105000005,100.0000,104.0000,Repintura por falha de aderência,supervisor.turno.a,2025-07-20
OP-2025-0174,110000005,12.0000,12.0000,,,2025-07-20
OP-2025-0175,110000003,176.0000,,,,
OP-2025-0176,105000001,35.0000,35.0000,,,2025-07-27
OP-2025-0176,110000006,5.2500,5.2500,,,2025-07-27
OP-2025-0177,110000002,222.0000,222.0000,,,2025-07-19
OP-2025-0178,110000001,143.0000,146.8467,Perda de material no setup da máquina,supervisor.turno.b,2025-07-28
OP-2025-0403,110000003,163.2000,163.2000,,,2025-07-25
OP-2025-0179,105000003,80.0000,80.0000,,,2025-07-25
OP-2025-0180,110000003,176.0000,,,,
OP-2025-0181,105000003,45.0000,45.0000,,,2025-07-28
OP-2025-0182,105000004,35.0000,35.0000,,,2025-07-30
OP-2025-0182,105000002,35.0000,35.0000,,,2025-07-30
OP-2025-0182,110000008,70.0000,75.0000,Parafuso com rosca danificada substituído,supervisor.turno.c,2025-07-30
OP-2025-0182,110000007,280.0000,280.0000,,,2025-07-30
OP-2025-0183,110000003,144.0000,144.0000,,,2025-07-28
OP-2025-0405,110000003,16.0000,16.0000,,,2025-07-30
OP-2025-0184,105000001,90.0000,90.0000,,,2025-08-01
OP-2025-0184,110000006,13.5000,13.5000,,,2025-08-01
OP-2025-0185,110000001,234.0000,234.0000,,,2025-08-07
OP-2025-0186,110000001,143.0000,141.2840,Aproveitamento de sobra do lote anterior,analista.pcp,2025-08-02
OP-2025-0187,105000003,55.0000,57.0000,Perda de material no setup da máquina,analista.pcp,2025-08-01
OP-2025-0188,105000005,120.0000,120.0000,,,2025-08-08
OP-2025-0188,110000004,6.6000,6.6000,,,2025-08-08
OP-2025-0404,110000001,104.0000,104.0000,,,2025-07-31
OP-2025-0189,110000003,256.0000,262.3488,Perda de metal no canal de alimentação,supervisor.turno.c,2025-08-04
OP-2025-0190,110000002,166.5000,166.5000,,,2025-07-30
OP-2025-0191,105000001,55.0000,55.0000,,,2025-08-05
OP-2025-0191,110000006,8.2500,8.2500,,,2025-08-05
OP-2025-0406,110000003,208.0000,208.0000,,,2025-08-06
OP-2025-0192,110000002,222.0000,222.0000,,,2025-08-04
OP-2025-0193,105000003,45.0000,48.0000,Refugo por dimensional fora de tolerância,supervisor.turno.c,2025-08-10
OP-2025-0194,105000004,45.0000,45.0000,,,2025-08-10
OP-2025-0194,105000002,90.0000,90.0000,,,2025-08-10
OP-2025-0194,110000008,180.0000,180.0000,,,2025-08-10
OP-2025-0194,110000007,450.0000,450.0000,,,2025-08-10
OP-2025-0195,105000003,55.0000,55.0000,,,2025-08-07
OP-2025-0196,110000002,222.0000,222.0000,,,2025-08-09
OP-2025-0407,110000003,124.8000,124.8000,,,2025-08-08
OP-2025-0197,105000004,80.0000,80.0000,,,2025-08-08
OP-2025-0197,110000009,160.0000,160.0000,,,2025-08-08
OP-2025-0197,110000010,80.0000,79.0000,Aproveitamento de sobra do lote anterior,supervisor.turno.c,2025-08-08
OP-2025-0197,110000007,320.0000,320.0000,,,2025-08-08
OP-2025-0198,110000002,166.5000,166.5000,,,2025-08-06
OP-2025-0199,105000005,90.0000,90.0000,,,2025-08-11
OP-2025-0199,110000005,10.8000,10.8000,,,2025-08-11
OP-2025-0200,105000003,80.0000,80.0000,,,2025-08-09
OP-2025-0201,105000001,55.0000,55.0000,,,2025-08-15
OP-2025-0201,110000006,8.2500,8.2500,,,2025-08-15
OP-2025-0202,105000006,30.0000,30.0000,,,2025-08-10
OP-2025-0202,110000005,24.0000,24.0000,,,2025-08-10
OP-2025-0203,105000005,120.0000,128.0000,Retrabalho de cordão de solda,supervisor.turno.b,2025-08-16
OP-2025-0203,110000004,6.6000,6.6000,,,2025-08-16
OP-2025-0204,105000004,55.0000,55.0000,,,2025-08-16
OP-2025-0204,105000002,55.0000,55.0000,,,2025-08-16
OP-2025-0204,110000008,110.0000,110.0000,,,2025-08-16
OP-2025-0204,110000007,440.0000,463.0000,Componente danificado no manuseio,supervisor.turno.b,2025-08-16
OP-2025-0205,105000001,90.0000,90.0000,,,2025-08-11
OP-2025-0205,110000006,13.5000,13.5000,,,2025-08-11
OP-2025-0408,110000001,135.2000,135.2000,,,2025-08-13
OP-2025-0374,105000005,7.0000,7.0000,,,2025-08-10
OP-2025-0374,110000005,0.8400,0.8400,,,2025-08-10
OP-2025-0206,110000003,224.0000,236.4768,Perda de metal no canal de alimentação,supervisor.turno.c,2025-08-16
OP-2025-0207,105000005,120.0000,120.0000,,,2025-08-21
OP-2025-0207,110000004,6.6000,6.6000,,,2025-08-21
OP-2025-0208,105000005,90.0000,90.0000,,,2025-08-13
OP-2025-0208,110000005,10.8000,10.8000,,,2025-08-13
OP-2025-0209,110000001,130.0000,133.4320,Quebra de ferramenta durante o corte,supervisor.turno.a,2025-08-21
OP-2025-0410,105000003,54.0000,54.0000,,,2025-08-22
OP-2025-0210,105000004,55.0000,59.0000,Componente danificado no manuseio,supervisor.turno.a,2025-08-19
OP-2025-0210,105000002,55.0000,55.0000,,,2025-08-19
OP-2025-0210,110000008,110.0000,110.0000,,,2025-08-19
OP-2025-0210,110000007,440.0000,440.0000,,,2025-08-19
OP-2025-0211,110000003,80.0000,86.0160,Refugo por porosidade na fundição,supervisor.turno.b,2025-08-22
OP-2025-0212,110000003,384.0000,384.0000,,,2025-08-22
OP-2025-0213,110000001,312.0000,315.9000,Refugo por dimensional fora de tolerância,analista.pcp,2025-08-22
OP-2025-0214,105000006,30.0000,30.0000,,,2025-08-17
OP-2025-0214,110000005,24.0000,24.0000,,,2025-08-17
OP-2025-0215,105000004,45.0000,48.0000,Parafuso com rosca danificada substituído,analista.pcp,2025-08-24
OP-2025-0215,105000002,90.0000,90.0000,,,2025-08-24
OP-2025-0215,110000008,180.0000,180.0000,,,2025-08-24
OP-2025-0215,110000007,450.0000,450.0000,,,2025-08-24
OP-2025-0409,110000002,27.7500,27.7500,,,2025-08-18
OP-2025-0216,105000004,80.0000,80.0000,,,2025-08-22
OP-2025-0216,110000009,160.0000,160.0000,,,2025-08-22
OP-2025-0216,110000010,80.0000,80.0000,,,2025-08-22
OP-2025-0216,110000007,320.0000,320.0000,,,2025-08-22
OP-2025-0217,110000002,370.0000,370.0000,,,2025-08-21
OP-2025-0218,110000003,224.0000,224.0000,,,2025-08-24
OP-2025-0219,105000006,30.0000,32.0000,Repintura por falha de aderência,supervisor.turno.c,2025-08-25
OP-2025-0219,110000005,24.0000,24.9624,Variação na espessura da camada de tinta,supervisor.turno.a,2025-08-25
OP-2025-0220,105000003,25.0000,27.0000,Perda de material no setup da máquina,supervisor.turno.b,2025-08-27
OP-2025-0221,105000003,70.0000,70.0000,,,2025-08-29
OP-2025-0222,105000003,120.0000,122.0000,Quebra de ferramenta durante o corte,supervisor.turno.c,2025-09-02
OP-2025-0223,105000001,50.0000,50.0000,,,2025-08-29
OP-2025-0223,110000006,7.5000,7.5000,,,2025-08-29
OP-2025-0224,110000002,175.7500,175.7500,,,2025-08-30
OP-2025-0225,105000001,120.0000,120.0000,,,2025-08-28
OP-2025-0225,110000006,18.0000,18.0000,,,2025-08-28
OP-2025-0226,110000003,80.0000,80.0000,,,2025-09-09
OP-2025-0227,110000001,130.0000,136.1620,Perda de material no setup da máquina,supervisor.turno.c,2025-09-07
OP-2025-0228,105000005,200.0000,200.0000,,,2025-09-03
OP-2025-0228,110000004,11.0000,11.0000,,,2025-09-03
OP-2025-0229,110000002,370.0000,,,,
OP-2025-0412,110000003,233.6000,233.6000,,,2025-09-01
OP-2025-0411,110000002,24.0500,24.0500,,,2025-08-31
OP-2025-0230,110000003,80.0000,80.0000,,,2025-09-07
OP-2025-0231,110000001,130.0000,130.0000,,,2025-09-10
OP-2025-0232,105000003,70.0000,70.0000,,,2025-09-04
OP-2025-0233,105000005,95.0000,95.0000,,,2025-09-02
OP-2025-0233,110000005,11.4000,11.4000,,,2025-09-02
OP-2025-0234,105000004,25.0000,24.0000,Aproveitamento de sobra do lote anterior,supervisor.turno.b,2025-09-07
OP-2025-0234,105000002,50.0000,50.0000,,,2025-09-07
OP-2025-0234,110000008,100.0000,100.0000,,,2025-09-07
OP-2025-0234,110000007,250.0000,250.0000,,,2025-09-07
OP-2025-0235,105000005,200.0000,,,,
OP-2025-0235,110000004,11.0000,,,,
OP-2025-0236,105000004,120.0000,120.0000,,,2025-09-10
OP-2025-0236,105000002,120.0000,120.0000,,,2025-09-10
OP-2025-0236,110000008,240.0000,240.0000,,,2025-09-10
OP-2025-0236,110000007,960.0000,960.0000,,,2025-09-10
OP-2025-0237,110000002,175.7500,172.8150,Aproveitamento de sobra do lote anterior,supervisor.turno.b,2025-09-07
OP-2025-0238,105000006,50.0000,50.0000,,,2025-09-10
OP-2025-0238,110000005,40.0000,40.0000,,,2025-09-10
OP-2025-0239,105000004,70.0000,70.0000,,,2025-09-14
OP-2025-0239,110000009,140.0000,151.0000,Parafuso com rosca danificada substituído,analista.pcp,2025-09-14
OP-2025-0239,110000010,70.0000,70.0000,,,2025-09-14
OP-2025-0239,110000007,280.0000,280.0000,,,2025-09-14
OP-2025-0240,110000003,464.0000,464.0000,,,2025-09-16
OP-2025-0241,105000003,25.0000,25.0000,,,2025-09-16
OP-2025-0242,105000003,25.0000,25.0000,,,2025-09-16
OP-2025-0243,105000001,50.0000,50.0000,,,2025-09-13
OP-2025-0243,110000006,7.5000,7.5000,,,2025-09-13
OP-2025-0244,110000003,96.0000,97.5648,Refugo por porosidade na fundição,supervisor.turno.c,2025-09-21
OP-2025-0245,105000006,50.0000,50.0000,,,2025-09-19
OP-2025-0245,110000005,40.0000,40.0000,,,2025-09-19
OP-2025-0246,105000005,95.0000,95.0000,,,2025-09-20
OP-2025-0246,110000005,11.4000,11.4000,,,2025-09-20
OP-2025-0247,110000003,144.0000,144.0000,,,2025-09-24
OP-2025-0248,105000001,50.0000,50.0000,,,2025-09-24
OP-2025-0248,110000006,7.5000,7.5000,,,2025-09-24
OP-2025-0249,110000001,156.0000,165.0792,Perda de material no setup da máquina,supervisor.turno.c,2025-09-24
OP-2025-0250,105000004,70.0000,70.0000,,,2025-09-21
OP-2025-0250,110000009,140.0000,140.0000,,,2025-09-21
OP-2025-0250,110000010,70.0000,70.0000,,,2025-09-21
OP-2025-0250,110000007,280.0000,280.0000,,,2025-09-21
OP-2025-0251,110000001,117.0000,121.0131,Refugo por dimensional fora de tolerância,supervisor.turno.b,2025-09-25
OP-2025-0252,105000004,25.0000,25.0000,,,2025-09-25
OP-2025-0252,105000002,50.0000,50.0000,,,2025-09-25
OP-2025-0252,110000008,100.0000,100.0000,,,2025-09-25
OP-2025-0252,110000007,250.0000,264.0000,Componente danificado no manuseio,supervisor.turno.a,2025-09-25
OP-2025-0253,105000003,145.0000,145.0000,,,2025-09-23
OP-2025-0254,110000003,144.0000,146.0736,Perda de metal no canal de alimentação,supervisor.turno.b,2025-09-24
OP-2025-0255,110000002,296.0000,296.0000,,,2025-09-24
OP-2025-0256,110000003,96.0000,96.0000,,,2025-09-28
OP-2025-0257,105000003,30.0000,30.0000,,,2025-10-01
OP-2025-0258,110000001,117.0000,114.6600,Aproveitamento de sobra do lote anterior,analista.pcp,2025-09-27
OP-2025-0259,105000004,25.0000,25.0000,,,2025-10-02
OP-2025-0259,105000002,50.0000,50.0000,,,2025-10-02
OP-2025-0259,110000008,100.0000,100.0000,,,2025-10-02
OP-2025-0259,110000007,250.0000,250.0000,,,2025-10-02
OP-2025-0260,105000003,45.0000,48.0000,Refugo por dimensional fora de tolerância,supervisor.turno.a,2025-10-05
OP-2025-0261,110000001,156.0000,156.0000,,,2025-09-28
OP-2025-0262,105000001,60.0000,60.0000,,,2025-09-27
OP-2025-0262,110000006,9.0000,9.0000,,,2025-09-27
OP-2025-0375,105000004,1.0000,1.0000,,,2025-09-26
OP-2025-0375,105000002,2.0000,2.0000,,,2025-09-26
OP-2025-0375,110000008,4.0000,4.0000,,,2025-09-26
OP-2025-0375,110000007,10.0000,10.0000,,,2025-09-26
OP-2025-0263,110000002,296.0000,296.0000,,,2025-09-27
OP-2025-0264,105000005,160.0000,160.0000,,,2025-10-03
OP-2025-0264,110000004,8.8000,9.2928,Retrabalho de cordão de solda,analista.pcp,2025-10-03
OP-2025-0265,105000001,45.0000,45.0000,,,2025-10-06
OP-2025-0265,110000006,6.7500,6.7500,,,2025-10-06
OP-2025-0266,105000003,45.0000,45.0000,,,2025-10-08
OP-2025-0267,110000002,148.0000,157.6940,Rebarba acima do limite gerou refugo,supervisor.turno.b,2025-10-03
OP-2025-0414,110000003,89.6000,89.6000,,,2025-10-06
OP-2025-0268,105000004,145.0000,145.0000,,,2025-10-09
OP-2025-0268,110000009,290.0000,290.0000,,,2025-10-09
OP-2025-0268,110000010,145.0000,145.0000,,,2025-10-09
OP-2025-0268,110000007,580.0000,580.0000,,,2025-10-09
OP-2025-0413,110000003,89.6000,89.6000,,,2025-10-07
OP-2025-0269,105000003,30.0000,30.0000,,,2025-10-09
OP-2025-0270,105000001,45.0000,45.0000,,,2025-10-12
OP-2025-0270,110000006,6.7500,6.7500,,,2025-10-12
OP-2025-0271,105000004,30.0000,30.0000,,,2025-10-10
OP-2025-0271,105000002,60.0000,60.0000,,,2025-10-10
OP-2025-0271,110000008,120.0000,120.0000,,,2025-10-10
OP-2025-0271,110000007,300.0000,300.0000,,,2025-10-10
OP-2025-0272,105000005,160.0000,160.0000,,,2025-10-10
OP-2025-0272,110000004,8.8000,8.8000,,,2025-10-10
OP-2025-0273,105000004,45.0000,46.0000,Componente danificado no manuseio,supervisor.turno.b,2025-10-10
OP-2025-0273,105000002,45.0000,45.0000,,,2025-10-10
OP-2025-0273,110000008,90.0000,90.0000,,,2025-10-10
OP-2025-0273,110000007,360.0000,360.0000,,,2025-10-10
OP-2025-0274,105000006,40.0000,40.0000,,,2025-10-10
OP-2025-0274,110000005,32.0000,34.1600,Repintura por falha de aderência,supervisor.turno.b,2025-10-10
OP-2025-0275,110000003,80.0000,82.2800,Refugo por porosidade na fundição,supervisor.turno.b,2025-10-15
OP-2025-0276,105000005,80.0000,,,,
OP-2025-0276,110000005,9.6000,,,,
OP-2025-0277,105000001,60.0000,60.0000,,,2025-10-19
OP-2025-0277,110000006,9.0000,9.0000,,,2025-10-19
OP-2025-0278,110000002,148.0000,152.8396,Rebarba acima do limite gerou refugo,supervisor.turno.a,2025-10-13
OP-2025-0416,110000001,18.2000,18.2000,,,2025-10-15
OP-2025-0279,110000003,432.0000,458.4384,Refugo por porosidade na fundição,supervisor.turno.a,2025-10-13
OP-2025-0417,110000001,174.2000,174.2000,,,2025-10-17
OP-2025-0280,105000004,45.0000,45.0000,,,2025-10-16
OP-2025-0280,105000002,45.0000,45.0000,,,2025-10-16
OP-2025-0280,110000008,90.0000,90.0000,,,2025-10-16
OP-2025-0280,110000007,360.0000,360.0000,,,2025-10-16
OP-2025-0281,110000003,128.0000,,,,
OP-2025-0282,110000001,104.0000,104.0000,,,2025-10-23
OP-2025-0283,110000001,130.0000,130.0000,,,2025-10-21
OP-2025-0415,105000001,63.0000,63.0000,,,2025-10-17
OP-2025-0415,110000006,9.4500,9.4500,,,2025-10-17
OP-2025-0284,105000006,40.0000,40.0000,,,2025-10-19
OP-2025-0284,110000005,32.0000,33.4944,Variação na espessura da camada de tinta,supervisor.turno.c,2025-10-19
OP-2025-0285,105000004,30.0000,30.0000,,,2025-10-18
OP-2025-0285,105000002,60.0000,64.0000,Parafuso com rosca danificada substituído,supervisor.turno.a,2025-10-18
OP-2025-0285,110000008,120.0000,120.0000,,,2025-10-18
OP-2025-0285,110000007,300.0000,300.0000,,,2025-10-18
OP-2025-0286,105000005,80.0000,81.0000,Variação na espessura da camada de tinta,analista.pcp,2025-10-22
OP-2025-0286,110000005,9.6000,9.9638,Variação na espessura da camada de tinta,supervisor.turno.b,2025-10-22
OP-2025-0287,105000003,135.0000,140.0000,Quebra de ferramenta durante o corte,supervisor.turno.b,2025-10-29
OP-2025-0288,105000003,25.0000,25.0000,,,2025-10-28
OP-2025-0289,110000002,185.0000,185.0000,,,2025-10-19
OP-2025-0290,105000003,40.0000,40.0000,,,2025-10-30
OP-2025-0418,110000003,64.0000,64.0000,,,2025-10-27
OP-2025-0291,110000003,80.0000,80.0000,,,2025-10-23
OP-2025-0292,110000001,130.0000,134.4850,Refugo por dimensional fora de tolerância,supervisor.turno.b,2025-10-30
OP-2025-0293,105000001,40.0000,40.0000,,,2025-11-01
OP-2025-0293,110000006,6.0000,6.0000,,,2025-11-01
OP-2025-0294,110000002,185.0000,182.3915,Aproveitamento de sobra do lote anterior,supervisor.turno.b,2025-10-27
OP-2025-0295,110000003,128.0000,128.0000,,,2025-10-30
OP-2025-0296,105000001,50.0000,50.0000,,,2025-11-08
OP-2025-0296,110000006,7.5000,7.3185,Aproveitamento de sobra do lote anterior,supervisor.turno.a,2025-11-08
OP-2025-0297,105000005,100.0000,100.0000,,,2025-11-03
OP-2025-0297,110000004,5.5000,5.7651,Peça refugada por trinca na solda,analista.pcp,2025-11-03
OP-2025-0298,110000002,92.5000,92.5000,,,2025-10-28
OP-2025-0419,110000001,127.4000,127.4000,,,2025-11-05
OP-2025-0299,105000003,25.0000,25.0000,,,2025-11-05
OP-2025-0300,110000001,104.0000,104.0000,,,2025-11-11
OP-2025-0301,105000004,40.0000,40.0000,,,2025-11-10
OP-2025-0301,105000002,40.0000,41.0000,Parafuso com rosca danificada substituído,supervisor.turno.a,2025-11-10
OP-2025-0301,110000008,80.0000,80.0000,,,2025-11-10
OP-2025-0301,110000007,320.0000,320.0000,,,2025-11-10
OP-2025-0302,105000004,25.0000,25.0000,,,2025-11-12
OP-2025-0302,105000002,50.0000,50.0000,,,2025-11-12
OP-2025-0302,110000008,100.0000,100.0000,,,2025-11-12
OP-2025-0302,110000007,250.0000,258.0000,Parafuso com rosca danificada substituído,supervisor.turno.b,2025-11-12
OP-2025-0303,105000004,135.0000,135.0000,,,2025-11-07
OP-2025-0303,110000009,270.0000,270.0000,,,2025-11-07
OP-2025-0303,110000010,135.0000,135.0000,,,2025-11-07
OP-2025-0303,110000007,540.0000,540.0000,,,2025-11-07
OP-2025-0304,105000005,100.0000,102.0000,Peça refugada por trinca na solda,supervisor.turno.a,2025-11-10
OP-2025-0304,110000004,5.5000,5.9103,Consumo extra de arame por ajuste de parâmetro,analista.pcp,2025-11-10
OP-2025-0305,105000005,50.0000,53.0000,Repintura por falha de aderência,supervisor.turno.b,2025-11-08
OP-2025-0305,110000005,6.0000,6.0000,,,2025-11-08
OP-2025-0306,110000002,92.5000,92.5000,,,2025-11-05
OP-2025-0307,110000002,185.0000,185.0000,,,2025-11-12
OP-2025-0308,105000006,25.0000,25.0000,,,2025-11-09
OP-2025-0308,110000005,20.0000,20.0000,,,2025-11-09
OP-2025-0309,105000003,40.0000,41.0000,Perda de material no setup da máquina,supervisor.turno.a,2025-11-13
OP-2025-0310,105000001,50.0000,50.0000,,,2025-11-06
OP-2025-0310,110000006,7.5000,7.5000,,,2025-11-06
OP-2025-0420,110000003,86.4000,86.4000,,,2025-11-10
OP-2025-0311,110000003,176.0000,176.0000,,,2025-11-19
OP-2025-0312,110000003,144.0000,144.0000,,,2025-11-20
OP-2025-0313,105000001,40.0000,40.0000,,,2025-11-20
OP-2025-0313,110000006,6.0000,6.0000,,,2025-11-20
OP-2025-0314,105000005,100.0000,106.0000,Peça refugada por trinca na solda,supervisor.turno.b,2025-11-13
OP-2025-0314,110000004,5.5000,5.5000,,,2025-11-13
OP-2025-0315,105000006,25.0000,25.0000,,,2025-11-13
OP-2025-0315,110000005,20.0000,21.5940,Variação na espessura da camada de tinta,supervisor.turno.b,2025-11-13
OP-2025-0316,110000003,112.0000,112.0000,,,2025-11-18
OP-2025-0317,110000001,234.0000,241.5348,Quebra de ferramenta durante o corte,supervisor.turno.a,2025-11-15
OP-2025-0318,110000001,91.0000,91.0000,,,2025-11-15
OP-2025-0319,105000004,25.0000,25.0000,,,2025-11-17
OP-2025-0319,105000002,50.0000,50.0000,,,2025-11-17
OP-2025-0319,110000008,100.0000,100.0000,,,2025-11-17
OP-2025-0319,110000007,250.0000,250.0000,,,2025-11-17
OP-2025-0376,105000004,2.0000,2.0000,,,2025-11-17
OP-2025-0376,105000002,4.0000,4.0000,,,2025-11-17
OP-2025-0376,110000008,8.0000,8.0000,,,2025-11-17
OP-2025-0376,110000007,20.0000,20.0000,,,2025-11-17
OP-2025-0320,105000005,50.0000,50.0000,,,2025-11-15
OP-2025-0320,110000005,6.0000,6.2982,Variação na espessura da camada de tinta,supervisor.turno.b,2025-11-15
OP-2025-0321,110000002,259.0000,259.0000,,,2025-11-16
OP-2025-0322,105000004,40.0000,40.0000,,,2025-11-24
OP-2025-0322,105000002,40.0000,40.0000,,,2025-11-24
OP-2025-0322,110000008,80.0000,80.0000,,,2025-11-24
OP-2025-0322,110000007,320.0000,320.0000,,,2025-11-24
OP-2025-0323,110000003,112.0000,112.0000,,,2025-11-21
OP-2025-0324,110000002,92.5000,91.2790,Aproveitamento de sobra do lote anterior,supervisor.turno.a,2025-11-22
OP-2025-0421,105000003,8.0000,8.0000,,,2025-11-23
OP-2025-0325,105000003,55.0000,55.0000,,,2025-12-01
OP-2025-0326,105000003,45.0000,46.0000,Refugo por dimensional fora de tolerância,analista.pcp,2025-11-28
OP-2025-0327,105000003,35.0000,35.0000,,,2025-12-01
OP-2025-0328,105000006,25.0000,25.0000,,,2025-11-21
OP-2025-0328,110000005,20.0000,20.0000,,,2025-11-21
OP-2025-0329,110000003,176.0000,176.0000,,,2025-11-29
OP-2025-0330,110000001,91.0000,91.0000,,,2025-11-29
OP-2025-0331,105000005,140.0000,140.0000,,,2025-11-28
OP-2025-0331,110000004,7.7000,7.7000,,,2025-11-28
OP-2025-0332,105000001,90.0000,90.0000,,,2025-11-28
OP-2025-0332,110000006,13.5000,13.7390,Reprocesso por dureza abaixo da especificação,supervisor.turno.b,2025-11-28
OP-2025-0333,105000005,50.0000,50.0000,,,2025-11-27
OP-2025-0333,110000005,6.0000,6.0000,,,2025-11-27
OP-2025-0334,105000001,35.0000,35.0000,,,2025-12-11
OP-2025-0334,110000006,5.2500,5.2500,,,2025-12-11
OP-2025-0335,110000002,92.5000,92.5000,,,2025-12-01
OP-2025-0422,110000003,19.2000,19.2000,,,2025-12-05
OP-2025-0336,105000003,35.0000,35.0000,,,2025-12-06
OP-2025-0337,110000002,259.0000,259.0000,,,2025-12-06
OP-2025-0338,105000003,55.0000,54.0000,Aproveitamento de sobra do lote anterior,analista.pcp,2025-12-08
OP-2025-0339,105000004,35.0000,35.0000,,,2025-12-15
OP-2025-0339,105000002,35.0000,35.0000,,,2025-12-15
OP-2025-0339,110000008,70.0000,70.0000,,,2025-12-15
OP-2025-0339,110000007,280.0000,280.0000,,,2025-12-15
OP-2025-0340,105000004,45.0000,45.0000,,,2025-12-13
OP-2025-0340,105000002,90.0000,94.0000,Componente danificado no manuseio,analista.pcp,2025-12-13
OP-2025-0340,110000008,180.0000,186.0000,Componente danificado no manuseio,supervisor.turno.a,2025-12-13
OP-2025-0340,110000007,450.0000,477.0000,Componente danificado no manuseio,analista.pcp,2025-12-13
OP-2025-0341,105000006,35.0000,35.0000,,,2025-12-05
OP-2025-0341,110000005,28.0000,28.0000,,,2025-12-05
OP-2025-0342,105000004,55.0000,56.0000,Componente danificado no manuseio,supervisor.turno.b,2025-12-10
OP-2025-0342,110000009,110.0000,110.0000,,,2025-12-10
OP-2025-0342,110000010,55.0000,55.0000,,,2025-12-10
OP-2025-0342,110000007,220.0000,220.0000,,,2025-12-10
OP-2025-0343,105000005,50.0000,50.0000,,,2025-12-08
OP-2025-0343,110000005,6.0000,6.0000,,,2025-12-08
OP-2025-0344,105000001,35.0000,35.0000,,,2025-12-17
OP-2025-0344,110000006,5.2500,5.3508,Troca parcial do óleo de têmpera,supervisor.turno.a,2025-12-17
OP-2025-0345,105000005,140.0000,140.0000,,,2025-12-16
OP-2025-0345,110000004,7.7000,7.7000,,,2025-12-16
OP-2025-0346,110000002,92.5000,92.5000,,,2025-12-09
OP-2025-0347,110000003,64.0000,64.0000,,,2025-12-16
OP-2025-0348,110000001,104.0000,109.4080,Quebra de ferramenta durante o corte,supervisor.turno.c,2025-12-16
OP-2025-0423,105000003,4.0000,4.0000,,,2025-12-17
OP-2025-0349,105000004,35.0000,35.0000,,,2025-12-19
OP-2025-0349,105000002,35.0000,35.0000,,,2025-12-19
OP-2025-0349,110000008,70.0000,71.0000,Componente danificado no manuseio,supervisor.turno.b,2025-12-19
OP-2025-0349,110000007,280.0000,280.0000,,,2025-12-19
OP-2025-0350,105000004,55.0000,55.0000,,,2025-12-18
OP-2025-0350,110000009,110.0000,110.0000,,,2025-12-18
OP-2025-0350,110000010,55.0000,55.0000,,,2025-12-18
OP-2025-0350,110000007,220.0000,229.0000,Parafuso com rosca danificada substituído,supervisor.turno.b,2025-12-18
OP-2025-0351,110000003,256.0000,256.0000,,,2025-12-21
OP-2025-0352,105000005,50.0000,50.0000,,,2025-12-19
OP-2025-0352,110000005,6.0000,6.0000,,,2025-12-19
OP-2025-0353,110000003,144.0000,144.0000,,,2025-12-23
OP-2025-0354,105000006,35.0000,35.0000,,,2025-12-23
OP-2025-0354,110000005,28.0000,27.7228,Aproveitamento de sobra do lote anterior,supervisor.turno.c,2025-12-23
OP-2025-0355,110000001,208.0000,208.0000,,,2025-12-29
OP-2025-0356,110000002,92.5000,92.5000,,,2025-12-23
OP-2025-0357,105000003,20.0000,20.0000,,,2025-12-28
OP-2025-0358,110000003,64.0000,64.0000,,,2025-12-29
OP-2025-0359,110000002,481.0000,481.0000,,,2025-12-26
OP-2025-0360,105000005,50.0000,53.0000,Repintura por falha de aderência,supervisor.turno.b,2025-12-25
OP-2025-0360,110000005,6.0000,6.0000,,,2025-12-25
OP-2025-0361,105000001,40.0000,40.0000,,,2025-12-28
OP-2025-0361,110000006,6.0000,6.0000,,,2025-12-28
OP-2025-0362,110000001,104.0000,104.0000,,,2025-12-30
OP-2025-0363,105000003,45.0000,46.0000,Perda de material no setup da máquina,supervisor.turno.b,2025-12-30
OP-2025-0364,105000003,80.0000,80.0000,,,2026-01-01
OP-2025-0365,110000002,74.0000,74.0000,,,2025-12-27
OP-2025-0366,110000003,144.0000,144.0000,,,2025-12-31
OP-2025-0367,105000001,80.0000,80.0000,,,2026-01-02
OP-2025-0367,110000006,12.0000,12.0000,,,2026-01-02
OP-2025-0368,105000005,260.0000,260.0000,,,2026-01-10
OP-2025-0368,110000004,14.3000,14.4487,Consumo extra de arame por ajuste de parâmetro,analista.pcp,2026-01-10
OP-2025-0369,105000003,20.0000,20.0000,,,2026-01-02
OP-2026-0001,105000004,20.0000,20.0000,,,2026-01-08
OP-2026-0001,105000002,40.0000,40.0000,,,2026-01-08
OP-2026-0001,110000008,80.0000,80.0000,,,2026-01-08
OP-2026-0001,110000007,200.0000,200.0000,,,2026-01-08
OP-2026-0002,105000005,40.0000,40.0000,,,2026-01-05
OP-2026-0002,110000005,4.8000,4.8000,,,2026-01-05
OP-2026-0368,110000003,51.2000,51.2000,,,2026-01-06
OP-2026-0003,105000004,80.0000,80.0000,,,2026-01-14
OP-2026-0003,105000002,80.0000,80.0000,,,2026-01-14
OP-2026-0003,110000008,160.0000,160.0000,,,2026-01-14
OP-2026-0003,110000007,640.0000,640.0000,,,2026-01-14
OP-2026-0004,105000004,45.0000,45.0000,,,2026-01-09
OP-2026-0004,110000009,90.0000,90.0000,,,2026-01-09
OP-2026-0004,110000010,45.0000,45.0000,,,2026-01-09
OP-2026-0004,110000007,180.0000,180.0000,,,2026-01-09
OP-2026-0005,105000003,45.0000,45.0000,,,2026-01-08
OP-2026-0006,105000001,40.0000,40.0000,,,2026-01-13
OP-2026-0006,110000006,6.0000,6.0000,,,2026-01-13
OP-2026-0007,105000006,65.0000,65.0000,,,2026-01-13
OP-2026-0007,110000005,52.0000,52.6344,Variação na espessura da camada de tinta,analista.pcp,2026-01-13
OP-2026-0008,110000003,128.0000,128.0000,,,2026-01-16
OP-2026-0009,110000002,74.0000,74.0000,,,2026-01-12
OP-2026-0010,110000001,104.0000,111.4256,Refugo por dimensional fora de tolerância,supervisor.turno.b,2026-01-19
OP-2026-0011,105000004,20.0000,,,,
OP-2026-0011,105000002,40.0000,,,,
OP-2026-0011,110000008,80.0000,,,,
OP-2026-0011,110000007,200.0000,,,,
OP-2026-0012,110000003,80.0000,77.3680,Aproveitamento de sobra do lote anterior,supervisor.turno.a,2026-01-18
OP-2026-0013,105000005,40.0000,42.0000,Variação na espessura da camada de tinta,supervisor.turno.c,2026-01-19
OP-2026-0013,110000005,4.8000,4.8000,,,2026-01-19
OP-2026-0014,110000003,144.0000,144.0000,,,2026-01-24
OP-2026-0015,110000001,130.0000,139.2300,Quebra de ferramenta durante o corte,supervisor.turno.b,2026-01-19
OP-2026-0016,110000002,74.0000,74.0000,,,2026-01-21
OP-2026-0017,110000002,148.0000,146.4756,Aproveitamento de sobra do lote anterior,supervisor.turno.a,2026-01-18
OP-2026-0369,105000003,30.0000,30.0000,,,2026-01-23
OP-2026-0018,105000004,45.0000,45.0000,,,2026-01-24
OP-2026-0018,110000009,90.0000,96.0000,Componente danificado no manuseio,supervisor.turno.c,2026-01-24
OP-2026-0018,110000010,45.0000,45.0000,,,2026-01-24
OP-2026-0018,110000007,180.0000,180.0000,,,2026-01-24
OP-2026-0019,110000003,144.0000,150.8112,Refugo por porosidade na fundição,supervisor.turno.c,2026-01-28
OP-2026-0020,110000003,80.0000,84.2880,Refugo por porosidade na fundição,supervisor.turno.c,2026-01-29
OP-2026-0021,105000003,40.0000,40.0000,,,2026-01-27
OP-2026-0022,110000003,128.0000,128.0000,,,2026-01-27
OP-2026-0023,110000001,104.0000,107.3072,Quebra de ferramenta durante o corte,analista.pcp,2026-01-28
OP-2026-0024,105000003,25.0000,25.0000,,,2026-01-28
OP-2026-0025,105000005,40.0000,41.0000,Repintura por falha de aderência,supervisor.turno.c,2026-01-26
OP-2026-0025,110000005,4.8000,4.8000,,,2026-01-26
OP-2026-0026,110000001,130.0000,130.0000,,,2026-01-27
OP-2026-0027,105000005,80.0000,80.0000,,,2026-01-30
OP-2026-0027,110000004,4.4000,4.4000,,,2026-01-30
OP-2026-0028,105000001,40.0000,40.0000,,,2026-02-02
OP-2026-0028,110000006,6.0000,6.4014,Troca parcial do óleo de têmpera,supervisor.turno.a,2026-02-02
OP-2026-0029,105000003,45.0000,45.0000,,,2026-02-05
OP-2026-0030,110000002,138.7500,138.7500,,,2026-01-29
OP-2026-0370,110000003,25.6000,25.6000,,,2026-02-04
OP-2026-0031,105000001,50.0000,50.0000,,,2026-02-04
OP-2026-0031,110000006,7.5000,7.5000,,,2026-02-04
OP-2026-0032,110000002,148.0000,148.0000,,,2026-01-30
OP-2026-0033,105000003,40.0000,40.0000,,,2026-02-05
OP-2026-0034,105000003,45.0000,45.0000,,,2026-02-05
OP-2026-0035,105000003,25.0000,25.0000,,,2026-02-10
OP-2026-0036,105000004,40.0000,40.0000,,,2026-02-10
OP-2026-0036,105000002,40.0000,40.0000,,,2026-02-10
OP-2026-0036,110000008,80.0000,80.0000,,,2026-02-10
OP-2026-0036,110000007,320.0000,320.0000,,,2026-02-10
OP-2026-0037,105000006,20.0000,20.0000,,,2026-02-08
OP-2026-0037,110000005,16.0000,16.0000,,,2026-02-08
OP-2026-0038,105000001,40.0000,40.0000,,,2026-02-14
OP-2026-0038,110000006,6.0000,6.0000,,,2026-02-14
OP-2026-0039,105000005,80.0000,80.0000,,,2026-02-12
OP-2026-0039,110000004,4.4000,4.4000,,,2026-02-12
OP-2026-0040,110000002,148.0000,148.0000,,,2026-02-03
OP-2026-0041,105000005,75.0000,75.0000,,,2026-02-06
OP-2026-0041,110000005,9.0000,9.0000,,,2026-02-06
OP-2026-0371,110000003,83.2000,83.2000,,,2026-02-09
OP-2026-0042,105000004,25.0000,25.0000,,,2026-02-13
OP-2026-0042,105000002,50.0000,50.0000,,,2026-02-13
OP-2026-0042,110000008,100.0000,100.0000,,,2026-02-13
OP-2026-0042,110000007,250.0000,250.0000,,,2026-02-13
OP-2026-0043,105000004,45.0000,45.0000,,,2026-02-13
OP-2026-0043,110000009,90.0000,90.0000,,,2026-02-13
OP-2026-0043,110000010,45.0000,48.0000,Parafuso com rosca danificada substituído,supervisor.turno.a,2026-02-13
OP-2026-0043,110000007,180.0000,180.0000,,,2026-02-13
OP-2026-0044,105000001,50.0000,50.0000,,,2026-02-15
OP-2026-0044,110000006,7.5000,7.5000,,,2026-02-15
OP-2026-0045,110000002,138.7500,141.1920,Rebarba acima do limite gerou refugo,supervisor.turno.c,2026-02-10
OP-2026-0372,110000001,135.2000,135.2000,,,2026-02-14
OP-2026-0046,110000003,224.0000,224.0000,,,2026-02-20
OP-2026-0047,110000003,64.0000,64.0000,,,2026-02-19
OP-2026-0048,110000003,160.0000,160.0000,,,2026-02-23
OP-2026-0049,105000005,80.0000,84.0000,Peça refugada por trinca na solda,analista.pcp,2026-02-25
OP-2026-0049,110000004,4.4000,4.6539,Peça refugada por trinca na solda,supervisor.turno.c,2026-02-25
OP-2026-0050,105000004,45.0000,45.0000,,,2026-02-15
OP-2026-0050,110000009,90.0000,90.0000,,,2026-02-15
OP-2026-0050,110000010,45.0000,45.0000,,,2026-02-15
OP-2026-0050,110000007,180.0000,180.0000,,,2026-02-15
OP-2026-0051,110000001,130.0000,130.0000,,,2026-02-19
OP-2026-0052,105000006,20.0000,20.0000,,,2026-02-14
OP-2026-0052,110000005,16.0000,16.0000,,,2026-02-14
OP-2026-0053,105000004,40.0000,40.0000,,,2026-02-20
OP-2026-0053,105000002,40.0000,42.0000,Componente danificado no manuseio,supervisor.turno.c,2026-02-20
OP-2026-0053,110000008,80.0000,80.0000,,,2026-02-20
OP-2026-0053,110000007,320.0000,320.0000,,,2026-02-20
OP-2026-0054,110000001,104.0000,104.0000,,,2026-02-17
OP-2026-0055,110000002,296.0000,296.0000,,,2026-02-13
OP-2026-0056,105000005,75.0000,75.0000,,,2026-02-16
OP-2026-0056,110000005,9.0000,9.0000,,,2026-02-16
OP-2026-0057,105000004,25.0000,25.0000,,,2026-02-27
OP-2026-0057,105000002,50.0000,50.0000,,,2026-02-27
OP-2026-0057,110000008,100.0000,100.0000,,,2026-02-27
OP-2026-0057,110000007,250.0000,250.0000,,,2026-02-27
OP-2026-0058,110000003,64.0000,64.0000,,,2026-02-24
OP-2026-0059,110000003,224.0000,220.6848,Aproveitamento de sobra do lote anterior,analista.pcp,2026-02-24
OP-2026-0060,105000003,70.0000,70.0000,,,2026-02-28
OP-2026-0061,110000001,104.0000,104.0000,,,2026-02-26
OP-2026-0062,105000003,50.0000,50.0000,,,2026-03-01
OP-2026-0063,110000001,130.0000,130.0000,,,2026-03-01
OP-2026-0064,105000005,160.0000,160.0000,,,2026-03-01
OP-2026-0064,110000004,8.8000,8.8000,,,2026-03-01
OP-2026-0065,105000006,20.0000,20.0000,,,2026-02-24
OP-2026-0065,110000005,16.0000,15.6384,Aproveitamento de sobra do lote anterior,supervisor.turno.b,2026-02-24
OP-2026-0066,110000003,160.0000,171.9840,Refugo por porosidade na fundição,supervisor.turno.a,2026-03-02
OP-2026-0067,105000003,20.0000,20.0000,,,2026-03-04
OP-2026-0068,110000002,296.0000,296.0000,,,2026-02-27
OP-2026-0069,105000001,40.0000,40.0000,,,2026-03-01
OP-2026-0069,110000006,6.0000,6.0000,,,2026-03-01
OP-2026-0070,105000003,70.0000,70.0000,,,2026-03-08
OP-2026-0071,105000003,20.0000,21.0000,Quebra de ferramenta durante o corte,supervisor.turno.a,2026-03-09
OP-2026-0072,105000001,50.0000,50.0000,,,2026-03-05
OP-2026-0072,110000006,7.5000,7.5000,,,2026-03-05
OP-2026-0073,110000003,64.0000,64.0000,,,2026-03-11
OP-2026-0074,110000002,296.0000,308.3728,Rebarba acima do limite gerou refugo,analista.pcp,2026-03-06
OP-2026-0075,105000001,40.0000,40.0000,,,2026-03-20
OP-2026-0075,110000006,6.0000,6.0000,,,2026-03-20
OP-2026-0076,105000004,70.0000,70.0000,,,2026-03-14
OP-2026-0076,110000009,140.0000,140.0000,,,2026-03-14
OP-2026-0076,110000010,70.0000,70.0000,,,2026-03-14
OP-2026-0076,110000007,280.0000,280.0000,,,2026-03-14
OP-2026-0077,105000005,160.0000,160.0000,,,2026-03-18
OP-2026-0077,110000004,8.8000,8.8000,,,2026-03-18
OP-2026-0078,110000001,104.0000,104.0000,,,2026-03-09
OP-2026-0079,105000006,40.0000,39.0000,Aproveitamento de sobra do lote anterior,supervisor.turno.c,2026-03-07
OP-2026-0079,110000005,32.0000,33.6992,Repintura por falha de aderência,supervisor.turno.a,2026-03-07
OP-2026-0080,105000003,50.0000,50.0000,,,2026-03-19
OP-2026-0081,105000004,50.0000,50.0000,,,2026-03-13
OP-2026-0081,105000002,50.0000,50.0000,,,2026-03-13
OP-2026-0081,110000008,100.0000,100.0000,,,2026-03-13
OP-2026-0081,110000007,400.0000,400.0000,,,2026-03-13
OP-2026-0082,105000005,160.0000,164.0000,Variação na espessura da camada de tinta,supervisor.turno.c,2026-03-13
OP-2026-0082,110000005,19.2000,19.2000,,,2026-03-13
OP-2026-0083,105000004,20.0000,20.0000,,,2026-03-11
OP-2026-0083,105000002,40.0000,40.0000,,,2026-03-11
OP-2026-0083,110000008,80.0000,80.0000,,,2026-03-11
OP-2026-0083,110000007,200.0000,200.0000,,,2026-03-11
OP-2026-0084,105000001,50.0000,50.0000,,,2026-03-17
OP-2026-0084,110000006,7.5000,7.5000,,,2026-03-17
OP-2026-0085,105000004,20.0000,20.0000,,,2026-03-18
OP-2026-0085,105000002,40.0000,40.0000,,,2026-03-18
OP-2026-0085,110000008,80.0000,80.0000,,,2026-03-18
OP-2026-0085,110000007,200.0000,206.0000,Componente danificado no manuseio,supervisor.turno.b,2026-03-18
OP-2026-0086,105000004,70.0000,70.0000,,,2026-03-24
OP-2026-0086,110000009,140.0000,140.0000,,,2026-03-24
OP-2026-0086,110000010,70.0000,70.0000,,,2026-03-24
OP-2026-0086,110000007,280.0000,280.0000,,,2026-03-24
OP-2026-0087,110000003,208.0000,208.0000,,,2026-03-21
OP-2026-0088,105000003,20.0000,20.0000,,,2026-03-23
OP-2026-0089,110000003,224.0000,238.7392,Perda de metal no canal de alimentação,supervisor.turno.a,2026-03-23
OP-2026-0090,110000002,259.0000,259.0000,,,2026-03-13
OP-2026-0091,105000006,40.0000,40.0000,,,2026-03-16
OP-2026-0091,110000005,32.0000,32.0000,,,2026-03-16
OP-2026-0092,110000003,320.0000,320.0000,,,2026-03-23
OP-2026-0093,110000001,364.0000,364.0000,,,2026-03-21
OP-2026-0094,105000004,50.0000,50.0000,,,2026-03-28
OP-2026-0094,105000002,50.0000,50.0000,,,2026-03-28
OP-2026-0094,110000008,100.0000,100.0000,,,2026-03-28
OP-2026-0094,110000007,400.0000,400.0000,,,2026-03-28
OP-2026-0095,105000001,40.0000,40.0000,,,2026-03-29
OP-2026-0095,110000006,6.0000,6.0000,,,2026-03-29
OP-2026-0096,110000001,260.0000,270.0880,Quebra de ferramenta durante o corte,analista.pcp,2026-03-30
OP-2026-0097,105000005,140.0000,140.0000,,,2026-04-05
OP-2026-0097,110000004,7.7000,7.7955,Retrabalho de cordão de solda,supervisor.turno.b,2026-04-05
OP-2026-0098,105000003,65.0000,65.0000,,,2026-04-03
OP-2026-0099,105000003,70.0000,69.0000,Aproveitamento de sobra do lote anterior,supervisor.turno.b,2026-03-29
OP-2026-0100,105000004,20.0000,20.0000,,,2026-04-02
OP-2026-0100,105000002,40.0000,40.0000,,,2026-04-02
OP-2026-0100,110000008,80.0000,80.0000,,,2026-04-02
OP-2026-0100,110000007,200.0000,200.0000,,,2026-04-02
OP-2026-0101,105000003,100.0000,,,,
OP-2026-0102,110000002,185.0000,185.0000,,,2026-04-05
OP-2026-0103,110000002,259.0000,259.0000,,,2026-03-27
OP-2026-0104,110000003,208.0000,208.0000,,,2026-04-02
OP-2026-0373,105000001,4.0000,4.0000,,,2026-03-30
OP-2026-0373,110000006,0.6000,0.6000,,,2026-03-30
OP-2026-0374,110000002,196.1000,196.1000,,,2026-04-02
OP-2026-0105,105000001,140.0000,,,,
OP-2026-0105,110000006,21.0000,,,,
OP-2026-0106,105000001,100.0000,106.0000,Troca parcial do óleo de têmpera,supervisor.turno.a,2026-04-06
OP-2026-0106,110000006,15.0000,15.0000,,,2026-04-06
OP-2026-0107,105000005,100.0000,101.0000,Variação na espessura da camada de tinta,analista.pcp,2026-04-04
OP-2026-0107,110000005,12.0000,11.8428,Aproveitamento de sobra do lote anterior,supervisor.turno.b,2026-04-04
OP-2026-0108,105000006,35.0000,36.0000,Variação na espessura da camada de tinta,supervisor.turno.a,2026-04-05
OP-2026-0108,110000005,28.0000,29.7052,Variação na espessura da camada de tinta,analista.pcp,2026-04-05
OP-2026-0109,105000005,140.0000,140.0000,,,2026-04-12
OP-2026-0109,110000004,7.7000,7.7000,,,2026-04-12
OP-2026-0110,105000004,65.0000,65.0000,,,2026-04-10
OP-2026-0110,110000009,130.0000,130.0000,,,2026-04-10
OP-2026-0110,110000010,65.0000,65.0000,,,2026-04-10
OP-2026-0110,110000007,260.0000,260.0000,,,2026-04-10
OP-2026-0111,110000002,185.0000,185.0000,,,2026-04-09
OP-2026-0112,105000004,70.0000,70.0000,,,2026-04-15
OP-2026-0112,105000002,140.0000,140.0000,,,2026-04-15
OP-2026-0112,110000008,280.0000,280.0000,,,2026-04-15
OP-2026-0112,110000007,700.0000,754.0000,Parafuso com rosca danificada substituído,supervisor.turno.a,2026-04-15
OP-2026-0113,110000003,272.0000,272.0000,,,2026-04-13
OP-2026-0114,105000003,65.0000,65.0000,,,2026-04-17
OP-2026-0375,105000003,6.0000,6.0000,,,2026-04-13
OP-2026-0379,110000001,78.0000,78.0000,,,2026-04-12
OP-2026-0115,105000004,100.0000,100.0000,,,2026-04-15
OP-2026-0115,105000002,100.0000,105.0000,Componente danificado no manuseio,analista.pcp,2026-04-15
OP-2026-0115,110000008,200.0000,200.0000,,,2026-04-15
OP-2026-0115,110000007,800.0000,800.0000,,,2026-04-15
OP-2026-0376,105000001,47.0000,47.0000,,,2026-04-13
OP-2026-0376,110000006,7.0500,7.0500,,,2026-04-13
OP-2026-0377,105000003,115.0000,115.0000,,,2026-04-14
OP-2026-0116,110000003,272.0000,272.0000,,,2026-04-17
OP-2026-0117,110000001,442.0000,442.0000,,,2026-04-14
OP-2026-0378,105000001,113.0000,113.0000,,,2026-04-14
OP-2026-0378,110000006,16.9500,16.9500,,,2026-04-14
OP-2026-0380,110000002,44.4000,44.4000,,,2026-04-14
OP-2026-0118,110000003,176.0000,,,,
OP-2026-0119,105000005,100.0000,100.0000,,,2026-04-17
OP-2026-0119,110000005,12.0000,12.6984,Repintura por falha de aderência,supervisor.turno.b,2026-04-17
OP-2026-0120,105000006,35.0000,35.0000,,,2026-04-17
OP-2026-0120,110000005,28.0000,28.0000,,,2026-04-17
OP-2026-0121,110000002,222.0000,,,,
OP-2026-0381,110000002,7.4000,7.4000,,,2026-04-19
OP-2026-0122,105000004,65.0000,68.0000,Parafuso com rosca danificada substituído,supervisor.turno.a,2026-04-28
OP-2026-0122,110000009,130.0000,132.0000,Componente danificado no manuseio,analista.pcp,2026-04-28
OP-2026-0122,110000010,65.0000,69.0000,Parafuso com rosca danificada substituído,supervisor.turno.b,2026-04-28
OP-2026-0122,110000007,260.0000,260.0000,,,2026-04-28
OP-2026-0123,105000003,85.0000,90.0000,Perda de material no setup da máquina,analista.pcp,2026-04-24
OP-2026-0124,110000001,143.0000,143.0000,,,2026-04-24
OP-2026-0382,110000003,182.4000,182.4000,,,2026-04-24
OP-2026-0125,110000003,176.0000,185.5568,Refugo por porosidade na fundição,analista.pcp,2026-04-28
OP-2026-0126,105000003,85.0000,85.0000,,,2026-04-26
OP-2026-0127,110000001,143.0000,150.3788,Perda de material no setup da máquina,supervisor.turno.b,2026-04-29
OP-2026-0364,105000005,5.0000,5.0000,,,2026-04-20
OP-2026-0364,110000005,0.6000,0.6000,,,2026-04-20
OP-2026-0128,110000003,272.0000,293.2976,Refugo por porosidade na fundição,supervisor.turno.c,2026-04-30
OP-2026-0129,105000003,55.0000,55.0000,,,2026-04-30
OP-2026-0130,105000001,170.0000,170.0000,,,2026-04-30
OP-2026-0130,110000006,25.5000,25.5000,,,2026-04-30
OP-2026-0131,105000005,120.0000,120.0000,,,2026-05-04
OP-2026-0131,110000004,6.6000,6.6000,,,2026-05-04
OP-2026-0132,110000002,222.0000,222.0000,,,2026-05-01
OP-2026-0133,110000002,120.2500,122.2943,Rebarba acima do limite gerou refugo,supervisor.turno.b,2026-05-02
OP-2026-0134,105000001,55.0000,54.0000,Aproveitamento de sobra do lote anterior,supervisor.turno.c,2026-05-09
OP-2026-0134,110000006,8.2500,8.2500,,,2026-05-09
OP-2026-0135,105000003,55.0000,55.0000,,,2026-05-08
OP-2026-0383,110000002,5.5500,5.5500,,,2026-05-04
OP-2026-0136,105000004,85.0000,85.0000,,,2026-05-04
OP-2026-0136,110000009,170.0000,170.0000,,,2026-05-04
OP-2026-0136,110000010,85.0000,85.0000,,,2026-05-04
OP-2026-0136,110000007,340.0000,340.0000,,,2026-05-04
OP-2026-0384,110000002,242.3500,242.3500,,,2026-05-05
OP-2026-0137,105000005,65.0000,65.0000,,,2026-05-06
OP-2026-0137,110000005,7.8000,7.9763,Variação na espessura da camada de tinta,supervisor.turno.c,2026-05-06
OP-2026-0138,105000003,85.0000,83.0000,Aproveitamento de sobra do lote anterior,supervisor.turno.a,2026-05-13
OP-2026-0139,105000006,30.0000,30.0000,,,2026-05-08
OP-2026-0139,110000005,24.0000,24.0000,,,2026-05-08
OP-2026-0140,105000004,85.0000,85.0000,,,2026-05-14
OP-2026-0140,105000002,170.0000,170.0000,,,2026-05-14
OP-2026-0140,110000008,340.0000,340.0000,,,2026-05-14
OP-2026-0140,110000007,850.0000,841.0000,Aproveitamento de sobra do lote anterior,analista.pcp,2026-05-14
OP-2026-0141,105000001,55.0000,53.0000,Aproveitamento de sobra do lote anterior,supervisor.turno.b,2026-05-12
OP-2026-0141,110000006,8.2500,8.2500,,,2026-05-12
OP-2026-0385,110000003,144.0000,144.0000,,,2026-05-11
OP-2026-0142,105000004,55.0000,55.0000,,,2026-05-14
OP-2026-0142,105000002,55.0000,55.0000,,,2026-05-14
OP-2026-0142,110000008,110.0000,117.0000,Componente danificado no manuseio,supervisor.turno.b,2026-05-14
OP-2026-0142,110000007,330.0000,330.0000,,,2026-05-14
OP-2026-0142,110000009,55.0000,55.0000,,,2026-05-14
OP-2026-0143,105000005,120.0000,120.0000,,,2026-05-07
OP-2026-0143,110000004,6.6000,6.6000,,,2026-05-07
OP-2026-0144,110000003,304.0000,304.0000,,,2026-05-18
OP-2026-0145,110000001,446.5000,446.5000,,,2026-05-18
OP-2026-0146,110000002,120.2500,,,,
OP-2026-0147,110000002,222.0000,222.0000,,,2026-05-13
OP-2026-0148,110000001,105.7500,110.2973,Refugo por dimensional fora de tolerância,supervisor.turno.b,2026-05-23
OP-2026-0149,105000004,55.0000,55.0000,,,2026-05-19
OP-2026-0149,105000002,55.0000,55.0000,,,2026-05-19
OP-2026-0149,110000008,110.0000,110.0000,,,2026-05-19
OP-2026-0149,110000007,330.0000,330.0000,,,2026-05-19
OP-2026-0149,110000009,55.0000,55.0000,,,2026-05-19
OP-2026-0150,110000003,144.0000,145.7568,Perda de metal no canal de alimentação,supervisor.turno.b,2026-05-24
OP-2026-0386,110000001,7.0500,7.0500,,,2026-05-24
OP-2026-0151,105000006,30.0000,30.0000,,,2026-05-18
OP-2026-0151,110000005,24.0000,24.0000,,,2026-05-18
OP-2026-0152,110000003,320.0000,340.9920,Refugo por porosidade na fundição,supervisor.turno.b,2026-05-23
OP-2026-0153,105000005,65.0000,65.0000,,,2026-05-20
OP-2026-0153,110000005,7.8000,7.8000,,,2026-05-20
OP-2026-0154,105000004,85.0000,85.0000,,,2026-05-26
OP-2026-0154,110000009,170.0000,170.0000,,,2026-05-26
OP-2026-0154,110000010,85.0000,85.0000,,,2026-05-26
OP-2026-0154,110000007,340.0000,340.0000,,,2026-05-26
OP-2026-0155,110000003,144.0000,151.2864,Refugo por porosidade na fundição,supervisor.turno.a,2026-05-25
OP-2026-0156,105000005,120.0000,130.0000,Peça refugada por trinca na solda,supervisor.turno.a,2026-05-27
OP-2026-0156,110000004,6.6000,6.6000,,,2026-05-27
OP-2026-0157,110000002,407.0000,407.0000,,,2026-05-25
OP-2026-0158,105000003,95.0000,94.0000,Aproveitamento de sobra do lote anterior,analista.pcp,2026-05-26
OP-2026-0159,110000002,120.2500,123.9417,Perda de chapa no ajuste da ferramenta,supervisor.turno.a,2026-05-27
OP-2026-0160,105000003,45.0000,45.0000,,,2026-06-01
OP-2026-0161,105000001,190.0000,190.0000,,,2026-05-25
OP-2026-0161,110000006,28.5000,28.5000,,,2026-05-25
OP-2026-0387,110000002,146.1500,146.1500,,,2026-05-27
OP-2026-0162,105000001,45.0000,45.0000,,,2026-05-27
OP-2026-0162,110000006,6.7500,6.7500,,,2026-05-27
OP-2026-0163,110000001,105.7500,105.7500,,,2026-06-03
OP-2026-0164,105000005,220.0000,220.0000,,,2026-05-30
OP-2026-0164,110000004,12.1000,12.1000,,,2026-05-30
OP-2026-0165,105000003,100.0000,107.0000,Perda de material no setup da máquina,supervisor.turno.c,2026-05-31
OP-2026-0166,110000002,407.0000,407.0000,,,2026-05-31
OP-2026-0167,110000003,320.0000,320.0000,,,2026-05-30
OP-2026-0168,105000006,30.0000,30.0000,,,2026-06-02
OP-2026-0168,110000005,24.0000,25.7208,Variação na espessura da camada de tinta,supervisor.turno.c,2026-06-02
OP-2026-0169,105000005,65.0000,67.0000,Repintura por falha de aderência,supervisor.turno.c,2026-05-30
OP-2026-0169,110000005,7.8000,7.6814,Aproveitamento de sobra do lote anterior,supervisor.turno.b,2026-05-30
OP-2026-0170,110000002,351.5000,351.5000,,,2026-06-02
OP-2026-0171,110000003,144.0000,144.0000,,,2026-06-08
OP-2026-0172,105000003,45.0000,45.0000,,,2026-06-09
OP-2026-0173,105000004,45.0000,45.0000,,,2026-06-09
OP-2026-0173,105000002,45.0000,45.0000,,,2026-06-09
OP-2026-0173,110000008,90.0000,90.0000,,,2026-06-09
OP-2026-0173,110000007,270.0000,270.0000,,,2026-06-09
OP-2026-0173,110000009,45.0000,45.0000,,,2026-06-09
OP-2026-0174,105000004,95.0000,98.0000,Componente danificado no manuseio,analista.pcp,2026-06-11
OP-2026-0174,105000002,190.0000,190.0000,,,2026-06-11
OP-2026-0174,110000008,380.0000,380.0000,,,2026-06-11
OP-2026-0174,110000007,950.0000,950.0000,,,2026-06-11
OP-2026-0175,105000005,190.0000,190.0000,,,2026-06-06
OP-2026-0175,110000005,22.8000,22.8000,,,2026-06-06
OP-2026-0176,110000001,105.7500,105.7500,,,2026-06-11
OP-2026-0177,105000005,220.0000,236.0000,Retrabalho de cordão de solda,analista.pcp,2026-06-12
OP-2026-0177,110000004,12.1000,12.1000,,,2026-06-12
OP-2026-0178,105000003,100.0000,103.0000,Refugo por dimensional fora de tolerância,supervisor.turno.b,2026-06-14
OP-2026-0388,105000001,6.0000,6.0000,,,2026-06-08
OP-2026-0388,110000006,0.9000,0.9000,,,2026-06-08
OP-2026-0179,105000006,55.0000,55.0000,,,2026-06-10
OP-2026-0179,110000005,44.0000,44.0000,,,2026-06-10
OP-2026-0180,105000001,45.0000,45.0000,,,2026-06-13
OP-2026-0180,110000006,6.7500,6.9815,Reprocesso por dureza abaixo da especificação,supervisor.turno.c,2026-06-13
OP-2026-0181,105000004,100.0000,100.0000,,,2026-06-14
OP-2026-0181,110000009,200.0000,200.0000,,,2026-06-14
OP-2026-0181,110000010,100.0000,100.0000,,,2026-06-14
OP-2026-0181,110000007,400.0000,400.0000,,,2026-06-14
OP-2026-0390,105000001,18.0000,18.0000,,,2026-06-11
OP-2026-0390,110000006,2.7000,2.7000,,,2026-06-11
OP-2026-0389,110000002,5.5500,5.5500,,,2026-06-10
OP-2026-0182,110000003,160.0000,160.0000,,,2026-06-16
OP-2026-0365,105000004,8.0000,8.0000,,,2026-06-12
OP-2026-0365,105000002,16.0000,16.0000,,,2026-06-12
OP-2026-0365,110000008,32.0000,32.0000,,,2026-06-12
OP-2026-0365,110000007,80.0000,80.0000,,,2026-06-12
OP-2026-0183,105000003,45.0000,45.0000,,,2026-06-18
OP-2026-0392,110000001,68.1500,68.1500,,,2026-06-19
OP-2026-0184,105000004,45.0000,45.0000,,,2026-06-20
OP-2026-0184,105000002,45.0000,45.0000,,,2026-06-20
OP-2026-0184,110000008,90.0000,90.0000,,,2026-06-20
OP-2026-0184,110000007,270.0000,270.0000,,,2026-06-20
OP-2026-0184,110000009,45.0000,45.0000,,,2026-06-20
OP-2026-0185,110000003,144.0000,148.3056,Refugo por porosidade na fundição,supervisor.turno.c,2026-06-23
OP-2026-0186,110000001,211.5000,,,,
OP-2026-0187,110000001,117.5000,117.5000,,,2026-06-20
OP-2026-0391,105000001,2.0000,2.0000,,,2026-06-19
OP-2026-0391,110000006,0.3000,0.3000,,,2026-06-19
OP-2026-0188,110000003,512.0000,512.0000,,,2026-06-22
OP-2026-0189,105000006,55.0000,55.0000,,,2026-06-16
OP-2026-0189,110000005,44.0000,44.0000,,,2026-06-16
OP-2026-0190,105000004,100.0000,100.0000,,,2026-06-22
OP-2026-0190,110000009,200.0000,200.0000,,,2026-06-22
OP-2026-0190,110000010,100.0000,100.0000,,,2026-06-22
OP-2026-0190,110000007,400.0000,400.0000,,,2026-06-22
OP-2026-0191,105000001,45.0000,47.0000,Troca parcial do óleo de têmpera,supervisor.turno.a,2026-06-20
OP-2026-0191,110000006,6.7500,6.7500,,,2026-06-20
OP-2026-0192,110000002,444.0000,444.0000,,,2026-06-20
OP-2026-0366,105000004,6.0000,6.0000,,,2026-06-20
OP-2026-0366,110000009,12.0000,13.0000,Peça destruída em ensaio de amostragem,supervisor.turno.c,2026-06-20
OP-2026-0366,110000010,6.0000,6.0000,,,2026-06-20
OP-2026-0366,110000007,24.0000,24.0000,,,2026-06-20
OP-2026-0193,105000003,50.0000,50.0000,,,2026-06-26
OP-2026-0194,110000001,117.5000,123.3280,Refugo por dimensional fora de tolerância,supervisor.turno.c,2026-06-23
OP-2026-0195,110000003,160.0000,160.0000,,,2026-07-02
OP-2026-0196,110000003,144.0000,150.9984,Perda de metal no canal de alimentação,supervisor.turno.b,2026-06-27
OP-2026-0197,105000003,45.0000,46.0000,Quebra de ferramenta durante o corte,supervisor.turno.b,2026-07-02
OP-2026-0198,110000001,211.5000,211.5000,,,2026-07-03
OP-2026-0199,105000003,160.0000,160.0000,,,2026-07-05
OP-2026-0200,105000005,240.0000,240.0000,,,2026-07-07
OP-2026-0200,110000004,13.2000,13.2000,,,2026-07-07
OP-2026-0201,105000004,45.0000,45.0000,,,2026-07-05
OP-2026-0201,105000002,45.0000,45.0000,,,2026-07-05
OP-2026-0201,110000008,90.0000,90.0000,,,2026-07-05
OP-2026-0201,110000007,270.0000,285.0000,Parafuso com rosca danificada substituído,supervisor.turno.c,2026-07-05
OP-2026-0201,110000009,45.0000,45.0000,,,2026-07-05
OP-2026-0202,105000001,50.0000,50.0000,,,2026-07-04
OP-2026-0202,110000006,7.5000,7.5000,,,2026-07-04
OP-2026-0203,105000001,90.0000,90.0000,,,2026-07-08
OP-2026-0203,110000006,13.5000,13.5000,,,2026-07-08
OP-2026-0393,110000003,96.0000,96.0000,,,2026-07-05
OP-2026-0204,110000002,370.0000,370.0000,,,2026-07-02
OP-2026-0205,110000002,444.0000,471.0840,Rebarba acima do limite gerou refugo,supervisor.turno.b,2026-06-30
OP-2026-0394,110000001,21.1500,21.1500,,,2026-07-08
OP-2026-0206,110000003,160.0000,160.0000,,,2026-07-08
OP-2026-0207,105000003,50.0000,50.0000,,,2026-07-07
OP-2026-0208,110000001,117.5000,117.5000,,,2026-07-10
OP-2026-0209,105000003,45.0000,45.0000,,,2026-07-07
OP-2026-0210,105000001,50.0000,53.0000,Reprocesso por dureza abaixo da especificação,analista.pcp,2026-07-09
OP-2026-0210,110000006,7.5000,7.5000,,,2026-07-09
OP-2026-0211,105000004,50.0000,51.0000,Parafuso com rosca danificada substituído,supervisor.turno.a,2026-07-13
OP-2026-0211,105000002,50.0000,50.0000,,,2026-07-13
OP-2026-0211,110000008,100.0000,100.0000,,,2026-07-13
OP-2026-0211,110000007,300.0000,300.0000,,,2026-07-13
OP-2026-0211,110000009,50.0000,50.0000,,,2026-07-13
OP-2026-0396,110000001,110.4500,110.4500,,,2026-07-10
OP-2026-0212,105000004,45.0000,45.0000,,,2026-07-12
OP-2026-0212,105000002,90.0000,90.0000,,,2026-07-12
OP-2026-0212,110000008,180.0000,180.0000,,,2026-07-12
OP-2026-0212,110000007,450.0000,450.0000,,,2026-07-12
OP-2026-0213,105000006,60.0000,60.0000,,,2026-07-10
OP-2026-0213,110000005,48.0000,50.7168,Variação na espessura da camada de tinta,analista.pcp,2026-07-10
OP-2026-0214,105000004,160.0000,160.0000,,,2026-07-14
OP-2026-0214,110000009,320.0000,340.0000,Componente danificado no manuseio,supervisor.turno.c,2026-07-14
OP-2026-0214,110000010,160.0000,160.0000,,,2026-07-14
OP-2026-0214,110000007,640.0000,640.0000,,,2026-07-14
OP-2026-0397,110000001,119.8500,119.8500,,,2026-07-14
OP-2026-0215,105000005,200.0000,200.0000,,,2026-07-08
OP-2026-0215,110000005,24.0000,24.0000,,,2026-07-08
OP-2026-0216,105000001,90.0000,94.0000,Troca parcial do óleo de têmpera,supervisor.turno.b,2026-07-13
OP-2026-0216,110000006,13.5000,13.5000,,,2026-07-13
OP-2026-0217,105000005,240.0000,240.0000,,,2026-07-12
OP-2026-0217,110000004,13.2000,13.2000,,,2026-07-12
OP-2026-0395,110000002,24.0500,24.0500,,,2026-07-11
OP-2026-0218,105000003,50.0000,50.0000,,,2026-07-22
OP-2026-0219,105000001,50.0000,52.0000,Reprocesso por dureza abaixo da especificação,supervisor.turno.b,2026-07-16
OP-2026-0219,110000006,7.5000,7.5000,,,2026-07-16
OP-2026-0220,105000004,50.0000,50.0000,,,2026-07-18
OP-2026-0220,105000002,50.0000,50.0000,,,2026-07-18
OP-2026-0220,110000008,100.0000,100.0000,,,2026-07-18
OP-2026-0220,110000007,300.0000,300.0000,,,2026-07-18
OP-2026-0220,110000009,50.0000,50.0000,,,2026-07-18
OP-2026-0398,105000003,10.0000,10.0000,,,2026-07-21
OP-2026-0221,110000003,240.0000,240.0000,,,2026-07-23
OP-2026-0222,105000004,45.0000,47.0000,Componente danificado no manuseio,supervisor.turno.b,2026-07-22
OP-2026-0222,105000002,90.0000,90.0000,,,2026-07-22
OP-2026-0222,110000008,180.0000,180.0000,,,2026-07-22
OP-2026-0222,110000007,450.0000,450.0000,,,2026-07-22
OP-2026-0223,110000003,304.0000,304.0000,,,2026-07-20
OP-2026-0224,110000001,176.2500,180.3390,Quebra de ferramenta durante o corte,supervisor.turno.a,2026-07-17
OP-2026-0225,105000006,60.0000,60.0000,,,2026-07-19
OP-2026-0225,110000005,48.0000,46.6656,Aproveitamento de sobra do lote anterior,supervisor.turno.c,2026-07-19
OP-2026-0226,110000003,112.0000,112.0000,,,2026-07-26
OP-2026-0399,105000001,9.0000,9.0000,,,2026-07-24
OP-2026-0399,110000006,1.3500,1.3500,,,2026-07-24
OP-2026-0227,110000001,164.5000,164.5000,,,2026-07-27
OP-2026-0228,110000002,333.0000,333.0000,,,2026-07-26
OP-2026-0229,105000004,50.0000,50.0000,,,2026-07-25
OP-2026-0229,105000002,50.0000,50.0000,,,2026-07-25
OP-2026-0229,110000008,100.0000,100.0000,,,2026-07-25
OP-2026-0229,110000007,300.0000,300.0000,,,2026-07-25
OP-2026-0229,110000009,50.0000,50.0000,,,2026-07-25
OP-2026-0230,110000003,112.0000,112.0000,,,2026-08-04
OP-2026-0231,110000003,304.0000,304.0000,,,2026-08-01
OP-2026-0232,105000003,95.0000,96.0000,Quebra de ferramenta durante o corte,supervisor.turno.a,2026-08-05
OP-2026-0233,110000001,164.5000,164.5000,,,2026-07-30
OP-2026-0234,105000003,75.0000,74.0000,Aproveitamento de sobra do lote anterior,supervisor.turno.b,2026-08-02
OP-2026-0401,110000001,28.2000,28.2000,,,2026-08-02
OP-2026-0235,110000003,240.0000,256.6080,Perda de metal no canal de alimentação,supervisor.turno.c,2026-08-02
OP-2026-0236,110000001,176.2500,176.2500,,,2026-08-04
OP-2026-0237,105000005,180.0000,174.0000,Aproveitamento de sobra do lote anterior,supervisor.turno.b,2026-07-31
OP-2026-0237,110000004,9.9000,9.9000,,,2026-07-31
OP-2026-0238,105000003,35.0000,37.0000,Quebra de ferramenta durante o corte,analista.pcp,2026-08-06
OP-2026-0239,105000001,75.0000,75.0000,,,2026-08-03
OP-2026-0239,110000006,11.2500,11.2500,,,2026-08-03
OP-2026-0240,110000002,388.5000,402.0198,Perda de chapa no ajuste da ferramenta,supervisor.turno.b,2026-08-02
OP-2026-0400,110000002,9.2500,9.2500,,,2026-07-30
OP-2026-0241,105000001,70.0000,70.0000,,,2026-08-04
OP-2026-0241,110000006,10.5000,10.5000,,,2026-08-04
OP-2026-0242,110000002,333.0000,333.0000,,,2026-08-06
OP-2026-0243,110000003,112.0000,115.3824,Refugo por porosidade na fundição,supervisor.turno.c,2026-08-09
OP-2026-0244,105000003,95.0000,95.0000,,,2026-08-12
OP-2026-0402,110000001,4.7000,4.7000,,,2026-08-09
OP-2026-0245,105000003,35.0000,35.0000,,,2026-08-10
OP-2026-0403,110000001,185.6500,185.6500,,,2026-08-09
OP-2026-0246,105000006,45.0000,45.0000,,,2026-08-07
OP-2026-0246,110000005,36.0000,37.3860,Repintura por falha de aderência,supervisor.turno.b,2026-08-07
OP-2026-0247,105000003,75.0000,75.0000,,,2026-08-12
OP-2026-0248,105000005,210.0000,210.0000,,,2026-08-10
OP-2026-0248,110000005,25.2000,25.2000,,,2026-08-10
OP-2026-0249,105000004,95.0000,95.0000,,,2026-08-14
OP-2026-0249,110000009,190.0000,190.0000,,,2026-08-14
OP-2026-0249,110000010,95.0000,95.0000,,,2026-08-14
OP-2026-0249,110000007,380.0000,380.0000,,,2026-08-14
OP-2026-0250,105000004,75.0000,75.0000,,,2026-08-14
OP-2026-0250,105000002,75.0000,75.0000,,,2026-08-14
OP-2026-0250,110000008,150.0000,150.0000,,,2026-08-14
OP-2026-0250,110000007,450.0000,450.0000,,,2026-08-14
OP-2026-0250,110000009,75.0000,75.0000,,,2026-08-14
OP-2026-0251,105000001,70.0000,72.0000,Troca parcial do óleo de têmpera,supervisor.turno.a,2026-08-12
OP-2026-0251,110000006,10.5000,10.5000,,,2026-08-12
OP-2026-0252,105000005,180.0000,180.0000,,,2026-08-12
OP-2026-0252,110000004,9.9000,9.9000,,,2026-08-12
OP-2026-0253,105000004,35.0000,35.0000,,,2026-08-15
OP-2026-0253,105000002,70.0000,70.0000,,,2026-08-15
OP-2026-0253,110000008,140.0000,140.0000,,,2026-08-15
OP-2026-0253,110000007,350.0000,350.0000,,,2026-08-15
OP-2026-0254,105000001,75.0000,75.0000,,,2026-08-10
OP-2026-0254,110000006,11.2500,11.2500,,,2026-08-10
OP-2026-0255,110000001,164.5000,164.5000,,,2026-08-13
OP-2026-0404,110000003,92.8000,92.8000,,,2026-08-16
OP-2026-0406,110000003,102.4000,102.4000,,,2026-08-19
OP-2026-0256,105000003,35.0000,35.0000,,,2026-08-18
OP-2026-0257,110000003,112.0000,110.4096,Aproveitamento de sobra do lote anterior,supervisor.turno.a,2026-08-21
OP-2026-0258,105000004,95.0000,97.0000,Parafuso com rosca danificada substituído,supervisor.turno.b,2026-08-20
OP-2026-0258,110000009,190.0000,190.0000,,,2026-08-20
OP-2026-0258,110000010,95.0000,95.0000,,,2026-08-20
OP-2026-0258,110000007,380.0000,380.0000,,,2026-08-20
OP-2026-0259,110000003,512.0000,,,,
OP-2026-0260,110000001,82.2500,82.2500,,,2026-08-20
OP-2026-0405,105000003,31.0000,31.0000,,,2026-08-20
OP-2026-0261,105000004,35.0000,35.0000,,,2026-08-21
OP-2026-0261,105000002,70.0000,70.0000,,,2026-08-21
OP-2026-0261,110000008,140.0000,,,,
OP-2026-0261,110000007,350.0000,,,,
OP-2026-0262,110000003,304.0000,304.0000,,,2026-08-25
OP-2026-0263,105000004,75.0000,,,,
OP-2026-0263,105000002,75.0000,,,,
OP-2026-0263,110000008,150.0000,150.0000,,,2026-08-24
OP-2026-0263,110000007,450.0000,,,,
OP-2026-0263,110000009,75.0000,77.0000,Parafuso com rosca danificada substituído,supervisor.turno.b,2026-08-24
OP-2026-0264,105000006,45.0000,48.0000,Variação na espessura da camada de tinta,analista.pcp,2026-08-20
OP-2026-0264,110000005,36.0000,,,,
OP-2026-0265,110000001,446.5000,446.5000,,,2026-08-27
OP-2026-0266,110000002,370.0000,370.0000,,,2026-08-22
OP-2026-0267,105000001,70.0000,,,,
OP-2026-0267,110000006,10.5000,10.5000,,,2026-08-22
OP-2026-0268,110000003,112.0000,112.0000,,,2026-08-26
OP-2026-0269,105000003,160.0000,,,,
OP-2026-0270,105000003,35.0000,35.0000,,,2026-08-31
OP-2026-0407,105000003,63.0000,63.0000,,,2026-09-03
OP-2026-0271,105000004,35.0000,35.0000,,,2026-09-08
OP-2026-0271,105000002,70.0000,71.0000,Parafuso com rosca danificada substituído,supervisor.turno.a,2026-09-08
OP-2026-0271,110000008,140.0000,140.0000,,,2026-09-08
OP-2026-0271,110000007,350.0000,350.0000,,,2026-09-08
OP-2026-0272,105000001,35.0000,35.0000,,,2026-09-01
OP-2026-0272,110000006,5.2500,5.3923,Troca parcial do óleo de têmpera,supervisor.turno.a,2026-09-01
OP-2026-0273,105000005,200.0000,,,,
OP-2026-0273,110000004,11.0000,10.6854,Aproveitamento de sobra do lote anterior,analista.pcp,2026-09-03
OP-2026-0274,110000002,370.0000,,,,
OP-2026-0275,105000003,95.0000,95.0000,,,2026-09-05
OP-2026-0276,110000001,82.2500,82.2500,,,2026-09-05
OP-2026-0277,110000002,351.5000,362.8183,Rebarba acima do limite gerou refugo,supervisor.turno.a,2026-08-31
OP-2026-0408,110000003,102.4000,102.4000,,,2026-09-01
OP-2026-0278,105000001,190.0000,201.0000,Troca parcial do óleo de têmpera,supervisor.turno.b,2026-09-05
OP-2026-0278,110000006,28.5000,28.5000,,,2026-09-05
OP-2026-0410,110000003,108.8000,108.8000,,,2026-09-06
OP-2026-0412,110000003,105.6000,105.6000,,,2026-09-08
OP-2026-0414,110000003,217.6000,217.6000,,,2026-09-09
OP-2026-0279,105000003,35.0000,35.0000,,,2026-09-10
OP-2026-0280,110000001,82.2500,,,,
OP-2026-0409,105000003,36.0000,36.0000,,,2026-09-07
OP-2026-0411,105000005,8.0000,8.0000,,,2026-09-07
OP-2026-0411,110000004,0.4400,0.4400,,,2026-09-07
OP-2026-0281,105000004,160.0000,160.0000,,,2026-09-06
OP-2026-0281,110000009,320.0000,320.0000,,,2026-09-06
OP-2026-0281,110000010,160.0000,160.0000,,,2026-09-06
OP-2026-0281,110000007,640.0000,640.0000,,,2026-09-06
OP-2026-0282,105000005,200.0000,200.0000,,,2026-09-19
OP-2026-0282,110000004,11.0000,10.8845,Aproveitamento de sobra do lote anterior,supervisor.turno.a,2026-09-19
OP-2026-0413,105000003,65.0000,65.0000,,,2026-09-12
OP-2026-0283,105000004,35.0000,,,,
OP-2026-0283,105000002,35.0000,,,,
OP-2026-0283,110000008,70.0000,,,,
OP-2026-0283,110000007,210.0000,,,,
OP-2026-0283,110000009,35.0000,,,,
OP-2026-0284,105000005,190.0000,199.0000,Repintura por falha de aderência,supervisor.turno.b,2026-09-09
OP-2026-0284,110000005,22.8000,22.8000,,,2026-09-09
OP-2026-0285,110000003,112.0000,112.0000,,,2026-09-18
OP-2026-0286,105000006,50.0000,50.0000,,,2026-09-08
OP-2026-0286,110000005,40.0000,40.0000,,,2026-09-08
OP-2026-0287,105000004,95.0000,95.0000,,,2026-09-14
OP-2026-0287,105000002,190.0000,190.0000,,,2026-09-14
OP-2026-0287,110000008,380.0000,380.0000,,,2026-09-14
OP-2026-0287,110000007,950.0000,950.0000,,,2026-09-14
OP-2026-0288,105000001,35.0000,37.0000,Troca parcial do óleo de têmpera,supervisor.turno.c,2026-09-13
OP-2026-0288,110000006,5.2500,5.2500,,,2026-09-13
OP-2026-0415,105000005,228.0000,228.0000,,,2026-09-13
OP-2026-0415,110000004,12.5400,12.5400,,,2026-09-13
OP-2026-0416,110000002,114.7000,114.7000,,,2026-09-11
OP-2026-0289,110000003,464.0000,464.0000,,,2026-09-15
OP-2026-0290,110000003,80.0000,80.0000,,,2026-09-15
OP-2026-0367,105000005,7.0000,7.0000,,,2026-09-13
OP-2026-0367,110000005,0.8400,0.8400,,,2026-09-13
OP-2026-0417,110000002,434.7500,434.7500,,,2026-09-16
OP-2026-0291,110000001,117.5000,119.9088,Refugo por dimensional fora de tolerância,analista.pcp,2026-09-20
OP-2026-0292,105000006,50.0000,50.0000,,,2026-09-14
OP-2026-0292,110000005,40.0000,40.0000,,,2026-09-14
OP-2026-0293,105000003,35.0000,35.0000,,,2026-09-21
OP-2026-0294,105000004,35.0000,35.0000,,,2026-09-26
OP-2026-0294,105000002,35.0000,35.0000,,,2026-09-26
OP-2026-0294,110000008,70.0000,70.0000,,,2026-09-26
OP-2026-0294,110000007,210.0000,210.0000,,,2026-09-26
OP-2026-0294,110000009,35.0000,35.0000,,,2026-09-26
OP-2026-0295,110000003,320.0000,320.0000,,,2026-09-20
OP-2026-0296,110000001,235.0000,235.0000,,,2026-09-20
OP-2026-0297,105000001,35.0000,35.0000,,,2026-09-21
OP-2026-0297,110000006,5.2500,5.2500,,,2026-09-21
OP-2026-0298,110000002,592.0000,592.0000,,,2026-09-21
OP-2026-0421,110000001,434.7500,434.7500,,,2026-09-27
OP-2026-0299,105000003,145.0000,145.0000,,,2026-09-26
OP-2026-0300,105000003,25.0000,25.0000,,,2026-09-29
OP-2026-0420,105000001,92.0000,92.0000,,,2026-09-27
OP-2026-0420,110000006,13.8000,13.8000,,,2026-09-27
OP-2026-0301,110000003,80.0000,80.0000,,,2026-09-25
OP-2026-0302,110000001,117.5000,117.5000,,,2026-09-29
OP-2026-0418,110000003,6.4000,6.4000,,,2026-09-26
OP-2026-0303,105000003,100.0000,100.0000,,,2026-09-29
OP-2026-0304,105000004,35.0000,,,,
OP-2026-0304,105000002,35.0000,,,,
OP-2026-0304,110000008,70.0000,,,,
OP-2026-0304,110000007,210.0000,210.0000,,,2026-09-29
OP-2026-0304,110000009,35.0000,,,,
OP-2026-0305,105000005,320.0000,336.0000,Retrabalho de cordão de solda,supervisor.turno.c,2026-09-29
OP-2026-0305,110000004,17.6000,17.6000,,,2026-09-29
OP-2026-0419,110000002,649.3500,649.3500,,,2026-09-28
OP-2026-0422,110000002,338.5500,338.5500,,,2026-09-29
OP-2026-0306,105000001,50.0000,,,,
OP-2026-0306,110000006,7.5000,7.5000,,,2026-09-29
OP-2026-0307,105000001,100.0000,,,,
OP-2026-0307,110000006,15.0000,,,,
OP-2026-0308,110000003,80.0000,,,,
OP-2026-0309,105000003,25.0000,,,,
OP-2026-0310,110000001,117.5000,,,,
OP-2026-0311,110000002,175.7500,,,,
OP-2026-0312,105000004,145.0000,,,,
OP-2026-0312,110000009,290.0000,,,,
OP-2026-0312,110000010,145.0000,,,,
OP-2026-0312,110000007,580.0000,,,,
OP-2026-0313,105000004,25.0000,,,,
OP-2026-0313,105000002,50.0000,,,,
OP-2026-0313,110000008,100.0000,,,,
OP-2026-0313,110000007,250.0000,,,,
OP-2026-0314,105000001,50.0000,,,,
OP-2026-0314,110000006,7.5000,,,,
OP-2026-0315,105000004,100.0000,,,,
OP-2026-0315,105000002,100.0000,,,,
OP-2026-0315,110000008,200.0000,,,,
OP-2026-0315,110000007,600.0000,,,,
OP-2026-0315,110000009,100.0000,,,,
OP-2026-0316,105000006,80.0000,,,,
OP-2026-0316,110000005,64.0000,,,,
OP-2026-0317,105000005,95.0000,,,,
OP-2026-0317,110000005,11.4000,,,,
OP-2026-0318,105000003,25.0000,,,,
OP-2026-0319,110000003,176.0000,,,,
OP-2026-0320,110000002,175.7500,,,,
OP-2026-0321,110000003,160.0000,,,,
OP-2026-0322,110000001,129.2500,,,,
OP-2026-0323,105000004,25.0000,,,,
OP-2026-0323,105000002,50.0000,,,,
OP-2026-0323,110000008,100.0000,,,,
OP-2026-0323,110000007,250.0000,,,,
OP-2026-0324,110000003,128.0000,,,,
OP-2026-0325,110000001,188.0000,,,,
OP-2026-0326,105000005,95.0000,,,,
OP-2026-0326,110000005,11.4000,,,,
OP-2026-0327,105000001,50.0000,,,,
OP-2026-0327,110000006,7.5000,,,,
OP-2026-0328,110000002,222.0000,,,,
OP-2026-0329,110000003,160.0000,,,,
OP-2026-0330,110000003,176.0000,,,,
OP-2026-0331,105000003,55.0000,,,,
OP-2026-0332,110000003,128.0000,,,,
OP-2026-0333,105000004,25.0000,,,,
OP-2026-0333,105000002,50.0000,,,,
OP-2026-0333,110000008,100.0000,,,,
OP-2026-0333,110000007,250.0000,,,,
OP-2026-0334,105000003,50.0000,,,,
OP-2026-0335,105000005,120.0000,,,,
OP-2026-0335,110000004,6.6000,,,,
OP-2026-0336,105000001,55.0000,,,,
OP-2026-0336,110000006,8.2500,,,,
OP-2026-0337,110000001,188.0000,,,,
OP-2026-0338,105000003,40.0000,,,,
OP-2026-0339,110000001,129.2500,,,,
OP-2026-0340,105000001,80.0000,,,,
OP-2026-0340,110000006,12.0000,,,,
OP-2026-0341,105000003,50.0000,,,,
OP-2026-0342,110000002,222.0000,,,,
OP-2026-0343,105000003,55.0000,,,,
OP-2026-0344,110000002,342.2500,,,,
OP-2026-0345,105000003,40.0000,,,,
OP-2026-0346,105000004,55.0000,,,,
OP-2026-0346,105000002,55.0000,,,,
OP-2026-0346,110000008,110.0000,,,,
OP-2026-0346,110000007,330.0000,,,,
OP-2026-0346,110000009,55.0000,,,,
OP-2026-0347,110000002,222.0000,,,,
OP-2026-0348,105000006,30.0000,,,,
OP-2026-0348,110000005,24.0000,,,,
OP-2026-0349,110000003,160.0000,,,,
OP-2026-0350,105000001,80.0000,,,,
OP-2026-0350,110000006,12.0000,,,,
OP-2026-0351,105000004,50.0000,,,,
OP-2026-0351,110000009,100.0000,,,,
OP-2026-0351,110000010,50.0000,,,,
OP-2026-0351,110000007,200.0000,,,,
OP-2026-0352,105000001,55.0000,,,,
OP-2026-0352,110000006,8.2500,,,,
OP-2026-0353,105000004,40.0000,,,,
OP-2026-0353,105000002,80.0000,,,,
OP-2026-0353,110000008,160.0000,,,,
OP-2026-0353,110000007,400.0000,,,,
OP-2026-0354,105000005,185.0000,,,,
OP-2026-0354,110000005,22.2000,,,,
OP-2026-0355,105000005,120.0000,,,,
OP-2026-0355,110000004,6.6000,,,,
OP-2026-0356,105000005,120.0000,,,,
OP-2026-0356,110000004,6.6000,,,,
OP-2026-0357,105000004,55.0000,,,,
OP-2026-0357,105000002,55.0000,,,,
OP-2026-0357,110000008,110.0000,,,,
OP-2026-0357,110000007,330.0000,,,,
OP-2026-0357,110000009,55.0000,,,,
OP-2026-0358,105000004,50.0000,,,,
OP-2026-0358,110000009,100.0000,,,,
OP-2026-0358,110000010,50.0000,,,,
OP-2026-0358,110000007,200.0000,,,,
OP-2026-0359,105000004,40.0000,,,,
OP-2026-0359,105000002,80.0000,,,,
OP-2026-0359,110000008,160.0000,,,,
OP-2026-0359,110000007,400.0000,,,,
OP-2026-0360,105000003,50.0000,,,,
OP-2026-0361,105000006,30.0000,,,,
OP-2026-0361,110000005,24.0000,,,,
OP-2026-0362,105000006,30.0000,,,,
OP-2026-0362,110000005,24.0000,,,,
OP-2026-0363,105000004,50.0000,,,,
OP-2026-0363,110000009,100.0000,,,,
OP-2026-0363,110000010,50.0000,,,,
OP-2026-0363,110000007,200.0000,,,,
