material_codigo,versao,componente_codigo,quantidade_planejada
105000001,v1,110000001,2.6000
105000001,v2,110000001,2.3500
105000002,v1,105000001,1
105000002,v1,110000006,0.1500
105000003,v1,110000003,3.2000
105000004,v1,105000003,1
105000005,v1,110000002,1.8500
105000006,v1,105000005,4
105000006,v1,110000004,0.2200
103000001,v1,105000004,1
103000001,v1,105000002,1
103000001,v1,110000008,2
103000001,v1,110000007,8
103000001,v2,105000004,1
103000001,v2,105000002,1
103000001,v2,110000008,2
103000001,v2,110000007,6
103000001,v2,110000009,1
103000002,v1,105000004,1
103000002,v1,105000002,2
103000002,v1,110000008,4
103000002,v1,110000007,10
103000003,v1,105000004,1
103000003,v1,110000009,2
103000003,v1,110000010,1
103000003,v1,110000007,4
103000004,v1,105000006,1
103000004,v1,110000005,0.8000
103000005,v1,105000005,1
103000005,v1,110000005,0.1200
