material_codigo,fornecedor,nota_fiscal,data_emissao_nf,data_recebimento,numero_lote,quantidade,data_fabricacao,data_validade,status,saldo
110000005,Revestimentos Proteq S.A.,100001,2025-02-25,2025-02-26,RPS25020001,80.0000,2025-01-24,2026-01-24,CONSUMIDO,0.0000
110000002,Laminados Paulista Ltda,100002,2025-02-20,2025-02-22,LPL25020002,1125.0000,2025-01-13,2030-01-13,CONSUMIDO,0.0000
110000004,Soldas Técnicas Ltda,100003,2025-02-24,2025-02-25,STL25020003,50.0000,2025-02-18,2030-02-18,CONSUMIDO,0.0000
110000003,Alumínio Nordeste Ltda,100004,2025-03-01,2025-03-05,ANL25030004,825.0000,2025-01-26,2030-01-26,CONSUMIDO,0.0000
110000010,Vedações Borrachas Ltda,100005,2025-03-01,2025-03-05,VBL25030005,150.0000,2025-02-09,2028-02-09,CONSUMIDO,0.0000
110000009,Vedações Borrachas Ltda,100005,2025-03-01,2025-03-05,VBL25030006,450.0000,2025-02-22,2028-02-22,CONSUMIDO,0.0000
110000007,Fixadores Paraná Ltda,100006,2025-03-08,2025-03-08,FPL25030007,1450.0000,2025-02-23,2030-02-23,CONSUMIDO,0.0000
110000008,Rolamentos Precisão Ltda,100007,2025-03-04,2025-03-08,RPL25030008,750.0000,2025-02-01,2030-02-01,CONSUMIDO,0.0000
110000001,Siderúrgica Vale do Aço S.A.,100008,2025-03-01,2025-03-03,SVD25030009,500.0000,2025-01-30,2030-01-28,CONSUMIDO,0.0000
110000006,Lubrificantes Petroquímica Ltda,100009,2025-03-02,2025-03-06,LPL25030010,40.0000,2025-02-22,2027-02-22,CONSUMIDO,0.0000
110000003,Alumínio Nordeste Ltda,100010,2025-03-12,2025-03-14,ANL25030011,1400.0000,2025-03-03,2030-03-03,CONSUMIDO,0.0000
110000001,Siderúrgica Vale do Aço S.A.,100011,2025-03-17,2025-03-21,SVD25030012,925.0000,2025-03-12,2030-03-12,CONSUMIDO,0.0000
110000002,Aços Brasil Ltda,100012,2025-03-30,2025-03-30,ABL25030013,750.0000,2025-03-19,2030-03-19,CONSUMIDO,0.0000
110000006,Lubrificantes Petroquímica Ltda,100013,2025-04-01,2025-04-01,LPL25040014,60.0000,2025-02-23,2027-02-23,CONSUMIDO,0.0000
110000010,Vedações Borrachas Ltda,100014,2025-03-31,2025-04-03,VBL25040015,200.0000,2025-03-07,2028-03-07,CONSUMIDO,0.0000
110000007,Fixadores Paraná Ltda,100015,2025-04-03,2025-04-03,FPL25040016,2250.0000,2025-03-26,2030-03-26,CONSUMIDO,0.0000
110000005,Tintas Industriais Cores Ltda,100016,2025-04-01,2025-04-04,TIC25040017,140.0000,2025-03-17,2026-03-17,CONSUMIDO,0.0000
110000009,Vedações Borrachas Ltda,100017,2025-04-12,2025-04-15,VBL25040018,350.0000,2025-03-18,2028-03-18,CONSUMIDO,0.0000
110000003,Alumínio Nordeste Ltda,100018,2025-04-24,2025-04-25,ANL25040019,1400.0000,2025-03-30,2030-03-28,CONSUMIDO,0.0000
110000002,Aços Brasil Ltda,100019,2025-04-21,2025-04-24,ABL25040020,825.0000,2025-04-04,2030-04-04,CONSUMIDO,0.0000
110000001,Siderúrgica Vale do Aço S.A.,100020,2025-04-29,2025-04-29,SVD25040021,475.0000,2025-04-20,2030-04-20,CONSUMIDO,0.0000
110000007,Fixadores Paraná Ltda,100021,2025-05-03,2025-05-07,FPL25050022,1400.0000,2025-03-29,2030-03-28,CONSUMIDO,0.0000
110000008,Rolamentos Precisão Ltda,100022,2025-05-05,2025-05-07,RPL25050023,600.0000,2025-04-16,2030-04-16,CONSUMIDO,0.0000
110000010,Vedações Borrachas Ltda,100023,2025-05-13,2025-05-16,VBL25050024,150.0000,2025-05-01,2028-05-01,CONSUMIDO,0.0000
110000002,Aços Brasil Ltda,100024,2025-05-20,2025-05-21,ABL25050025,850.0000,2025-05-10,2030-05-10,CONSUMIDO,0.0000
110000004,Soldas Técnicas Ltda,100025,2025-05-22,2025-05-25,STL25050026,25.0000,2025-04-22,2030-04-22,CONSUMIDO,0.0000
110000005,Tintas Industriais Cores Ltda,100026,2025-05-25,2025-05-28,TIC25050027,80.0000,2025-05-15,2026-05-15,CONSUMIDO,0.0000
110000001,Siderúrgica Vale do Aço S.A.,100027,2025-05-25,2025-05-29,SVD25050028,650.0000,2025-05-14,2030-05-14,CONSUMIDO,0.0000
110000007,Fixadores Paraná Ltda,100028,2025-05-27,2025-05-28,FPL25050029,2550.0000,2025-05-12,2030-05-12,CONSUMIDO,0.0000
110000006,Lubrificantes Petroquímica Ltda,100029,2025-06-07,2025-06-08,LPL25060030,40.0000,2025-05-05,2027-05-05,CONSUMIDO,0.0000
110000002,Laminados Paulista Ltda,100030,2025-06-04,2025-06-07,LPL25060031,1200.0000,2025-05-04,2030-05-04,CONSUMIDO,0.0000
110000004,Soldas Técnicas Ltda,100031,2025-06-02,2025-06-06,STL25060032,25.0000,2025-05-03,2030-05-03,CONSUMIDO,0.0000
110000010,Vedações Borrachas Ltda,100032,2025-06-03,2025-06-07,VBL25060033,250.0000,2025-05-27,2028-05-27,CONSUMIDO,0.0000
110000009,Vedações Borrachas Ltda,100032,2025-06-03,2025-06-07,VBL25060034,300.0000,2025-05-30,2028-05-28,CONSUMIDO,0.0000
110000003,Alumínio Nordeste Ltda,100033,2025-05-28,2025-06-01,ANL25060035,900.0000,2025-05-22,2030-05-22,CONSUMIDO,0.0000
110000005,Tintas Industriais Cores Ltda,100034,2025-06-06,2025-06-09,TIC25060036,100.0000,2025-05-08,2026-05-08,CONSUMIDO,0.0000
110000008,Rolamentos Precisão Ltda,100035,2025-06-14,2025-06-17,RPL25060037,500.0000,2025-05-14,2030-05-14,CONSUMIDO,0.0000
110000001,Siderúrgica Vale do Aço S.A.,100036,2025-06-17,2025-06-20,SVD25060038,650.0000,2025-05-17,2030-05-17,CONSUMIDO,0.0000
110000003,Metais Leves do Sul S.A.,100037,2025-06-22,2025-06-24,MLD25060039,1550.0000,2025-05-31,2030-05-28,CONSUMIDO,0.0000
110000006,Lubrificantes Petroquímica Ltda,100038,2025-07-01,2025-07-03,LPL25070040,60.0000,2025-06-20,2027-06-20,CONSUMIDO,0.0000
110000009,Vedações Borrachas Ltda,100039,2025-07-08,2025-07-09,VBL25070041,550.0000,2025-06-24,2028-06-24,CONSUMIDO,0.0000
110000007,Fixadores Paraná Ltda,100040,2025-07-06,2025-07-09,FPL25070042,2900.0000,2025-06-09,2030-06-09,CONSUMIDO,0.0000
110000002,Aços Brasil Ltda,100041,2025-07-10,2025-07-10,ABL25070043,1125.0000,2025-06-05,2030-06-05,CONSUMIDO,0.0000
110000008,Rolamentos Precisão Ltda,100042,2025-07-10,2025-07-13,RPL25070044,550.0000,2025-06-18,2030-06-18,CONSUMIDO,0.0000
110000001,Aços Brasil Ltda,100043,2025-07-20,2025-07-24,ABL25070045,700.0000,2025-06-19,2030-06-19,CONSUMIDO,0.0000
110000004,Soldas Técnicas Ltda,100044,2025-08-06,2025-08-07,STL25080046,25.0000,2025-07-06,2030-07-06,CONSUMIDO,0.0000
110000003,Metais Leves do Sul S.A.,100045,2025-08-03,2025-08-04,MLD25080047,1150.0000,2025-07-09,2030-07-09,CONSUMIDO,0.0000
110000006,Lubrificantes Petroquímica Ltda,100046,2025-08-08,2025-08-10,LPL25080048,40.0000,2025-07-25,2027-07-25,CONSUMIDO,0.0000
110000001,Aços Brasil Ltda,100047,2025-08-06,2025-08-09,ABL25080049,650.0000,2025-07-31,2030-07-28,CONSUMIDO,0.0000
110000007,Fixadores Paraná Ltda,100048,2025-08-14,2025-08-14,FPL25080050,1400.0000,2025-07-30,2030-07-28,CONSUMIDO,0.0000
110000005,Tintas Industriais Cores Ltda,100049,2025-08-15,2025-08-15,TIC25080051,120.0000,2025-07-18,2026-07-18,CONSUMIDO,0.0000
110000008,Rolamentos Precisão Ltda,100050,2025-08-16,2025-08-18,RPL25080052,350.0000,2025-08-12,2030-08-12,CONSUMIDO,0.0000
110000002,Laminados Paulista Ltda,100051,2025-08-13,2025-08-17,LPL25080053,875.0000,2025-07-30,2030-07-28,CONSUMIDO,0.0000
110000010,Vedações Borrachas Ltda,100052,2025-08-14,2025-08-16,VBL25080054,250.0000,2025-07-11,2028-07-11,CONSUMIDO,0.0000
110000003,Metais Leves do Sul S.A.,100053,2025-08-16,2025-08-18,MLD25080055,1450.0000,2025-07-15,2030-07-15,CONSUMIDO,0.0000
110000004,Soldas Técnicas Ltda,100054,2025-08-27,2025-08-30,STL25080056,25.0000,2025-07-24,2030-07-24,CONSUMIDO,0.0000
110000007,Fixadores Paraná Ltda,100055,2025-09-03,2025-09-06,FPL25090057,3050.0000,2025-08-27,2030-08-27,CONSUMIDO,0.0000
110000008,Rolamentos Precisão Ltda,100056,2025-09-06,2025-09-06,RPL25090058,600.0000,2025-08-18,2030-08-18,CONSUMIDO,0.0000
110000001,Siderúrgica Vale do Aço S.A.,100057,2025-09-05,2025-09-08,SVD25090059,925.0000,2025-09-02,2030-09-02,CONSUMIDO,0.0000
110000009,Vedações Borrachas Ltda,100058,2025-09-11,2025-09-11,VBL25090060,350.0000,2025-08-14,2028-08-14,CONSUMIDO,0.0000
110000005,Tintas Industriais Cores Ltda,100059,2025-09-14,2025-09-18,TIC25090061,80.0000,2025-09-07,2026-09-07,CONSUMIDO,0.0000
110000006,Lubrificantes Petroquímica Ltda,100060,2025-09-20,2025-09-20,LPL25090062,60.0000,2025-09-13,2027-09-13,CONSUMIDO,0.0000
110000002,Aços Brasil Ltda,100061,2025-09-15,2025-09-19,ABL25090063,825.0000,2025-08-16,2030-08-16,CONSUMIDO,0.0000
110000003,Metais Leves do Sul S.A.,100062,2025-10-02,2025-10-04,MLD25100064,1450.0000,2025-09-02,2030-09-02,CONSUMIDO,0.0000
110000010,Vedações Borrachas Ltda,100063,2025-10-05,2025-10-05,VBL25100065,200.0000,2025-10-01,2028-10-01,CONSUMIDO,0.0000
110000009,Vedações Borrachas Ltda,100064,2025-10-08,2025-10-08,VBL25100066,450.0000,2025-09-08,2028-09-08,CONSUMIDO,0.0000
110000007,Parafusos Garra S.A.,100065,2025-10-04,2025-10-06,PGS25100067,1400.0000,2025-09-29,2030-09-28,CONSUMIDO,0.0000
110000008,Rolamentos Precisão Ltda,100066,2025-10-05,2025-10-07,RPL25100068,400.0000,2025-09-12,2030-09-12,CONSUMIDO,0.0000
110000005,Revestimentos Proteq S.A.,100067,2025-10-12,2025-10-16,RPS25100069,80.0000,2025-09-28,2026-09-28,CONSUMIDO,0.0000
110000002,Laminados Paulista Ltda,100068,2025-10-12,2025-10-15,LPL25100070,725.0000,2025-09-09,2030-09-09,CONSUMIDO,0.0000
110000001,Aços Brasil Ltda,100069,2025-10-11,2025-10-15,ABL25100071,550.0000,2025-09-21,2030-09-21,CONSUMIDO,0.0000
110000004,Soldas Técnicas Ltda,100070,2025-10-29,2025-10-31,STL25100072,25.0000,2025-10-20,2030-10-20,CONSUMIDO,0.0000
110000006,Lubrificantes Petroquímica Ltda,100071,2025-10-29,2025-11-01,LPL25110073,60.0000,2025-10-10,2027-10-10,CONSUMIDO,0.0000
110000010,Vedações Borrachas Ltda,100072,2025-11-03,2025-11-03,VBL25110074,250.0000,2025-10-30,2028-10-28,CONSUMIDO,0.0000
110000009,Vedações Borrachas Ltda,100072,2025-11-03,2025-11-03,VBL25110075,450.0000,2025-10-13,2028-10-13,CONSUMIDO,0.0000
110000007,Parafusos Garra S.A.,100073,2025-10-31,2025-11-02,PGS25110076,1800.0000,2025-10-19,2030-10-19,CONSUMIDO,0.0000
110000008,Rolamentos Precisão Ltda,100074,2025-11-08,2025-11-09,RPL25110077,550.0000,2025-10-01,2030-10-01,CONSUMIDO,0.0000
110000001,Aços Brasil Ltda,100075,2025-11-12,2025-11-14,ABL25110078,825.0000,2025-11-01,2030-11-01,CONSUMIDO,0.0000
110000002,Laminados Paulista Ltda,100076,2025-11-08,2025-11-10,LPL25110079,725.0000,2025-10-20,2030-10-20,CONSUMIDO,0.0000
110000003,Alumínio Nordeste Ltda,100077,2025-11-20,2025-11-20,ANL25110080,825.0000,2025-10-31,2030-10-28,CONSUMIDO,0.0000
110000005,Tintas Industriais Cores Ltda,100078,2025-11-13,2025-11-16,TIC25110081,100.0000,2025-10-09,2026-10-09,CONSUMIDO,0.0000
110000007,Parafusos Garra S.A.,100079,2025-12-10,2025-12-12,PGS25120082,1700.0000,2025-11-09,2030-11-09,CONSUMIDO,0.0000
110000004,Soldas Técnicas Ltda,100080,2025-12-12,2025-12-15,STL25120083,50.0000,2025-11-02,2030-11-02,CONSUMIDO,0.0000
110000008,Rolamentos Precisão Ltda,100081,2025-12-16,2025-12-17,RPL25120084,400.0000,2025-11-12,2030-11-12,CONSUMIDO,0.0000
110000002,Laminados Paulista Ltda,100082,2025-12-18,2025-12-21,LPL25120085,675.0000,2025-11-08,2030-11-08,CONSUMIDO,0.0000
110000001,Siderúrgica Vale do Aço S.A.,100083,2025-12-23,2025-12-27,SVD25120086,975.0000,2025-12-19,2030-12-19,CONSUMIDO,0.0000
110000003,Alumínio Nordeste Ltda,100084,2025-12-27,2025-12-29,ANL25120087,825.0000,2025-12-19,2030-12-19,CONSUMIDO,0.0000
110000002,Laminados Paulista Ltda,100085,2026-01-05,2026-01-09,LPL26010088,1000.0000,2025-12-23,2030-12-23,CONSUMIDO,0.0000
110000006,Lubrificantes Petroquímica Ltda,100086,2026-01-05,2026-01-09,LPL26010089,40.0000,2025-11-26,2027-11-26,CONSUMIDO,0.0000
110000005,Revestimentos Proteq S.A.,100087,2026-01-09,2026-01-10,RPS26010090,120.0000,2025-12-22,2026-12-22,CONSUMIDO,0.0000
110000007,Fixadores Paraná Ltda,100088,2026-01-10,2026-01-10,FPL26010091,2100.0000,2025-12-20,2030-12-20,CONSUMIDO,0.0000
110000009,Vedações Borrachas Ltda,100089,2026-01-18,2026-01-20,VBL26010092,350.0000,2026-01-08,2029-01-08,CONSUMIDO,0.0000
110000003,Alumínio Nordeste Ltda,100090,2026-01-26,2026-01-26,ANL26010093,1025.0000,2025-12-30,2030-12-28,CONSUMIDO,0.0000
110000008,Rolamentos Precisão Ltda,100091,2026-02-11,2026-02-12,RPL26020094,600.0000,2026-01-31,2031-01-28,CONSUMIDO,0.0000
110000010,Vedações Borrachas Ltda,100092,2026-02-10,2026-02-10,VBL26020095,150.0000,2026-01-05,2029-01-05,CONSUMIDO,0.0000
110000002,Aços Brasil Ltda,100093,2026-02-10,2026-02-10,ABL26020096,850.0000,2026-01-10,2031-01-10,CONSUMIDO,0.0000
110000005,Revestimentos Proteq S.A.,100094,2026-02-16,2026-02-19,RPS26020097,140.0000,2026-01-09,2027-01-09,CONSUMIDO,0.0000
110000001,Siderúrgica Vale do Aço S.A.,100095,2026-02-21,2026-02-23,SVD26020098,900.0000,2026-02-13,2031-02-13,CONSUMIDO,0.0000
110000003,Metais Leves do Sul S.A.,100096,2026-02-26,2026-02-28,MLD26020099,1150.0000,2026-01-28,2031-01-28,CONSUMIDO,0.0000
110000006,Lubrificantes Petroquímica Ltda,100097,2026-02-23,2026-02-27,LPL26020100,60.0000,2026-02-17,2028-02-17,CONSUMIDO,0.0000
110000007,Fixadores Paraná Ltda,100098,2026-03-05,2026-03-07,FPL26030101,1800.0000,2026-02-18,2031-02-18,CONSUMIDO,0.0000
110000002,Laminados Paulista Ltda,100099,2026-03-07,2026-03-11,LPL26030102,1025.0000,2026-01-31,2031-01-28,CONSUMIDO,0.0000
110000010,Vedações Borrachas Ltda,100100,2026-03-10,2026-03-11,VBL26030103,250.0000,2026-03-06,2029-03-06,CONSUMIDO,0.0000
110000009,Vedações Borrachas Ltda,100101,2026-03-18,2026-03-18,VBL26030104,400.0000,2026-02-08,2029-02-08,CONSUMIDO,0.0000
110000007,Parafusos Garra S.A.,100102,2026-03-29,2026-03-30,PGS26030105,2100.0000,2026-02-24,2031-02-24,CONSUMIDO,0.0000
110000008,Rolamentos Precisão Ltda,100103,2026-03-25,2026-03-29,RPL26030106,550.0000,2026-03-19,2031-03-19,CONSUMIDO,0.0000
110000004,Soldas Técnicas Ltda,100104,2026-03-28,2026-03-30,STL26030107,25.0000,2026-02-18,2031-02-18,CONSUMIDO,0.0000
110000003,Alumínio Nordeste Ltda,100105,2026-04-09,2026-04-10,ANL26040108,975.0000,2026-03-21,2031-03-21,CONSUMIDO,0.0000
110000001,Siderúrgica Vale do Aço S.A.,100106,2026-04-04,2026-04-08,SVD26040109,700.0000,2026-03-08,2031-03-08,CONSUMIDO,0.0000
110000008,Rolamentos Precisão Ltda,100107,2026-04-09,2026-04-10,RPL26040110,600.0000,2026-04-05,2031-04-05,CONSUMIDO,0.0000
110000006,Lubrificantes Petroquímica Ltda,100108,2026-04-08,2026-04-09,LPL26040111,40.0000,2026-03-27,2028-03-27,CONSUMIDO,0.0000
110000005,Revestimentos Proteq S.A.,100109,2026-04-11,2026-04-12,RPS26040112,120.0000,2026-04-03,2027-04-03,CONSUMIDO,0.0000
110000007,Parafusos Garra S.A.,100110,2026-04-21,2026-04-25,PGS26040113,2850.0000,2026-04-18,2031-04-18,CONSUMIDO,0.0000
110000001,Siderúrgica Vale do Aço S.A.,100111,2026-04-26,2026-04-28,SVD26040114,750.0000,2026-04-19,2031-04-19,CONSUMIDO,0.0000
110000003,Alumínio Nordeste Ltda,100112,2026-04-27,2026-04-27,ANL26040115,800.0000,2026-03-18,2031-03-18,CONSUMIDO,0.0000
110000002,Laminados Paulista Ltda,100113,2026-04-26,2026-04-26,LPL26040116,850.0000,2026-04-06,2031-04-06,CONSUMIDO,0.0000
110000010,Vedações Borrachas Ltda,100114,2026-05-02,2026-05-02,VBL26050117,250.0000,2026-04-22,2029-04-22,CONSUMIDO,0.0000
110000009,Vedações Borrachas Ltda,100114,2026-05-02,2026-05-02,VBL26050118,300.0000,2026-03-31,2029-03-28,CONSUMIDO,0.0000
110000004,Soldas Técnicas Ltda,100115,2026-05-03,2026-05-06,STL26050119,25.0000,2026-04-29,2031-04-28,CONSUMIDO,0.0000
110000006,Lubrificantes Petroquímica Ltda,100116,2026-05-04,2026-05-08,LPL26050120,40.0000,2026-04-05,2028-04-05,CONSUMIDO,0.0000
110000003,Metais Leves do Sul S.A.,100117,2026-05-18,2026-05-22,MLD26050121,975.0000,2026-05-09,2031-05-09,CONSUMIDO,0.0000
110000002,Laminados Paulista Ltda,100118,2026-05-19,2026-05-21,LPL26050122,675.0000,2026-05-04,2031-05-04,CONSUMIDO,0.0000
110000009,Vedações Borrachas Ltda,100119,2026-05-22,2026-05-22,VBL26050123,300.0000,2026-04-12,2029-04-12,CONSUMIDO,0.0000
110000002,Aços Brasil Ltda,100120,2026-05-29,2026-05-29,ABL26050124,1000.0000,2026-05-12,2031-05-12,CONSUMIDO,0.0000
110000005,Tintas Industriais Cores Ltda,100121,2026-05-29,2026-05-29,TIC26050125,80.0000,2026-04-19,2027-04-19,CONSUMIDO,0.0000
110000008,Rolamentos Precisão Ltda,100122,2026-06-01,2026-06-03,RPL26060126,350.0000,2026-05-20,2031-05-20,CONSUMIDO,0.0000
110000007,Fixadores Paraná Ltda,100123,2026-06-08,2026-06-08,FPL26060127,3000.0000,2026-05-12,2031-05-12,CONSUMIDO,0.0000
110000008,Rolamentos Precisão Ltda,100124,2026-06-05,2026-06-08,RPL26060128,350.0000,2026-05-10,2031-05-10,CONSUMIDO,0.0000
110000006,Lubrificantes Petroquímica Ltda,100125,2026-06-01,2026-06-02,LPL26060129,60.0000,2026-04-30,2028-04-28,CONSUMIDO,0.0000
110000001,Aços Brasil Ltda,100126,2026-06-05,2026-06-08,ABL26060130,475.0000,2026-05-26,2031-05-26,CONSUMIDO,0.0000
110000004,Soldas Técnicas Ltda,100127,2026-06-06,2026-06-10,STL26060131,25.0000,2026-05-21,2031-05-21,CONSUMIDO,0.0000
110000009,Vedações Borrachas Ltda,100128,2026-06-06,2026-06-09,VBL26060132,500.0000,2026-05-04,2029-05-04,CONSUMIDO,0.0000
110000003,Alumínio Nordeste Ltda,100129,2026-06-08,2026-06-10,ANL26060133,1000.0000,2026-05-28,2031-05-28,CONSUMIDO,0.0000
110000005,Revestimentos Proteq S.A.,100130,2026-06-10,2026-06-13,RPS26060134,80.0000,2026-05-11,2027-05-11,CONSUMIDO,0.0000
110000002,Laminados Paulista Ltda,100131,2026-06-13,2026-06-15,LPL26060135,1075.0000,2026-05-17,2031-05-17,CONSUMIDO,0.0000
110000010,Vedações Borrachas Ltda,100132,2026-06-19,2026-06-19,VBL26060136,200.0000,2026-05-15,2029-05-15,CONSUMIDO,0.0000
110000003,Alumínio Nordeste Ltda,100133,2026-06-24,2026-06-27,ANL26060137,1200.0000,2026-05-16,2031-05-16,CONSUMIDO,0.0000
110000001,Aços Brasil Ltda,100134,2026-07-02,2026-07-02,ABL26070138,825.0000,2026-06-18,2031-06-18,CONSUMIDO,0.0000
110000005,Revestimentos Proteq S.A.,100135,2026-07-07,2026-07-07,RPS26070139,140.0000,2026-06-30,2027-06-28,CONSUMIDO,0.0000
110000008,Rolamentos Precisão Ltda,100136,2026-07-07,2026-07-10,RPL26070140,700.0000,2026-06-12,2031-06-12,CONSUMIDO,0.0000
110000004,Soldas Técnicas Ltda,100137,2026-07-06,2026-07-07,STL26070141,25.0000,2026-06-13,2031-06-13,CONSUMIDO,0.0000
110000010,Vedações Borrachas Ltda,100138,2026-07-11,2026-07-13,VBL26070142,200.0000,2026-06-25,2029-06-25,CONSUMIDO,0.0000
110000009,Vedações Borrachas Ltda,100139,2026-07-08,2026-07-08,VBL26070143,500.0000,2026-07-05,2029-07-05,CONSUMIDO,0.0000
110000007,Parafusos Garra S.A.,100140,2026-07-08,2026-07-09,PGS26070144,2650.0000,2026-06-17,2031-06-17,CONSUMIDO,0.0000
110000006,Lubrificantes Petroquímica Ltda,100141,2026-07-08,2026-07-10,LPL26070145,40.0000,2026-06-03,2028-06-03,CONSUMIDO,0.0000
110000002,Aços Brasil Ltda,100142,2026-07-21,2026-07-21,ABL26070146,775.0000,2026-06-15,2031-06-15,CONSUMIDO,0.0000
110000001,Siderúrgica Vale do Aço S.A.,100143,2026-07-22,2026-07-26,SVD26070147,475.0000,2026-07-04,2031-07-04,CONSUMIDO,0.0000
110000003,Metais Leves do Sul S.A.,100144,2026-07-30,2026-07-30,MLD26070148,725.0000,2026-07-09,2031-07-09,CONSUMIDO,0.0000
110000002,Laminados Paulista Ltda,100145,2026-08-04,2026-08-04,LPL26080149,1150.0000,2026-07-06,2031-07-06,CONSUMIDO,0.0000
110000005,Tintas Industriais Cores Ltda,100146,2026-08-03,2026-08-05,TIC26080150,140.0000,2026-06-27,2027-06-27,DISPONIVEL,28.8259
110000006,Lubrificantes Petroquímica Ltda,100147,2026-07-31,2026-08-04,LPL26080151,60.0000,2026-07-13,2028-07-13,CONSUMIDO,0.0000
110000001,Siderúrgica Vale do Aço S.A.,100148,2026-07-31,2026-08-03,SVD26080152,700.0000,2026-07-03,2031-07-03,CONSUMIDO,0.0000
110000004,Soldas Técnicas Ltda,100149,2026-08-11,2026-08-11,STL26080153,25.0000,2026-07-31,2031-07-28,CONSUMIDO,0.0000
110000009,Vedações Borrachas Ltda,100150,2026-08-13,2026-08-13,VBL26080154,400.0000,2026-07-12,2029-07-12,CONSUMIDO,0.0000
110000008,Rolamentos Precisão Ltda,100151,2026-08-10,2026-08-13,RPL26080155,500.0000,2026-07-01,2031-07-01,CONSUMIDO,0.0000
110000007,Parafusos Garra S.A.,100152,2026-08-12,2026-08-12,PGS26080156,1450.0000,2026-07-19,2031-07-19,CONSUMIDO,0.0000
110000010,Vedações Borrachas Ltda,100153,2026-08-14,2026-08-18,VBL26080157,250.0000,2026-07-24,2029-07-24,DISPONIVEL,50.0000
110000003,Alumínio Nordeste Ltda,100154,2026-08-16,2026-08-18,ANL26080158,1300.0000,2026-07-26,2031-07-26,CONSUMIDO,0.0000
110000001,Siderúrgica Vale do Aço S.A.,100155,2026-08-23,2026-08-23,SVD26080159,725.0000,2026-07-27,2031-07-27,CONSUMIDO,0.0000
110000009,Vedações Borrachas Ltda,100156,2026-09-05,2026-09-05,VBL26090160,350.0000,2026-09-01,2029-09-01,CONSUMIDO,0.0000
110000006,Lubrificantes Petroquímica Ltda,100157,2026-09-07,2026-09-07,LPL26090161,40.0000,2026-08-17,2028-08-17,DISPONIVEL,12.7153
110000007,Parafusos Garra S.A.,100158,2026-09-09,2026-09-11,PGS26090162,1550.0000,2026-08-15,2031-08-15,DISPONIVEL,229.0000
110000008,Rolamentos Precisão Ltda,100159,2026-09-05,2026-09-08,RPL26090163,550.0000,2026-08-05,2031-08-05,DISPONIVEL,103.0000
110000004,Soldas Técnicas Ltda,100160,2026-09-10,2026-09-11,STL26090164,25.0000,2026-08-03,2031-08-03,CONSUMIDO,0.0000
110000003,Alumínio Nordeste Ltda,100161,2026-09-10,2026-09-13,ANL26090165,1400.0000,2026-08-07,2031-08-07,DISPONIVEL,518.3408
110000002,Laminados Paulista Ltda,100162,2026-09-15,2026-09-15,LPL26090166,725.0000,2026-09-06,2031-09-06,CONSUMIDO,0.0000
110000002,Laminados Paulista Ltda,100162,2026-09-15,2026-09-15,LPL26090167,900.0000,2026-08-27,2031-08-27,CONSUMIDO,0.0000
110000009,Vedações Borrachas Ltda,100163,2026-09-22,2026-09-22,VBL26090168,300.0000,2026-09-03,2029-09-03,DISPONIVEL,296.0000
110000004,Soldas Técnicas Ltda,100164,2026-09-24,2026-09-25,STL26090169,25.0000,2026-08-30,2031-08-28,DISPONIVEL,19.7678
110000001,Siderúrgica Vale do Aço S.A.,100165,2026-09-19,2026-09-23,SVD26090170,775.0000,2026-08-31,2031-08-28,DISPONIVEL,394.5715
110000002,Laminados Paulista Ltda,100166,2026-09-28,2026-09-28,LPL26090171,1125.0000,2026-09-24,2031-09-24,DISPONIVEL,811.0376
110000006,Lubrificantes Petroquímica Ltda,100167,2026-09-28,2026-09-29,LPL26090172,40.0000,2026-09-19,2028-09-19,DISPONIVEL,40.0000
110000007,Parafusos Garra S.A.,100168,2026-09-27,2026-09-29,PGS26090173,2550.0000,2026-08-24,2031-08-24,DISPONIVEL,2550.0000
110000008,Rolamentos Precisão Ltda,100169,2026-09-23,2026-09-24,RPL26090174,500.0000,2026-09-07,2031-09-07,DISPONIVEL,500.0000
110000005,Revestimentos Proteq S.A.,100170,2026-09-24,2026-09-26,RPS26090175,100.0000,2026-08-23,2027-08-23,DISPONIVEL,100.0000
