codigo,descricao,tipo,unidade_de_medida
110000001,Barra redonda aço SAE 1045 Ø50mm,MATERIA_PRIMA,kg
110000002,Chapa aço carbono 3mm,MATERIA_PRIMA,kg
110000003,Lingote de alumínio A380,MATERIA_PRIMA,kg
110000004,"Arame de solda MIG ER70S-6 1,0mm",MATERIA_PRIMA,kg
110000005,Tinta epóxi industrial cinza,MATERIA_PRIMA,L
110000006,Óleo mineral para têmpera,MATERIA_PRIMA,L
110000007,Parafuso sextavado M8x25 classe 8.8,MATERIA_PRIMA,un
110000008,Rolamento rígido de esferas 6205-2RS,MATERIA_PRIMA,un
110000009,Anel O-ring NBR 40x3mm,MATERIA_PRIMA,un
110000010,Gaxeta de vedação NBR,MATERIA_PRIMA,un
105000001,Eixo usinado Ø40mm,SEMIACABADO,un
105000002,Eixo temperado e revenido Ø40mm,SEMIACABADO,un
105000003,Carcaça bruta fundida em alumínio,SEMIACABADO,un
105000004,Carcaça usinada em alumínio,SEMIACABADO,un
105000005,Suporte estampado em aço,SEMIACABADO,un
105000006,Estrutura soldada da base,SEMIACABADO,un
103000001,Conjunto motor A200,PRODUTO_ACABADO,un
103000002,Redutor de velocidade R50,PRODUTO_ACABADO,un
103000003,Válvula de controle V10,PRODUTO_ACABADO,un
103000004,Base de fixação pintada B30,PRODUTO_ACABADO,un
103000005,Suporte pintado para painel,PRODUTO_ACABADO,un
