codigo,material_codigo,versao_lista,tipo_ordem,centro_de_trabalho,quantidade,quantidade_produzida,inicio_planejado,fim_planejado,status,data_conclusao
OP-2025-0377,105000006,v1,Reposição de Estoque,Soldagem MIG/TIG,79,79,2025-02-25,2025-03-01,CONCLUIDA,2025-03-01
OP-2025-0378,105000005,v1,Reposição de Estoque,Estamparia,361,361,2025-02-25,2025-02-27,CONCLUIDA,2025-02-27
OP-2025-0386,105000001,v1,Reposição de Estoque,Usinagem CNC,112,112,2025-02-25,2025-03-07,CONCLUIDA,2025-03-07
OP-2025-0379,105000003,v1,Reposição de Estoque,Fundição Sob Pressão,37,37,2025-02-28,2025-03-07,CONCLUIDA,2025-03-07
OP-2025-0380,105000004,v1,Reposição de Estoque,Usinagem CNC,13,13,2025-02-28,2025-03-09,CONCLUIDA,2025-03-09
OP-2025-0001,105000004,v1,Reposição de Estoque,Usinagem CNC,30,29,2025-03-01,2025-03-08,CONCLUIDA,2025-03-08
OP-2025-0384,105000003,v1,Reposição de Estoque,Fundição Sob Pressão,88,88,2025-03-01,2025-03-07,CONCLUIDA,2025-03-07
OP-2025-0002,103000004,v1,Produção Normal,Pintura Industrial,70,70,2025-03-02,2025-03-05,CONCLUIDA,2025-03-04
OP-2025-0003,103000003,v1,Produção Normal,Montagem,40,40,2025-03-02,2025-03-09,CONCLUIDA,2025-03-10
OP-2025-0004,105000003,v1,Reposição de Estoque,Fundição Sob Pressão,40,40,2025-03-02,2025-03-09,CONCLUIDA,2025-03-12
OP-2025-0381,105000003,v1,Reposição de Estoque,Fundição Sob Pressão,8,8,2025-03-02,2025-03-06,CONCLUIDA,2025-03-06
OP-2025-0382,105000005,v1,Reposição de Estoque,Estamparia,113,113,2025-03-02,2025-03-07,CONCLUIDA,2025-03-07
OP-2025-0383,105000004,v1,Reposição de Estoque,Usinagem CNC,85,85,2025-03-03,2025-03-10,CONCLUIDA,2025-03-10
OP-2025-0005,103000005,v1,Produção Normal,Pintura Industrial,150,150,2025-03-04,2025-03-08,CONCLUIDA,2025-03-10
OP-2025-0006,103000002,v1,Produção Normal,Montagem,30,,2025-03-05,2025-03-09,CANCELADA,
OP-2025-0387,105000001,v1,Reposição de Estoque,Usinagem CNC,43,43,2025-03-05,2025-03-10,CONCLUIDA,2025-03-10
OP-2025-0007,103000001,v1,Produção Normal,Montagem,80,80,2025-03-06,2025-03-12,CONCLUIDA,2025-03-11
OP-2025-0008,105000003,v1,Reposição de Estoque,Fundição Sob Pressão,55,55,2025-03-06,2025-03-13,CONCLUIDA,2025-03-12
OP-2025-0009,105000002,v1,Reposição de Estoque,Tratamento Térmico,60,60,2025-03-06,2025-03-11,CONCLUIDA,2025-03-13
OP-2025-0385,105000002,v1,Reposição de Estoque,Tratamento Térmico,90,90,2025-03-07,2025-03-10,CONCLUIDA,2025-03-10
OP-2025-0010,103000003,v1,Produção Normal,Montagem,40,40,2025-03-12,2025-03-21,CONCLUIDA,2025-03-24
OP-2025-0011,105000003,v1,Reposição de Estoque,Fundição Sob Pressão,35,35,2025-03-14,2025-03-20,CONCLUIDA,2025-03-21
OP-2025-0012,105000003,v1,Reposição de Estoque,Fundição Sob Pressão,85,78,2025-03-14,2025-03-20,CONCLUIDA,2025-03-19
OP-2025-0013,105000004,v1,Reposição de Estoque,Usinagem CNC,40,40,2025-03-14,2025-03-20,CONCLUIDA,2025-03-20
OP-2025-0014,103000002,v1,Produção Normal,Montagem,30,30,2025-03-15,2025-03-24,CONCLUIDA,2025-03-27
OP-2025-0015,105000001,v1,Reposição de Estoque,Usinagem CNC,85,85,2025-03-15,2025-03-23,CONCLUIDA,2025-03-25
OP-2025-0016,105000001,v1,Reposição de Estoque,Usinagem CNC,70,70,2025-03-17,2025-03-22,CONCLUIDA,2025-03-25
OP-2025-0017,105000004,v1,Reposição de Estoque,Usinagem CNC,55,55,2025-03-18,2025-03-23,CONCLUIDA,2025-03-22
OP-2025-0018,105000003,v1,Reposição de Estoque,Fundição Sob Pressão,55,55,2025-03-22,2025-03-26,CONCLUIDA,2025-03-26
OP-2025-0019,105000005,v1,Reposição de Estoque,Estamparia,80,80,2025-03-22,2025-03-24,CONCLUIDA,2025-03-25
OP-2025-0020,105000003,v1,Reposição de Estoque,Fundição Sob Pressão,35,35,2025-03-23,2025-03-30,CONCLUIDA,2025-04-02
OP-2025-0021,105000001,v1,Reposição de Estoque,Usinagem CNC,70,70,2025-03-23,2025-03-28,CONCLUIDA,2025-03-30
OP-2025-0022,105000004,v1,Reposição de Estoque,Usinagem CNC,35,33,2025-03-24,2025-04-03,CONCLUIDA,2025-04-04
OP-2025-0023,103000003,v1,Produção Normal,Montagem,40,40,2025-03-25,2025-04-03,CONCLUIDA,2025-04-03
OP-2025-0024,105000004,v1,Reposição de Estoque,Usinagem CNC,85,82,2025-03-26,2025-04-02,CONCLUIDA,2025-04-02
OP-2025-0025,105000002,v1,Reposição de Estoque,Tratamento Térmico,70,69,2025-03-28,2025-04-01,CONCLUIDA,2025-04-03
OP-2025-0026,105000002,v1,Reposição de Estoque,Tratamento Térmico,85,85,2025-03-29,2025-04-01,CONCLUIDA,2025-04-04
OP-2025-0027,105000006,v1,Reposição de Estoque,Soldagem MIG/TIG,20,20,2025-03-29,2025-04-06,CONCLUIDA,2025-04-10
OP-2025-0028,105000005,v1,Reposição de Estoque,Estamparia,80,80,2025-03-29,2025-04-02,CONCLUIDA,2025-04-03
OP-2025-0029,105000005,v1,Reposição de Estoque,Estamparia,75,75,2025-03-31,2025-04-02,CONCLUIDA,2025-03-31
OP-2025-0388,105000006,v1,Reposição de Estoque,Soldagem MIG/TIG,14,14,2025-03-31,2025-04-07,CONCLUIDA,2025-04-07
OP-2025-0030,103000003,v1,Pedido Urgente,Montagem,55,55,2025-04-01,2025-04-08,CONCLUIDA,2025-04-09
OP-2025-0031,105000004,v1,Reposição de Estoque,Usinagem CNC,55,52,2025-04-01,2025-04-08,CONCLUIDA,2025-04-08
OP-2025-0032,105000004,v1,Reposição de Estoque,Usinagem CNC,35,35,2025-04-02,2025-04-12,CONCLUIDA,2025-04-13
OP-2025-0033,105000003,v1,Reposição de Estoque,Fundição Sob Pressão,75,75,2025-04-05,2025-04-12,CONCLUIDA,2025-04-13
OP-2025-0034,105000002,v1,Reposição de Estoque,Tratamento Térmico,70,70,2025-04-05,2025-04-08,CONCLUIDA,2025-04-08
OP-2025-0035,103000001,v1,Produção Normal,Montagem,85,85,2025-04-06,2025-04-12,CONCLUIDA,2025-04-12
OP-2025-0036,105000006,v1,Reposição de Estoque,Soldagem MIG/TIG,20,20,2025-04-06,2025-04-14,CONCLUIDA,2025-04-16
OP-2025-0037,105000005,v1,Reposição de Estoque,Estamparia,75,75,2025-04-06,2025-04-10,CONCLUIDA,2025-04-14
OP-2025-0038,103000004,v1,Produção Normal,Pintura Industrial,20,20,2025-04-07,2025-04-10,CONCLUIDA,2025-04-10
OP-2025-0039,103000002,v1,Produção Normal,Montagem,35,34,2025-04-07,2025-04-11,CONCLUIDA,2025-04-14
OP-2025-0040,103000005,v1,Produção Normal,Pintura Industrial,75,75,2025-04-07,2025-04-11,CONCLUIDA,2025-04-12
OP-2025-0041,105000001,v1,Reposição de Estoque,Usinagem CNC,35,35,2025-04-07,2025-04-16,CONCLUIDA,2025-04-19
OP-2025-0042,105000005,v1,Reposição de Estoque,Estamparia,80,80,2025-04-07,2025-04-10,CONCLUIDA,2025-04-10
OP-2025-0043,105000003,v1,Reposição de Estoque,Fundição Sob Pressão,35,35,2025-04-09,2025-04-14,CONCLUIDA,2025-04-12
OP-2025-0044,105000003,v1,Reposição de Estoque,Fundição Sob Pressão,35,35,2025-04-09,2025-04-16,CONCLUIDA,2025-04-20
OP-2025-0389,105000004,v1,Reposição de Estoque,Usinagem CNC,45,45,2025-04-09,2025-04-15,CONCLUIDA,2025-04-15
OP-2025-0045,105000001,v1,Reposição de Estoque,Usinagem CNC,70,67,2025-04-13,2025-04-19,CONCLUIDA,2025-04-18
OP-2025-0370,103000002,v1,Retrabalho,Inspeção de Qualidade,2,2,2025-04-13,2025-04-16,CONCLUIDA,2025-04-14
OP-2025-0046,103000003,v1,Produção Normal,Montagem,55,55,2025-04-14,2025-04-18,CONCLUIDA,2025-04-18
OP-2025-0047,105000006,v1,Reposição de Estoque,Soldagem MIG/TIG,20,19,2025-04-14,2025-04-20,CONCLUIDA,2025-04-24
OP-2025-0048,103000002,v1,Produção Normal,Montagem,35,,2025-04-15,2025-04-23,CANCELADA,
OP-2025-0049,103000005,v1,Produção Normal,Pintura Industrial,75,,2025-04-15,2025-04-18,CANCELADA,
OP-2025-0050,103000004,v1,Produção Normal,Pintura Industrial,20,20,2025-04-16,2025-04-18,CONCLUIDA,2025-04-18
OP-2025-0051,105000004,v1,Reposição de Estoque,Usinagem CNC,75,75,2025-04-17,2025-04-24,CONCLUIDA,2025-04-27
OP-2025-0052,105000003,v1,Reposição de Estoque,Fundição Sob Pressão,35,35,2025-04-18,2025-04-26,CONCLUIDA,2025-04-28
OP-2025-0053,105000004,v1,Reposição de Estoque,Usinagem CNC,35,35,2025-04-18,2025-04-24,CONCLUIDA,2025-04-23
OP-2025-0054,105000005,v1,Reposição de Estoque,Estamparia,120,120,2025-04-19,2025-04-24,CONCLUIDA,2025-04-27
OP-2025-0055,105000003,v1,Reposição de Estoque,Fundição Sob Pressão,75,75,2025-04-20,2025-04-28,CONCLUIDA,2025-04-28
OP-2025-0056,105000001,v1,Reposição de Estoque,Usinagem CNC,35,35,2025-04-20,2025-04-29,CONCLUIDA,2025-04-27
OP-2025-0057,105000004,v1,Reposição de Estoque,Usinagem CNC,35,,2025-04-21,2025-04-30,CANCELADA,
OP-2025-0058,105000002,v1,Reposição de Estoque,Tratamento Térmico,35,,2025-04-21,2025-04-24,CANCELADA,
OP-2025-0059,105000003,v1,Reposição de Estoque,Fundição Sob Pressão,35,35,2025-04-22,2025-04-30,CONCLUIDA,2025-05-02
OP-2025-0390,105000003,v1,Reposição de Estoque,Fundição Sob Pressão,19,19,2025-04-22,2025-04-26,CONCLUIDA,2025-04-26
OP-2025-0060,103000004,v1,Produção Normal,Pintura Industrial,20,20,2025-04-23,2025-04-27,CONCLUIDA,2025-04-27
OP-2025-0061,105000001,v1,Reposição de Estoque,Usinagem CNC,70,65,2025-04-24,2025-05-04,CONCLUIDA,2025-05-04
OP-2025-0062,105000006,v1,Reposição de Estoque,Soldagem MIG/TIG,30,30,2025-04-25,2025-05-01,CONCLUIDA,2025-05-04
OP-2025-0063,105000002,v1,Reposição de Estoque,Tratamento Térmico,70,70,2025-04-26,2025-04-29,CONCLUIDA,2025-05-05
OP-2025-0064,105000005,v1,Reposição de Estoque,Estamparia,120,120,2025-04-26,2025-04-29,CONCLUIDA,2025-04-28
OP-2025-0065,105000005,v1,Reposição de Estoque,Estamparia,65,65,2025-04-29,2025-05-03,CONCLUIDA,2025-05-03
OP-2025-0066,105000004,v1,Reposição de Estoque,Usinagem CNC,75,75,2025-04-30,2025-05-10,CONCLUIDA,2025-05-10
OP-2025-0067,105000004,v1,Reposição de Estoque,Usinagem CNC,35,35,2025-04-30,2025-05-07,CONCLUIDA,2025-05-10
OP-2025-0068,103000001,v1,Pedido Urgente,Montagem,35,35,2025-05-01,2025-05-07,CONCLUIDA,2025-05-07
OP-2025-0069,103000003,v1,Produção Normal,Montagem,75,75,2025-05-01,2025-05-07,CONCLUIDA,2025-05-09
OP-2025-0070,105000004,v1,Reposição de Estoque,Usinagem CNC,35,35,2025-05-01,2025-05-06,CONCLUIDA,2025-05-06
OP-2025-0071,105000002,v1,Reposição de Estoque,Tratamento Térmico,35,35,2025-05-03,2025-05-07,CONCLUIDA,2025-05-12
OP-2025-0072,105000001,v1,Reposição de Estoque,Usinagem CNC,35,35,2025-05-04,2025-05-10,CONCLUIDA,2025-05-13
OP-2025-0073,103000002,v1,Produção Normal,Montagem,35,35,2025-05-05,2025-05-13,CONCLUIDA,2025-05-12
OP-2025-0074,105000003,v1,Reposição de Estoque,Fundição Sob Pressão,35,35,2025-05-05,2025-05-12,CONCLUIDA,2025-05-18
OP-2025-0075,105000006,v1,Reposição de Estoque,Soldagem MIG/TIG,30,30,2025-05-05,2025-05-09,CONCLUIDA,2025-05-10
OP-2025-0076,105000002,v1,Reposição de Estoque,Tratamento Térmico,70,70,2025-05-06,2025-05-10,CONCLUIDA,2025-05-12
OP-2025-0077,103000004,v1,Pedido Urgente,Pintura Industrial,30,28,2025-05-07,2025-05-11,CONCLUIDA,2025-05-13
OP-2025-0078,103000005,v1,Produção Normal,Pintura Industrial,65,65,2025-05-07,2025-05-11,CONCLUIDA,2025-05-11
OP-2025-0079,105000005,v1,Reposição de Estoque,Estamparia,65,65,2025-05-08,2025-05-10,CONCLUIDA,2025-05-08
OP-2025-0080,105000001,v1,Reposição de Estoque,Usinagem CNC,50,50,2025-05-09,2025-05-14,CONCLUIDA,2025-05-14
OP-2025-0081,105000001,v1,Reposição de Estoque,Usinagem CNC,35,35,2025-05-09,2025-05-19,CONCLUIDA,2025-05-17
OP-2025-0082,105000005,v1,Reposição de Estoque,Estamparia,120,120,2025-05-09,2025-05-12,CONCLUIDA,2025-05-15
OP-2025-0083,105000003,v1,Reposição de Estoque,Fundição Sob Pressão,25,25,2025-05-10,2025-05-17,CONCLUIDA,2025-05-18
OP-2025-0084,103000003,v1,Produção Normal,Montagem,75,69,2025-05-11,2025-05-18,CONCLUIDA,2025-05-20
OP-2025-0085,103000001,v1,Produção Normal,Montagem,35,34,2025-05-12,2025-05-19,CONCLUIDA,2025-05-22
OP-2025-0086,105000003,v1,Reposição de Estoque,Fundição Sob Pressão,35,35,2025-05-13,2025-05-19,CONCLUIDA,2025-05-23
OP-2025-0087,103000004,v1,Produção Normal,Pintura Industrial,30,30,2025-05-14,2025-05-16,CONCLUIDA,2025-05-18
OP-2025-0088,103000005,v1,Produção Normal,Pintura Industrial,65,63,2025-05-14,2025-05-17,CONCLUIDA,2025-05-16
OP-2025-0089,105000004,v1,Reposição de Estoque,Usinagem CNC,35,35,2025-05-14,2025-05-21,CONCLUIDA,2025-05-19
OP-2025-0090,103000002,v1,Produção Normal,Montagem,35,35,2025-05-15,2025-05-24,CONCLUIDA,2025-05-25
OP-2025-0091,105000003,v1,Reposição de Estoque,Fundição Sob Pressão,135,135,2025-05-15,2025-05-21,CONCLUIDA,2025-05-19
OP-2025-0092,105000006,v1,Reposição de Estoque,Soldagem MIG/TIG,30,30,2025-05-15,2025-05-23,CONCLUIDA,2025-05-27
OP-2025-0093,105000002,v1,Reposição de Estoque,Tratamento Térmico,35,,2025-05-16,2025-05-19,CANCELADA,
OP-2025-0094,105000005,v1,Reposição de Estoque,Estamparia,160,160,2025-05-16,2025-05-18,CONCLUIDA,2025-05-22
OP-2025-0095,105000003,v1,Reposição de Estoque,Fundição Sob Pressão,25,25,2025-05-18,2025-05-23,CONCLUIDA,2025-05-22
OP-2025-0096,105000004,v1,Reposição de Estoque,Usinagem CNC,25,25,2025-05-19,2025-05-25,CONCLUIDA,2025-05-24
OP-2025-0097,105000005,v1,Reposição de Estoque,Estamparia,65,65,2025-05-19,2025-05-21,CONCLUIDA,2025-05-22
OP-2025-0098,105000001,v1,Reposição de Estoque,Usinagem CNC,35,35,2025-05-20,2025-05-30,CONCLUIDA,2025-06-01
OP-2025-0099,105000003,v1,Reposição de Estoque,Fundição Sob Pressão,35,35,2025-05-21,2025-05-25,CONCLUIDA,2025-05-25
OP-2025-0100,105000004,v1,Reposição de Estoque,Usinagem CNC,35,35,2025-05-22,2025-05-29,CONCLUIDA,2025-05-28
OP-2025-0101,105000002,v1,Reposição de Estoque,Tratamento Térmico,50,47,2025-05-22,2025-05-28,CONCLUIDA,2025-05-31
OP-2025-0102,105000002,v1,Reposição de Estoque,Tratamento Térmico,35,35,2025-05-23,2025-05-29,CONCLUIDA,2025-05-31
OP-2025-0103,105000001,v1,Reposição de Estoque,Usinagem CNC,50,50,2025-05-24,2025-06-01,CONCLUIDA,2025-06-02
OP-2025-0104,105000006,v1,Reposição de Estoque,Soldagem MIG/TIG,40,38,2025-05-24,2025-06-01,CONCLUIDA,2025-06-07
OP-2025-0105,103000001,v1,Pedido Urgente,Montagem,35,35,2025-05-25,2025-06-01,CONCLUIDA,2025-05-30
OP-2025-0106,105000005,v1,Reposição de Estoque,Estamparia,160,151,2025-05-25,2025-05-30,CONCLUIDA,2025-05-29
OP-2025-0107,103000005,v1,Produção Normal,Pintura Industrial,65,65,2025-05-26,2025-05-29,CONCLUIDA,2025-05-29
OP-2025-0108,105000004,v1,Reposição de Estoque,Usinagem CNC,135,135,2025-05-26,2025-06-01,CONCLUIDA,2025-06-04
OP-2025-0391,105000004,v1,Reposição de Estoque,Usinagem CNC,6,6,2025-05-26,2025-06-02,CONCLUIDA,2025-06-02
OP-2025-0109,103000004,v1,Produção Normal,Pintura Industrial,30,30,2025-05-27,2025-05-31,CONCLUIDA,2025-05-30
OP-2025-0110,105000001,v1,Reposição de Estoque,Usinagem CNC,35,35,2025-05-29,2025-06-03,CONCLUIDA,2025-06-03
OP-2025-0111,105000004,v1,Reposição de Estoque,Usinagem CNC,25,24,2025-05-30,2025-06-06,CONCLUIDA,2025-06-08
OP-2025-0112,105000005,v1,Reposição de Estoque,Estamparia,95,95,2025-05-30,2025-06-04,CONCLUIDA,2025-06-03
OP-2025-0395,105000004,v1,Reposição de Estoque,Usinagem CNC,156,156,2025-05-30,2025-06-09,CONCLUIDA,2025-06-09
OP-2025-0392,105000006,v1,Reposição de Estoque,Soldagem MIG/TIG,23,23,2025-05-31,2025-06-04,CONCLUIDA,2025-06-04
OP-2025-0393,105000004,v1,Reposição de Estoque,Usinagem CNC,3,3,2025-05-31,2025-06-06,CONCLUIDA,2025-06-06
OP-2025-0113,103000002,v1,Produção Normal,Montagem,25,25,2025-06-01,2025-06-05,CONCLUIDA,2025-06-03
OP-2025-0114,105000003,v1,Reposição de Estoque,Fundição Sob Pressão,35,35,2025-06-01,2025-06-07,CONCLUIDA,2025-06-11
OP-2025-0115,105000006,v1,Reposição de Estoque,Soldagem MIG/TIG,40,40,2025-06-01,2025-06-09,CONCLUIDA,2025-06-11
OP-2025-0396,105000003,v1,Reposição de Estoque,Fundição Sob Pressão,150,150,2025-06-01,2025-06-06,CONCLUIDA,2025-06-06
OP-2025-0116,103000004,v1,Pedido Urgente,Pintura Industrial,40,40,2025-06-02,2025-06-05,CONCLUIDA,2025-06-06
OP-2025-0117,103000001,v1,Produção Normal,Montagem,35,35,2025-06-02,2025-06-10,CONCLUIDA,2025-06-10
OP-2025-0118,105000004,v1,Reposição de Estoque,Usinagem CNC,35,33,2025-06-02,2025-06-12,CONCLUIDA,2025-06-14
OP-2025-0394,105000004,v1,Reposição de Estoque,Usinagem CNC,13,13,2025-06-02,2025-06-09,CONCLUIDA,2025-06-09
OP-2025-0119,105000002,v1,Reposição de Estoque,Tratamento Térmico,35,35,2025-06-03,2025-06-08,CONCLUIDA,2025-06-09
OP-2025-0371,103000001,v1,Retrabalho,Inspeção de Qualidade,3,3,2025-06-03,2025-06-05,CONCLUIDA,2025-06-08
OP-2025-0120,105000003,v1,Reposição de Estoque,Fundição Sob Pressão,25,25,2025-06-05,2025-06-09,CONCLUIDA,2025-06-11
OP-2025-0121,105000002,v1,Reposição de Estoque,Tratamento Térmico,50,50,2025-06-05,2025-06-09,CONCLUIDA,2025-06-13
OP-2025-0122,103000003,v1,Produção Normal,Montagem,135,135,2025-06-06,2025-06-13,CONCLUIDA,2025-06-12
OP-2025-0123,105000001,v1,Reposição de Estoque,Usinagem CNC,50,50,2025-06-06,2025-06-15,CONCLUIDA,2025-06-15
OP-2025-0372,103000004,v1,Retrabalho,Inspeção de Qualidade,2,2,2025-06-06,2025-06-08,CONCLUIDA,2025-06-08
OP-2025-0124,103000005,v1,Produção Normal,Pintura Industrial,95,95,2025-06-07,2025-06-09,CONCLUIDA,2025-06-07
OP-2025-0125,105000005,v1,Reposição de Estoque,Estamparia,95,95,2025-06-09,2025-06-11,CONCLUIDA,2025-06-10
OP-2025-0126,105000003,v1,Reposição de Estoque,Fundição Sob Pressão,35,35,2025-06-10,2025-06-15,CONCLUIDA,2025-06-16
OP-2025-0127,105000004,v1,Reposição de Estoque,Usinagem CNC,35,,2025-06-10,2025-06-17,CANCELADA,
OP-2025-0128,103000004,v1,Produção Normal,Pintura Industrial,40,40,2025-06-12,2025-06-14,CONCLUIDA,2025-06-13
OP-2025-0129,105000002,v1,Reposição de Estoque,Tratamento Térmico,35,,2025-06-12,2025-06-16,CANCELADA,
OP-2025-0130,105000001,v1,Reposição de Estoque,Usinagem CNC,35,34,2025-06-12,2025-06-19,CONCLUIDA,2025-06-21
OP-2025-0397,105000004,v1,Reposição de Estoque,Usinagem CNC,3,3,2025-06-12,2025-06-18,CONCLUIDA,2025-06-18
OP-2025-0131,103000001,v1,Produção Normal,Montagem,35,35,2025-06-13,2025-06-19,CONCLUIDA,2025-06-17
OP-2025-0132,103000002,v1,Produção Normal,Montagem,25,25,2025-06-13,2025-06-19,CONCLUIDA,2025-06-20
OP-2025-0133,105000003,v1,Reposição de Estoque,Fundição Sob Pressão,35,34,2025-06-13,2025-06-17,CONCLUIDA,2025-06-19
OP-2025-0134,105000001,v1,Reposição de Estoque,Usinagem CNC,70,70,2025-06-13,2025-06-18,CONCLUIDA,2025-06-16
OP-2025-0398,105000002,v1,Reposição de Estoque,Tratamento Térmico,6,6,2025-06-13,2025-06-18,CONCLUIDA,2025-06-18
OP-2025-0135,105000003,v1,Reposição de Estoque,Fundição Sob Pressão,75,75,2025-06-14,2025-06-21,CONCLUIDA,2025-06-22
OP-2025-0136,105000004,v1,Reposição de Estoque,Usinagem CNC,25,24,2025-06-15,2025-06-25,CONCLUIDA,2025-06-24
OP-2025-0373,103000004,v1,Retrabalho,Inspeção de Qualidade,3,3,2025-06-15,2025-06-18,CONCLUIDA,2025-06-19
OP-2025-0137,105000005,v1,Reposição de Estoque,Estamparia,340,340,2025-06-16,2025-06-21,CONCLUIDA,2025-06-22
OP-2025-0138,103000005,v1,Produção Normal,Pintura Industrial,95,91,2025-06-17,2025-06-19,CONCLUIDA,2025-06-22
OP-2025-0139,105000003,v1,Reposição de Estoque,Fundição Sob Pressão,35,35,2025-06-18,2025-06-23,CONCLUIDA,2025-06-26
OP-2025-0140,105000001,v1,Reposição de Estoque,Usinagem CNC,70,70,2025-06-18,2025-06-26,CONCLUIDA,2025-06-24
OP-2025-0399,105000005,v1,Reposição de Estoque,Estamparia,95,95,2025-06-18,2025-06-21,CONCLUIDA,2025-06-21
OP-2025-0141,105000003,v1,Reposição de Estoque,Fundição Sob Pressão,35,,2025-06-19,2025-06-27,CANCELADA,
OP-2025-0142,105000004,v1,Reposição de Estoque,Usinagem CNC,35,35,2025-06-20,2025-06-30,CONCLUIDA,2025-06-30
OP-2025-0143,105000002,v1,Reposição de Estoque,Tratamento Térmico,50,50,2025-06-20,2025-06-24,CONCLUIDA,2025-06-24
OP-2025-0144,103000001,v1,Produção Normal,Montagem,35,35,2025-06-21,2025-06-29,CONCLUIDA,2025-06-30
OP-2025-0145,105000001,v1,Reposição de Estoque,Usinagem CNC,35,35,2025-06-21,2025-06-30,CONCLUIDA,2025-07-01
OP-2025-0146,105000003,v1,Reposição de Estoque,Fundição Sob Pressão,75,73,2025-06-23,2025-06-29,CONCLUIDA,2025-06-29
OP-2025-0147,105000004,v1,Reposição de Estoque,Usinagem CNC,35,35,2025-06-23,2025-06-28,CONCLUIDA,2025-06-29
OP-2025-0148,105000004,v1,Reposição de Estoque,Usinagem CNC,75,75,2025-06-24,2025-07-02,CONCLUIDA,2025-07-06
OP-2025-0149,105000005,v1,Reposição de Estoque,Estamparia,100,100,2025-06-24,2025-06-26,CONCLUIDA,2025-06-27
OP-2025-0150,105000002,v1,Reposição de Estoque,Tratamento Térmico,70,70,2025-06-25,2025-07-01,CONCLUIDA,2025-07-05
OP-2025-0151,105000006,v1,Reposição de Estoque,Soldagem MIG/TIG,85,82,2025-06-25,2025-06-29,CONCLUIDA,2025-07-01
OP-2025-0152,105000002,v1,Reposição de Estoque,Tratamento Térmico,35,35,2025-06-26,2025-07-02,CONCLUIDA,2025-07-05
OP-2025-0153,103000002,v1,Produção Normal,Montagem,25,25,2025-06-27,2025-07-01,CONCLUIDA,2025-07-04
OP-2025-0154,105000003,v1,Reposição de Estoque,Fundição Sob Pressão,35,35,2025-06-28,2025-07-04,CONCLUIDA,2025-07-05
OP-2025-0155,105000004,v1,Reposição de Estoque,Usinagem CNC,35,35,2025-06-28,2025-07-07,CONCLUIDA,2025-07-07
OP-2025-0400,105000002,v1,Reposição de Estoque,Tratamento Térmico,43,43,2025-06-28,2025-07-03,CONCLUIDA,2025-07-03
OP-2025-0156,105000004,v1,Reposição de Estoque,Usinagem CNC,35,33,2025-07-01,2025-07-09,CONCLUIDA,2025-07-10
OP-2025-0157,105000004,v1,Reposição de Estoque,Usinagem CNC,75,75,2025-07-02,2025-07-11,CONCLUIDA,2025-07-12
OP-2025-0158,105000002,v1,Reposição de Estoque,Tratamento Térmico,70,70,2025-07-02,2025-07-08,CONCLUIDA,2025-07-09
OP-2025-0159,103000001,v1,Produção Normal,Montagem,35,34,2025-07-03,2025-07-12,CONCLUIDA,2025-07-13
OP-2025-0160,103000005,v1,Produção Normal,Pintura Industrial,100,97,2025-07-03,2025-07-07,CONCLUIDA,2025-07-06
OP-2025-0161,105000001,v1,Reposição de Estoque,Usinagem CNC,35,35,2025-07-04,2025-07-12,CONCLUIDA,2025-07-10
OP-2025-0162,103000002,v1,Produção Normal,Montagem,35,35,2025-07-05,2025-07-11,CONCLUIDA,2025-07-12
OP-2025-0163,103000003,v1,Produção Normal,Montagem,75,69,2025-07-05,2025-07-09,CONCLUIDA,2025-07-11
OP-2025-0164,105000002,v1,Reposição de Estoque,Tratamento Térmico,35,35,2025-07-05,2025-07-11,CONCLUIDA,2025-07-12
OP-2025-0165,103000004,v1,Produção Normal,Pintura Industrial,85,,2025-07-07,2025-07-09,CANCELADA,
OP-2025-0166,105000005,v1,Reposição de Estoque,Estamparia,100,100,2025-07-07,2025-07-11,CONCLUIDA,2025-07-13
OP-2025-0167,105000003,v1,Reposição de Estoque,Fundição Sob Pressão,80,76,2025-07-09,2025-07-14,CONCLUIDA,2025-07-18
OP-2025-0168,105000004,v1,Reposição de Estoque,Usinagem CNC,35,35,2025-07-10,2025-07-19,CONCLUIDA,2025-07-19
OP-2025-0169,103000002,v1,Produção Normal,Montagem,35,35,2025-07-11,2025-07-18,CONCLUIDA,2025-07-16
OP-2025-0170,105000003,v1,Reposição de Estoque,Fundição Sob Pressão,45,45,2025-07-11,2025-07-17,CONCLUIDA,2025-07-20
OP-2025-0171,103000001,v1,Produção Normal,Montagem,35,32,2025-07-12,2025-07-16,CONCLUIDA,2025-07-14
OP-2025-0172,105000001,v1,Reposição de Estoque,Usinagem CNC,90,90,2025-07-13,2025-07-21,CONCLUIDA,2025-07-19
OP-2025-0401,105000004,v1,Reposição de Estoque,Usinagem CNC,5,5,2025-07-14,2025-07-19,CONCLUIDA,2025-07-19
OP-2025-0173,103000003,v1,Produção Normal,Montagem,75,75,2025-07-15,2025-07-19,CONCLUIDA,2025-07-21
OP-2025-0402,105000001,v1,Reposição de Estoque,Usinagem CNC,2,2,2025-07-15,2025-07-24,CONCLUIDA,2025-07-24
OP-2025-0174,103000005,v1,Produção Normal,Pintura Industrial,100,94,2025-07-16,2025-07-18,CONCLUIDA,2025-07-20
OP-2025-0175,105000003,v1,Reposição de Estoque,Fundição Sob Pressão,55,,2025-07-16,2025-07-23,CANCELADA,
OP-2025-0176,105000002,v1,Reposição de Estoque,Tratamento Térmico,35,34,2025-07-16,2025-07-22,CONCLUIDA,2025-07-27
OP-2025-0177,105000005,v1,Reposição de Estoque,Estamparia,120,117,2025-07-17,2025-07-19,CONCLUIDA,2025-07-19
OP-2025-0178,105000001,v1,Reposição de Estoque,Usinagem CNC,55,55,2025-07-18,2025-07-26,CONCLUIDA,2025-07-28
OP-2025-0403,105000003,v1,Reposição de Estoque,Fundição Sob Pressão,51,51,2025-07-18,2025-07-25,CONCLUIDA,2025-07-25
OP-2025-0179,105000004,v1,Reposição de Estoque,Usinagem CNC,80,80,2025-07-20,2025-07-27,CONCLUIDA,2025-07-25
OP-2025-0180,105000003,v1,Reposição de Estoque,Fundição Sob Pressão,55,,2025-07-22,2025-07-28,CANCELADA,
OP-2025-0181,105000004,v1,Reposição de Estoque,Usinagem CNC,45,42,2025-07-22,2025-07-28,CONCLUIDA,2025-07-28
OP-2025-0182,103000001,v1,Produção Normal,Montagem,35,35,2025-07-23,2025-07-29,CONCLUIDA,2025-07-30
OP-2025-0183,105000003,v1,Reposição de Estoque,Fundição Sob Pressão,45,45,2025-07-23,2025-07-28,CONCLUIDA,2025-07-28
OP-2025-0405,105000003,v1,Reposição de Estoque,Fundição Sob Pressão,5,5,2025-07-23,2025-07-30,CONCLUIDA,2025-07-30
OP-2025-0184,105000002,v1,Reposição de Estoque,Tratamento Térmico,90,90,2025-07-24,2025-07-27,CONCLUIDA,2025-08-01
OP-2025-0185,105000001,v1,Reposição de Estoque,Usinagem CNC,90,90,2025-07-25,2025-08-03,CONCLUIDA,2025-08-07
OP-2025-0186,105000001,v1,Reposição de Estoque,Usinagem CNC,55,55,2025-07-25,2025-08-04,CONCLUIDA,2025-08-02
OP-2025-0187,105000004,v1,Reposição de Estoque,Usinagem CNC,55,55,2025-07-26,2025-07-31,CONCLUIDA,2025-08-01
OP-2025-0188,105000006,v1,Reposição de Estoque,Soldagem MIG/TIG,30,30,2025-07-26,2025-08-03,CONCLUIDA,2025-08-08
OP-2025-0404,105000001,v1,Reposição de Estoque,Usinagem CNC,40,40,2025-07-26,2025-07-31,CONCLUIDA,2025-07-31
OP-2025-0189,105000003,v1,Reposição de Estoque,Fundição Sob Pressão,80,80,2025-07-27,2025-08-04,CONCLUIDA,2025-08-04
OP-2025-0190,105000005,v1,Reposição de Estoque,Estamparia,90,90,2025-07-27,2025-07-30,CONCLUIDA,2025-07-30
OP-2025-0191,105000002,v1,Reposição de Estoque,Tratamento Térmico,55,55,2025-07-29,2025-08-03,CONCLUIDA,2025-08-05
OP-2025-0406,105000003,v1,Reposição de Estoque,Fundição Sob Pressão,65,65,2025-07-29,2025-08-06,CONCLUIDA,2025-08-06
OP-2025-0192,105000005,v1,Reposição de Estoque,Estamparia,120,120,2025-07-31,2025-08-04,CONCLUIDA,2025-08-04
OP-2025-0193,105000004,v1,Reposição de Estoque,Usinagem CNC,45,45,2025-08-01,2025-08-11,CONCLUIDA,2025-08-10
OP-2025-0194,103000002,v1,Produção Normal,Montagem,45,45,2025-08-02,2025-08-11,CONCLUIDA,2025-08-10
OP-2025-0195,105000004,v1,Reposição de Estoque,Usinagem CNC,55,55,2025-08-02,2025-08-08,CONCLUIDA,2025-08-07
OP-2025-0196,105000005,v1,Reposição de Estoque,Estamparia,120,117,2025-08-02,2025-08-05,CONCLUIDA,2025-08-09
OP-2025-0407,105000003,v1,Reposição de Estoque,Fundição Sob Pressão,39,39,2025-08-02,2025-08-08,CONCLUIDA,2025-08-08
OP-2025-0197,103000003,v1,Produção Normal,Montagem,80,80,2025-08-03,2025-08-07,CONCLUIDA,2025-08-08
OP-2025-0198,105000005,v1,Reposição de Estoque,Estamparia,90,90,2025-08-04,2025-08-07,CONCLUIDA,2025-08-06
OP-2025-0199,103000005,v1,Produção Normal,Pintura Industrial,90,88,2025-08-05,2025-08-08,CONCLUIDA,2025-08-11
OP-2025-0200,105000004,v1,Reposição de Estoque,Usinagem CNC,80,80,2025-08-05,2025-08-11,CONCLUIDA,2025-08-09
OP-2025-0201,105000002,v1,Reposição de Estoque,Tratamento Térmico,55,55,2025-08-05,2025-08-09,CONCLUIDA,2025-08-15
OP-2025-0202,103000004,v1,Produção Normal,Pintura Industrial,30,28,2025-08-06,2025-08-10,CONCLUIDA,2025-08-10
OP-2025-0203,105000006,v1,Reposição de Estoque,Soldagem MIG/TIG,30,28,2025-08-06,2025-08-11,CONCLUIDA,2025-08-16
OP-2025-0204,103000001,v1,Produção Normal,Montagem,55,55,2025-08-07,2025-08-16,CONCLUIDA,2025-08-16
OP-2025-0205,105000002,v1,Reposição de Estoque,Tratamento Térmico,90,90,2025-08-07,2025-08-10,CONCLUIDA,2025-08-11
OP-2025-0408,105000001,v1,Reposição de Estoque,Usinagem CNC,52,52,2025-08-07,2025-08-13,CONCLUIDA,2025-08-13
OP-2025-0374,103000005,v1,Retrabalho,Inspeção de Qualidade,7,7,2025-08-09,2025-08-10,CONCLUIDA,2025-08-10
OP-2025-0206,105000003,v1,Reposição de Estoque,Fundição Sob Pressão,70,70,2025-08-11,2025-08-16,CONCLUIDA,2025-08-16
OP-2025-0207,105000006,v1,Reposição de Estoque,Soldagem MIG/TIG,30,30,2025-08-11,2025-08-18,CONCLUIDA,2025-08-21
OP-2025-0208,103000005,v1,Produção Normal,Pintura Industrial,90,88,2025-08-12,2025-08-15,CONCLUIDA,2025-08-13
OP-2025-0209,105000001,v1,Reposição de Estoque,Usinagem CNC,50,47,2025-08-12,2025-08-21,CONCLUIDA,2025-08-21
OP-2025-0410,105000004,v1,Reposição de Estoque,Usinagem CNC,54,54,2025-08-12,2025-08-22,CONCLUIDA,2025-08-22
OP-2025-0210,103000001,v1,Produção Normal,Montagem,55,53,2025-08-13,2025-08-21,CONCLUIDA,2025-08-19
OP-2025-0211,105000003,v1,Reposição de Estoque,Fundição Sob Pressão,25,25,2025-08-13,2025-08-20,CONCLUIDA,2025-08-22
OP-2025-0212,105000003,v1,Reposição de Estoque,Fundição Sob Pressão,120,115,2025-08-14,2025-08-22,CONCLUIDA,2025-08-22
OP-2025-0213,105000001,v1,Reposição de Estoque,Usinagem CNC,120,120,2025-08-14,2025-08-24,CONCLUIDA,2025-08-22
OP-2025-0214,103000004,v1,Produção Normal,Pintura Industrial,30,30,2025-08-15,2025-08-19,CONCLUIDA,2025-08-17
OP-2025-0215,103000002,v1,Produção Normal,Montagem,45,45,2025-08-15,2025-08-23,CONCLUIDA,2025-08-24
OP-2025-0409,105000005,v1,Reposição de Estoque,Estamparia,15,15,2025-08-15,2025-08-18,CONCLUIDA,2025-08-18
OP-2025-0216,103000003,v1,Produção Normal,Montagem,80,80,2025-08-16,2025-08-22,CONCLUIDA,2025-08-22
OP-2025-0217,105000005,v1,Reposição de Estoque,Estamparia,200,195,2025-08-19,2025-08-23,CONCLUIDA,2025-08-21
OP-2025-0218,105000003,v1,Reposição de Estoque,Fundição Sob Pressão,70,67,2025-08-20,2025-08-25,CONCLUIDA,2025-08-24
OP-2025-0219,103000004,v1,Produção Normal,Pintura Industrial,30,30,2025-08-21,2025-08-24,CONCLUIDA,2025-08-25
OP-2025-0220,105000004,v1,Reposição de Estoque,Usinagem CNC,25,25,2025-08-22,2025-08-27,CONCLUIDA,2025-08-27
OP-2025-0221,105000004,v1,Reposição de Estoque,Usinagem CNC,70,70,2025-08-23,2025-08-31,CONCLUIDA,2025-08-29
OP-2025-0222,105000004,v1,Reposição de Estoque,Usinagem CNC,120,120,2025-08-23,2025-08-31,CONCLUIDA,2025-09-02
OP-2025-0223,105000002,v1,Reposição de Estoque,Tratamento Térmico,50,50,2025-08-23,2025-08-28,CONCLUIDA,2025-08-29
OP-2025-0224,105000005,v1,Reposição de Estoque,Estamparia,95,89,2025-08-25,2025-08-29,CONCLUIDA,2025-08-30
OP-2025-0225,105000002,v1,Reposição de Estoque,Tratamento Térmico,120,120,2025-08-26,2025-08-29,CONCLUIDA,2025-08-28
OP-2025-0226,105000003,v1,Reposição de Estoque,Fundição Sob Pressão,25,23,2025-08-27,2025-09-02,CONCLUIDA,2025-09-09
OP-2025-0227,105000001,v1,Reposição de Estoque,Usinagem CNC,50,50,2025-08-27,2025-09-05,CONCLUIDA,2025-09-07
OP-2025-0228,105000006,v1,Reposição de Estoque,Soldagem MIG/TIG,50,47,2025-08-27,2025-08-31,CONCLUIDA,2025-09-03
OP-2025-0229,105000005,v1,Reposição de Estoque,Estamparia,200,,2025-08-27,2025-08-31,CANCELADA,
OP-2025-0412,105000003,v1,Reposição de Estoque,Fundição Sob Pressão,73,73,2025-08-27,2025-09-01,CONCLUIDA,2025-09-01
OP-2025-0411,105000005,v1,Reposição de Estoque,Estamparia,13,13,2025-08-28,2025-08-31,CONCLUIDA,2025-08-31
OP-2025-0230,105000003,v1,Reposição de Estoque,Fundição Sob Pressão,25,24,2025-08-30,2025-09-06,CONCLUIDA,2025-09-07
OP-2025-0231,105000001,v1,Reposição de Estoque,Usinagem CNC,50,50,2025-08-30,2025-09-07,CONCLUIDA,2025-09-10
OP-2025-0232,105000004,v1,Reposição de Estoque,Usinagem CNC,70,70,2025-08-31,2025-09-05,CONCLUIDA,2025-09-04
OP-2025-0233,103000005,v1,Produção Normal,Pintura Industrial,95,95,2025-09-01,2025-09-03,CONCLUIDA,2025-09-02
OP-2025-0234,103000002,v1,Produção Normal,Montagem,25,25,2025-09-02,2025-09-08,CONCLUIDA,2025-09-07
OP-2025-0235,105000006,v1,Reposição de Estoque,Soldagem MIG/TIG,50,,2025-09-02,2025-09-08,CANCELADA,
OP-2025-0236,103000001,v1,Pedido Urgente,Montagem,120,120,2025-09-04,2025-09-08,CONCLUIDA,2025-09-10
OP-2025-0237,105000005,v1,Reposição de Estoque,Estamparia,95,95,2025-09-04,2025-09-06,CONCLUIDA,2025-09-07
OP-2025-0238,103000004,v1,Produção Normal,Pintura Industrial,50,50,2025-09-05,2025-09-09,CONCLUIDA,2025-09-10
OP-2025-0239,103000003,v1,Produção Normal,Montagem,70,70,2025-09-06,2025-09-14,CONCLUIDA,2025-09-14
OP-2025-0240,105000003,v1,Reposição de Estoque,Fundição Sob Pressão,145,135,2025-09-06,2025-09-14,CONCLUIDA,2025-09-16
OP-2025-0241,105000004,v1,Reposição de Estoque,Usinagem CNC,25,25,2025-09-06,2025-09-14,CONCLUIDA,2025-09-16
OP-2025-0242,105000004,v1,Reposição de Estoque,Usinagem CNC,25,23,2025-09-08,2025-09-16,CONCLUIDA,2025-09-16
OP-2025-0243,105000002,v1,Reposição de Estoque,Tratamento Térmico,50,50,2025-09-09,2025-09-12,CONCLUIDA,2025-09-13
OP-2025-0244,105000003,v1,Reposição de Estoque,Fundição Sob Pressão,30,30,2025-09-10,2025-09-17,CONCLUIDA,2025-09-21
OP-2025-0245,103000004,v1,Pedido Urgente,Pintura Industrial,50,48,2025-09-13,2025-09-17,CONCLUIDA,2025-09-19
OP-2025-0246,103000005,v1,Produção Normal,Pintura Industrial,95,89,2025-09-13,2025-09-17,CONCLUIDA,2025-09-20
OP-2025-0247,105000003,v1,Reposição de Estoque,Fundição Sob Pressão,45,45,2025-09-13,2025-09-18,CONCLUIDA,2025-09-24
OP-2025-0248,105000002,v1,Reposição de Estoque,Tratamento Térmico,50,50,2025-09-13,2025-09-18,CONCLUIDA,2025-09-24
OP-2025-0249,105000001,v1,Reposição de Estoque,Usinagem CNC,60,60,2025-09-13,2025-09-22,CONCLUIDA,2025-09-24
OP-2025-0250,103000003,v1,Produção Normal,Montagem,70,70,2025-09-14,2025-09-21,CONCLUIDA,2025-09-21
OP-2025-0251,105000001,v1,Reposição de Estoque,Usinagem CNC,45,42,2025-09-15,2025-09-24,CONCLUIDA,2025-09-25
OP-2025-0252,103000002,v1,Produção Normal,Montagem,25,25,2025-09-17,2025-09-22,CONCLUIDA,2025-09-25
OP-2025-0253,105000004,v1,Reposição de Estoque,Usinagem CNC,145,145,2025-09-17,2025-09-22,CONCLUIDA,2025-09-23
OP-2025-0254,105000003,v1,Reposição de Estoque,Fundição Sob Pressão,45,45,2025-09-18,2025-09-25,CONCLUIDA,2025-09-24
OP-2025-0255,105000005,v1,Reposição de Estoque,Estamparia,160,160,2025-09-20,2025-09-22,CONCLUIDA,2025-09-24
OP-2025-0256,105000003,v1,Reposição de Estoque,Fundição Sob Pressão,30,29,2025-09-21,2025-09-27,CONCLUIDA,2025-09-28
OP-2025-0257,105000004,v1,Reposição de Estoque,Usinagem CNC,30,29,2025-09-21,2025-10-01,CONCLUIDA,2025-10-01
OP-2025-0258,105000001,v1,Reposição de Estoque,Usinagem CNC,45,45,2025-09-21,2025-09-26,CONCLUIDA,2025-09-27
OP-2025-0259,103000002,v1,Produção Normal,Montagem,25,25,2025-09-22,2025-09-30,CONCLUIDA,2025-10-02
OP-2025-0260,105000004,v1,Reposição de Estoque,Usinagem CNC,45,45,2025-09-23,2025-10-03,CONCLUIDA,2025-10-05
OP-2025-0261,105000001,v1,Reposição de Estoque,Usinagem CNC,60,60,2025-09-23,2025-09-29,CONCLUIDA,2025-09-28
OP-2025-0262,105000002,v1,Reposição de Estoque,Tratamento Térmico,60,60,2025-09-24,2025-09-27,CONCLUIDA,2025-09-27
OP-2025-0375,103000002,v1,Retrabalho,Inspeção de Qualidade,1,1,2025-09-24,2025-09-27,CONCLUIDA,2025-09-26
OP-2025-0263,105000005,v1,Reposição de Estoque,Estamparia,160,150,2025-09-26,2025-09-29,CONCLUIDA,2025-09-27
OP-2025-0264,105000006,v1,Reposição de Estoque,Soldagem MIG/TIG,40,40,2025-09-27,2025-10-04,CONCLUIDA,2025-10-03
OP-2025-0265,105000002,v1,Reposição de Estoque,Tratamento Térmico,45,45,2025-09-28,2025-10-04,CONCLUIDA,2025-10-06
OP-2025-0266,105000004,v1,Reposição de Estoque,Usinagem CNC,45,45,2025-09-29,2025-10-08,CONCLUIDA,2025-10-08
OP-2025-0267,105000005,v1,Reposição de Estoque,Estamparia,80,80,2025-09-30,2025-10-03,CONCLUIDA,2025-10-03
OP-2025-0414,105000003,v1,Reposição de Estoque,Fundição Sob Pressão,28,28,2025-09-30,2025-10-06,CONCLUIDA,2025-10-06
OP-2025-0268,103000003,v1,Produção Normal,Montagem,145,145,2025-10-01,2025-10-07,CONCLUIDA,2025-10-09
OP-2025-0413,105000003,v1,Reposição de Estoque,Fundição Sob Pressão,28,28,2025-10-01,2025-10-07,CONCLUIDA,2025-10-07
OP-2025-0269,105000004,v1,Reposição de Estoque,Usinagem CNC,30,30,2025-10-02,2025-10-09,CONCLUIDA,2025-10-09
OP-2025-0270,105000002,v1,Reposição de Estoque,Tratamento Térmico,45,45,2025-10-03,2025-10-08,CONCLUIDA,2025-10-12
OP-2025-0271,103000002,v1,Produção Normal,Montagem,30,30,2025-10-04,2025-10-11,CONCLUIDA,2025-10-10
OP-2025-0272,105000006,v1,Reposição de Estoque,Soldagem MIG/TIG,40,40,2025-10-04,2025-10-11,CONCLUIDA,2025-10-10
OP-2025-0273,103000001,v1,Produção Normal,Montagem,45,45,2025-10-05,2025-10-11,CONCLUIDA,2025-10-10
OP-2025-0274,103000004,v1,Produção Normal,Pintura Industrial,40,38,2025-10-06,2025-10-10,CONCLUIDA,2025-10-10
OP-2025-0275,105000003,v1,Reposição de Estoque,Fundição Sob Pressão,25,24,2025-10-06,2025-10-14,CONCLUIDA,2025-10-15
OP-2025-0276,103000005,v1,Produção Normal,Pintura Industrial,80,,2025-10-07,2025-10-09,CANCELADA,
OP-2025-0277,105000002,v1,Reposição de Estoque,Tratamento Térmico,60,60,2025-10-07,2025-10-12,CONCLUIDA,2025-10-19
OP-2025-0278,105000005,v1,Reposição de Estoque,Estamparia,80,80,2025-10-08,2025-10-10,CONCLUIDA,2025-10-13
OP-2025-0416,105000001,v1,Reposição de Estoque,Usinagem CNC,7,7,2025-10-08,2025-10-15,CONCLUIDA,2025-10-15
OP-2025-0279,105000003,v1,Reposição de Estoque,Fundição Sob Pressão,135,135,2025-10-09,2025-10-15,CONCLUIDA,2025-10-13
OP-2025-0417,105000001,v1,Reposição de Estoque,Usinagem CNC,67,67,2025-10-10,2025-10-17,CONCLUIDA,2025-10-17
OP-2025-0280,103000001,v1,Pedido Urgente,Montagem,45,44,2025-10-11,2025-10-15,CONCLUIDA,2025-10-16
OP-2025-0281,105000003,v1,Reposição de Estoque,Fundição Sob Pressão,40,,2025-10-11,2025-10-19,CANCELADA,
OP-2025-0282,105000001,v1,Reposição de Estoque,Usinagem CNC,40,40,2025-10-12,2025-10-22,CONCLUIDA,2025-10-23
OP-2025-0283,105000001,v1,Reposição de Estoque,Usinagem CNC,50,50,2025-10-13,2025-10-21,CONCLUIDA,2025-10-21
OP-2025-0415,105000002,v1,Reposição de Estoque,Tratamento Térmico,63,63,2025-10-13,2025-10-17,CONCLUIDA,2025-10-17
OP-2025-0284,103000004,v1,Produção Normal,Pintura Industrial,40,40,2025-10-14,2025-10-17,CONCLUIDA,2025-10-19
OP-2025-0285,103000002,v1,Produção Normal,Montagem,30,30,2025-10-14,2025-10-20,CONCLUIDA,2025-10-18
OP-2025-0286,103000005,v1,Produção Normal,Pintura Industrial,80,80,2025-10-17,2025-10-21,CONCLUIDA,2025-10-22
OP-2025-0287,105000004,v1,Reposição de Estoque,Usinagem CNC,135,127,2025-10-18,2025-10-28,CONCLUIDA,2025-10-29
OP-2025-0288,105000004,v1,Reposição de Estoque,Usinagem CNC,25,25,2025-10-18,2025-10-27,CONCLUIDA,2025-10-28
OP-2025-0289,105000005,v1,Reposição de Estoque,Estamparia,100,95,2025-10-18,2025-10-21,CONCLUIDA,2025-10-19
OP-2025-0290,105000004,v1,Reposição de Estoque,Usinagem CNC,40,38,2025-10-20,2025-10-27,CONCLUIDA,2025-10-30
OP-2025-0418,105000003,v1,Reposição de Estoque,Fundição Sob Pressão,20,20,2025-10-20,2025-10-27,CONCLUIDA,2025-10-27
OP-2025-0291,105000003,v1,Reposição de Estoque,Fundição Sob Pressão,25,25,2025-10-21,2025-10-25,CONCLUIDA,2025-10-23
OP-2025-0292,105000001,v1,Reposição de Estoque,Usinagem CNC,50,50,2025-10-22,2025-10-31,CONCLUIDA,2025-10-30
OP-2025-0293,105000002,v1,Reposição de Estoque,Tratamento Térmico,40,40,2025-10-24,2025-10-28,CONCLUIDA,2025-11-01
OP-2025-0294,105000005,v1,Reposição de Estoque,Estamparia,100,100,2025-10-24,2025-10-28,CONCLUIDA,2025-10-27
OP-2025-0295,105000003,v1,Reposição de Estoque,Fundição Sob Pressão,40,40,2025-10-25,2025-10-31,CONCLUIDA,2025-10-30
OP-2025-0296,105000002,v1,Reposição de Estoque,Tratamento Térmico,50,50,2025-10-25,2025-10-31,CONCLUIDA,2025-11-08
OP-2025-0297,105000006,v1,Reposição de Estoque,Soldagem MIG/TIG,25,25,2025-10-26,2025-10-31,CONCLUIDA,2025-11-03
OP-2025-0298,105000005,v1,Reposição de Estoque,Estamparia,50,50,2025-10-27,2025-10-29,CONCLUIDA,2025-10-28
OP-2025-0419,105000001,v1,Reposição de Estoque,Usinagem CNC,49,49,2025-10-28,2025-11-05,CONCLUIDA,2025-11-05
OP-2025-0299,105000004,v1,Reposição de Estoque,Usinagem CNC,25,25,2025-10-30,2025-11-06,CONCLUIDA,2025-11-05
OP-2025-0300,105000001,v1,Reposição de Estoque,Usinagem CNC,40,40,2025-10-30,2025-11-08,CONCLUIDA,2025-11-11
OP-2025-0301,103000001,v1,Produção Normal,Montagem,40,39,2025-11-01,2025-11-08,CONCLUIDA,2025-11-10
OP-2025-0302,103000002,v1,Produção Normal,Montagem,25,25,2025-11-01,2025-11-10,CONCLUIDA,2025-11-12
OP-2025-0303,103000003,v1,Produção Normal,Montagem,135,135,2025-11-01,2025-11-07,CONCLUIDA,2025-11-07
OP-2025-0304,105000006,v1,Reposição de Estoque,Soldagem MIG/TIG,25,25,2025-11-01,2025-11-06,CONCLUIDA,2025-11-10
OP-2025-0305,103000005,v1,Pedido Urgente,Pintura Industrial,50,50,2025-11-04,2025-11-08,CONCLUIDA,2025-11-08
OP-2025-0306,105000005,v1,Reposição de Estoque,Estamparia,50,47,2025-11-04,2025-11-06,CONCLUIDA,2025-11-05
OP-2025-0307,105000005,v1,Reposição de Estoque,Estamparia,100,100,2025-11-04,2025-11-09,CONCLUIDA,2025-11-12
OP-2025-0308,103000004,v1,Produção Normal,Pintura Industrial,25,25,2025-11-05,2025-11-09,CONCLUIDA,2025-11-09
OP-2025-0309,105000004,v1,Reposição de Estoque,Usinagem CNC,40,40,2025-11-05,2025-11-12,CONCLUIDA,2025-11-13
OP-2025-0310,105000002,v1,Reposição de Estoque,Tratamento Térmico,50,50,2025-11-05,2025-11-08,CONCLUIDA,2025-11-06
OP-2025-0420,105000003,v1,Reposição de Estoque,Fundição Sob Pressão,27,27,2025-11-06,2025-11-10,CONCLUIDA,2025-11-10
OP-2025-0311,105000003,v1,Reposição de Estoque,Fundição Sob Pressão,55,55,2025-11-09,2025-11-15,CONCLUIDA,2025-11-19
OP-2025-0312,105000003,v1,Reposição de Estoque,Fundição Sob Pressão,45,45,2025-11-10,2025-11-16,CONCLUIDA,2025-11-20
OP-2025-0313,105000002,v1,Reposição de Estoque,Tratamento Térmico,40,40,2025-11-10,2025-11-14,CONCLUIDA,2025-11-20
OP-2025-0314,105000006,v1,Reposição de Estoque,Soldagem MIG/TIG,25,24,2025-11-10,2025-11-15,CONCLUIDA,2025-11-13
OP-2025-0315,103000004,v1,Produção Normal,Pintura Industrial,25,25,2025-11-11,2025-11-14,CONCLUIDA,2025-11-13
OP-2025-0316,105000003,v1,Reposição de Estoque,Fundição Sob Pressão,35,35,2025-11-11,2025-11-18,CONCLUIDA,2025-11-18
OP-2025-0317,105000001,v1,Reposição de Estoque,Usinagem CNC,90,90,2025-11-11,2025-11-17,CONCLUIDA,2025-11-15
OP-2025-0318,105000001,v1,Reposição de Estoque,Usinagem CNC,35,35,2025-11-11,2025-11-17,CONCLUIDA,2025-11-15
OP-2025-0319,103000002,v1,Produção Normal,Montagem,25,25,2025-11-12,2025-11-17,CONCLUIDA,2025-11-17
OP-2025-0376,103000002,v1,Retrabalho,Inspeção de Qualidade,2,2,2025-11-12,2025-11-13,CONCLUIDA,2025-11-17
OP-2025-0320,103000005,v1,Produção Normal,Pintura Industrial,50,50,2025-11-13,2025-11-15,CONCLUIDA,2025-11-15
OP-2025-0321,105000005,v1,Reposição de Estoque,Estamparia,140,140,2025-11-13,2025-11-15,CONCLUIDA,2025-11-16
OP-2025-0322,103000001,v1,Produção Normal,Montagem,40,40,2025-11-17,2025-11-23,CONCLUIDA,2025-11-24
OP-2025-0323,105000003,v1,Reposição de Estoque,Fundição Sob Pressão,35,35,2025-11-18,2025-11-22,CONCLUIDA,2025-11-21
OP-2025-0324,105000005,v1,Reposição de Estoque,Estamparia,50,50,2025-11-18,2025-11-20,CONCLUIDA,2025-11-22
OP-2025-0421,105000004,v1,Reposição de Estoque,Usinagem CNC,8,8,2025-11-18,2025-11-23,CONCLUIDA,2025-11-23
OP-2025-0325,105000004,v1,Reposição de Estoque,Usinagem CNC,55,53,2025-11-20,2025-11-30,CONCLUIDA,2025-12-01
OP-2025-0326,105000004,v1,Reposição de Estoque,Usinagem CNC,45,45,2025-11-20,2025-11-27,CONCLUIDA,2025-11-28
OP-2025-0327,105000004,v1,Reposição de Estoque,Usinagem CNC,35,35,2025-11-20,2025-11-29,CONCLUIDA,2025-12-01
OP-2025-0328,103000004,v1,Produção Normal,Pintura Industrial,25,25,2025-11-21,2025-11-23,CONCLUIDA,2025-11-21
OP-2025-0329,105000003,v1,Reposição de Estoque,Fundição Sob Pressão,55,55,2025-11-21,2025-11-29,CONCLUIDA,2025-11-29
OP-2025-0330,105000001,v1,Reposição de Estoque,Usinagem CNC,35,35,2025-11-21,2025-11-29,CONCLUIDA,2025-11-29
OP-2025-0331,105000006,v1,Reposição de Estoque,Soldagem MIG/TIG,35,35,2025-11-21,2025-11-26,CONCLUIDA,2025-11-28
OP-2025-0332,105000002,v1,Reposição de Estoque,Tratamento Térmico,90,90,2025-11-22,2025-11-26,CONCLUIDA,2025-11-28
OP-2025-0333,103000005,v1,Produção Normal,Pintura Industrial,50,50,2025-11-24,2025-11-26,CONCLUIDA,2025-11-27
OP-2025-0334,105000002,v1,Reposição de Estoque,Tratamento Térmico,35,33,2025-11-25,2025-11-29,CONCLUIDA,2025-12-11
OP-2025-0335,105000005,v1,Reposição de Estoque,Estamparia,50,50,2025-11-26,2025-12-01,CONCLUIDA,2025-12-01
OP-2025-0422,105000003,v1,Reposição de Estoque,Fundição Sob Pressão,6,6,2025-11-27,2025-12-05,CONCLUIDA,2025-12-05
OP-2025-0336,105000004,v1,Reposição de Estoque,Usinagem CNC,35,35,2025-11-29,2025-12-04,CONCLUIDA,2025-12-06
OP-2025-0337,105000005,v1,Reposição de Estoque,Estamparia,140,140,2025-11-29,2025-12-04,CONCLUIDA,2025-12-06
OP-2025-0338,105000004,v1,Reposição de Estoque,Usinagem CNC,55,53,2025-12-01,2025-12-08,CONCLUIDA,2025-12-08
OP-2025-0339,103000001,v1,Produção Normal,Montagem,35,35,2025-12-02,2025-12-11,CONCLUIDA,2025-12-15
OP-2025-0340,103000002,v1,Pedido Urgente,Montagem,45,45,2025-12-02,2025-12-11,CONCLUIDA,2025-12-13
OP-2025-0341,103000004,v1,Produção Normal,Pintura Industrial,35,34,2025-12-03,2025-12-05,CONCLUIDA,2025-12-05
OP-2025-0342,103000003,v1,Produção Normal,Montagem,55,55,2025-12-03,2025-12-10,CONCLUIDA,2025-12-10
OP-2025-0343,103000005,v1,Produção Normal,Pintura Industrial,50,50,2025-12-05,2025-12-09,CONCLUIDA,2025-12-08
OP-2025-0344,105000002,v1,Reposição de Estoque,Tratamento Térmico,35,35,2025-12-05,2025-12-10,CONCLUIDA,2025-12-17
OP-2025-0345,105000006,v1,Reposição de Estoque,Soldagem MIG/TIG,35,34,2025-12-06,2025-12-13,CONCLUIDA,2025-12-16
OP-2025-0346,105000005,v1,Reposição de Estoque,Estamparia,50,50,2025-12-06,2025-12-09,CONCLUIDA,2025-12-09
OP-2025-0347,105000003,v1,Reposição de Estoque,Fundição Sob Pressão,20,20,2025-12-07,2025-12-15,CONCLUIDA,2025-12-16
OP-2025-0348,105000001,v1,Reposição de Estoque,Usinagem CNC,40,40,2025-12-08,2025-12-14,CONCLUIDA,2025-12-16
OP-2025-0423,105000004,v1,Reposição de Estoque,Usinagem CNC,4,4,2025-12-10,2025-12-17,CONCLUIDA,2025-12-17
OP-2025-0349,103000001,v1,Produção Normal,Montagem,35,35,2025-12-12,2025-12-18,CONCLUIDA,2025-12-19
OP-2025-0350,103000003,v1,Produção Normal,Montagem,55,55,2025-12-12,2025-12-19,CONCLUIDA,2025-12-18
OP-2025-0351,105000003,v1,Reposição de Estoque,Fundição Sob Pressão,80,74,2025-12-13,2025-12-18,CONCLUIDA,2025-12-21
OP-2025-0352,103000005,v1,Produção Normal,Pintura Industrial,50,50,2025-12-15,2025-12-18,CONCLUIDA,2025-12-19
OP-2025-0353,105000003,v1,Reposição de Estoque,Fundição Sob Pressão,45,45,2025-12-15,2025-12-23,CONCLUIDA,2025-12-23
OP-2025-0354,103000004,v1,Produção Normal,Pintura Industrial,35,35,2025-12-16,2025-12-19,CONCLUIDA,2025-12-23
OP-2025-0355,105000001,v1,Reposição de Estoque,Usinagem CNC,80,80,2025-12-16,2025-12-24,CONCLUIDA,2025-12-29
OP-2025-0356,105000005,v1,Reposição de Estoque,Estamparia,50,49,2025-12-16,2025-12-20,CONCLUIDA,2025-12-23
OP-2025-0357,105000004,v1,Reposição de Estoque,Usinagem CNC,20,20,2025-12-19,2025-12-27,CONCLUIDA,2025-12-28
OP-2025-0358,105000003,v1,Reposição de Estoque,Fundição Sob Pressão,20,20,2025-12-21,2025-12-29,CONCLUIDA,2025-12-29
OP-2025-0359,105000005,v1,Reposição de Estoque,Estamparia,260,260,2025-12-21,2025-12-26,CONCLUIDA,2025-12-26
OP-2025-0360,103000005,v1,Produção Normal,Pintura Industrial,50,50,2025-12-22,2025-12-24,CONCLUIDA,2025-12-25
OP-2025-0361,105000002,v1,Reposição de Estoque,Tratamento Térmico,40,40,2025-12-22,2025-12-26,CONCLUIDA,2025-12-28
OP-2025-0362,105000001,v1,Reposição de Estoque,Usinagem CNC,40,38,2025-12-22,2025-12-31,CONCLUIDA,2025-12-30
OP-2025-0363,105000004,v1,Reposição de Estoque,Usinagem CNC,45,45,2025-12-24,2025-12-30,CONCLUIDA,2025-12-30
OP-2025-0364,105000004,v1,Reposição de Estoque,Usinagem CNC,80,80,2025-12-24,2025-12-31,CONCLUIDA,2026-01-01
OP-2025-0365,105000005,v1,Reposição de Estoque,Estamparia,40,40,2025-12-24,2025-12-26,CONCLUIDA,2025-12-27
OP-2025-0366,105000003,v1,Reposição de Estoque,Fundição Sob Pressão,45,42,2025-12-25,2026-01-01,CONCLUIDA,2025-12-31
OP-2025-0367,105000002,v1,Reposição de Estoque,Tratamento Térmico,80,80,2025-12-27,2026-01-01,CONCLUIDA,2026-01-02
OP-2025-0368,105000006,v1,Reposição de Estoque,Soldagem MIG/TIG,65,65,2025-12-28,2026-01-05,CONCLUIDA,2026-01-10
OP-2025-0369,105000004,v1,Reposição de Estoque,Usinagem CNC,20,19,2025-12-30,2026-01-04,CONCLUIDA,2026-01-02
OP-2026-0001,103000002,v1,Produção Normal,Montagem,20,20,2026-01-01,2026-01-10,CONCLUIDA,2026-01-08
OP-2026-0002,103000005,v1,Produção Normal,Pintura Industrial,40,40,2026-01-01,2026-01-05,CONCLUIDA,2026-01-05
OP-2026-0368,105000003,v1,Reposição de Estoque,Fundição Sob Pressão,16,16,2026-01-02,2026-01-06,CONCLUIDA,2026-01-06
OP-2026-0003,103000001,v1,Produção Normal,Montagem,80,80,2026-01-05,2026-01-09,CONCLUIDA,2026-01-14
OP-2026-0004,103000003,v1,Produção Normal,Montagem,45,45,2026-01-05,2026-01-11,CONCLUIDA,2026-01-09
OP-2026-0005,105000004,v1,Reposição de Estoque,Usinagem CNC,45,44,2026-01-05,2026-01-10,CONCLUIDA,2026-01-08
OP-2026-0006,105000002,v1,Reposição de Estoque,Tratamento Térmico,40,40,2026-01-05,2026-01-09,CONCLUIDA,2026-01-13
OP-2026-0007,103000004,v1,Produção Normal,Pintura Industrial,65,60,2026-01-06,2026-01-09,CONCLUIDA,2026-01-13
OP-2026-0008,105000003,v1,Reposição de Estoque,Fundição Sob Pressão,40,39,2026-01-08,2026-01-15,CONCLUIDA,2026-01-16
OP-2026-0009,105000005,v1,Reposição de Estoque,Estamparia,40,40,2026-01-10,2026-01-13,CONCLUIDA,2026-01-12
OP-2026-0010,105000001,v1,Reposição de Estoque,Usinagem CNC,40,40,2026-01-11,2026-01-19,CONCLUIDA,2026-01-19
OP-2026-0011,103000002,v1,Produção Normal,Montagem,20,,2026-01-13,2026-01-17,CANCELADA,
OP-2026-0012,105000003,v1,Reposição de Estoque,Fundição Sob Pressão,25,25,2026-01-13,2026-01-18,CONCLUIDA,2026-01-18
OP-2026-0013,103000005,v1,Produção Normal,Pintura Industrial,40,40,2026-01-16,2026-01-19,CONCLUIDA,2026-01-19
OP-2026-0014,105000003,v1,Reposição de Estoque,Fundição Sob Pressão,45,45,2026-01-16,2026-01-22,CONCLUIDA,2026-01-24
OP-2026-0015,105000001,v1,Reposição de Estoque,Usinagem CNC,50,46,2026-01-16,2026-01-21,CONCLUIDA,2026-01-19
OP-2026-0016,105000005,v1,Reposição de Estoque,Estamparia,40,40,2026-01-16,2026-01-21,CONCLUIDA,2026-01-21
OP-2026-0017,105000005,v1,Reposição de Estoque,Estamparia,80,80,2026-01-16,2026-01-18,CONCLUIDA,2026-01-18
OP-2026-0369,105000004,v1,Reposição de Estoque,Usinagem CNC,30,30,2026-01-16,2026-01-23,CONCLUIDA,2026-01-23
OP-2026-0018,103000003,v1,Produção Normal,Montagem,45,45,2026-01-17,2026-01-24,CONCLUIDA,2026-01-24
OP-2026-0019,105000003,v1,Reposição de Estoque,Fundição Sob Pressão,45,42,2026-01-19,2026-01-27,CONCLUIDA,2026-01-28
OP-2026-0020,105000003,v1,Reposição de Estoque,Fundição Sob Pressão,25,25,2026-01-20,2026-01-26,CONCLUIDA,2026-01-29
OP-2026-0021,105000004,v1,Reposição de Estoque,Usinagem CNC,40,40,2026-01-20,2026-01-26,CONCLUIDA,2026-01-27
OP-2026-0022,105000003,v1,Reposição de Estoque,Fundição Sob Pressão,40,40,2026-01-21,2026-01-28,CONCLUIDA,2026-01-27
OP-2026-0023,105000001,v1,Reposição de Estoque,Usinagem CNC,40,37,2026-01-21,2026-01-26,CONCLUIDA,2026-01-28
OP-2026-0024,105000004,v1,Reposição de Estoque,Usinagem CNC,25,24,2026-01-23,2026-01-30,CONCLUIDA,2026-01-28
OP-2026-0025,103000005,v1,Produção Normal,Pintura Industrial,40,40,2026-01-24,2026-01-26,CONCLUIDA,2026-01-26
OP-2026-0026,105000001,v1,Reposição de Estoque,Usinagem CNC,50,50,2026-01-24,2026-01-29,CONCLUIDA,2026-01-27
OP-2026-0027,105000006,v1,Reposição de Estoque,Soldagem MIG/TIG,20,20,2026-01-24,2026-01-30,CONCLUIDA,2026-01-30
OP-2026-0028,105000002,v1,Reposição de Estoque,Tratamento Térmico,40,40,2026-01-25,2026-01-28,CONCLUIDA,2026-02-02
OP-2026-0029,105000004,v1,Reposição de Estoque,Usinagem CNC,45,45,2026-01-26,2026-02-05,CONCLUIDA,2026-02-05
OP-2026-0030,105000005,v1,Reposição de Estoque,Estamparia,75,75,2026-01-27,2026-01-31,CONCLUIDA,2026-01-29
OP-2026-0370,105000003,v1,Reposição de Estoque,Fundição Sob Pressão,8,8,2026-01-27,2026-02-04,CONCLUIDA,2026-02-04
OP-2026-0031,105000002,v1,Reposição de Estoque,Tratamento Térmico,50,50,2026-01-28,2026-02-01,CONCLUIDA,2026-02-04
OP-2026-0032,105000005,v1,Reposição de Estoque,Estamparia,80,80,2026-01-28,2026-01-31,CONCLUIDA,2026-01-30
OP-2026-0033,105000004,v1,Reposição de Estoque,Usinagem CNC,40,40,2026-01-30,2026-02-04,CONCLUIDA,2026-02-05
OP-2026-0034,105000004,v1,Reposição de Estoque,Usinagem CNC,45,45,2026-01-31,2026-02-07,CONCLUIDA,2026-02-05
OP-2026-0035,105000004,v1,Reposição de Estoque,Usinagem CNC,25,24,2026-02-01,2026-02-09,CONCLUIDA,2026-02-10
OP-2026-0036,103000001,v1,Produção Normal,Montagem,40,40,2026-02-02,2026-02-11,CONCLUIDA,2026-02-10
OP-2026-0037,103000004,v1,Produção Normal,Pintura Industrial,20,20,2026-02-03,2026-02-05,CONCLUIDA,2026-02-08
OP-2026-0038,105000002,v1,Reposição de Estoque,Tratamento Térmico,40,40,2026-02-03,2026-02-09,CONCLUIDA,2026-02-14
OP-2026-0039,105000006,v1,Reposição de Estoque,Soldagem MIG/TIG,20,20,2026-02-03,2026-02-10,CONCLUIDA,2026-02-12
OP-2026-0040,105000005,v1,Reposição de Estoque,Estamparia,80,80,2026-02-03,2026-02-05,CONCLUIDA,2026-02-03
OP-2026-0041,103000005,v1,Produção Normal,Pintura Industrial,75,75,2026-02-05,2026-02-07,CONCLUIDA,2026-02-06
OP-2026-0371,105000003,v1,Reposição de Estoque,Fundição Sob Pressão,26,26,2026-02-05,2026-02-09,CONCLUIDA,2026-02-09
OP-2026-0042,103000002,v1,Produção Normal,Montagem,25,25,2026-02-06,2026-02-10,CONCLUIDA,2026-02-13
OP-2026-0043,103000003,v1,Produção Normal,Montagem,45,45,2026-02-06,2026-02-12,CONCLUIDA,2026-02-13
OP-2026-0044,105000002,v1,Reposição de Estoque,Tratamento Térmico,50,49,2026-02-06,2026-02-10,CONCLUIDA,2026-02-15
OP-2026-0045,105000005,v1,Reposição de Estoque,Estamparia,75,75,2026-02-06,2026-02-09,CONCLUIDA,2026-02-10
OP-2026-0372,105000001,v1,Reposição de Estoque,Usinagem CNC,52,52,2026-02-07,2026-02-14,CONCLUIDA,2026-02-14
OP-2026-0046,105000003,v1,Reposição de Estoque,Fundição Sob Pressão,70,68,2026-02-08,2026-02-16,CONCLUIDA,2026-02-20
OP-2026-0047,105000003,v1,Reposição de Estoque,Fundição Sob Pressão,20,20,2026-02-10,2026-02-18,CONCLUIDA,2026-02-19
OP-2026-0048,105000003,v1,Reposição de Estoque,Fundição Sob Pressão,50,47,2026-02-11,2026-02-19,CONCLUIDA,2026-02-23
OP-2026-0049,105000006,v1,Reposição de Estoque,Soldagem MIG/TIG,20,20,2026-02-11,2026-02-18,CONCLUIDA,2026-02-25
OP-2026-0050,103000003,v1,Produção Normal,Montagem,45,45,2026-02-12,2026-02-16,CONCLUIDA,2026-02-15
OP-2026-0051,105000001,v1,Reposição de Estoque,Usinagem CNC,50,50,2026-02-12,2026-02-19,CONCLUIDA,2026-02-19
OP-2026-0052,103000004,v1,Produção Normal,Pintura Industrial,20,20,2026-02-13,2026-02-15,CONCLUIDA,2026-02-14
OP-2026-0053,103000001,v1,Produção Normal,Montagem,40,40,2026-02-13,2026-02-19,CONCLUIDA,2026-02-20
OP-2026-0054,105000001,v1,Reposição de Estoque,Usinagem CNC,40,40,2026-02-13,2026-02-18,CONCLUIDA,2026-02-17
OP-2026-0055,105000005,v1,Reposição de Estoque,Estamparia,160,160,2026-02-13,2026-02-15,CONCLUIDA,2026-02-13
OP-2026-0056,103000005,v1,Produção Normal,Pintura Industrial,75,75,2026-02-14,2026-02-16,CONCLUIDA,2026-02-16
OP-2026-0057,103000002,v1,Produção Normal,Montagem,25,25,2026-02-15,2026-02-22,CONCLUIDA,2026-02-27
OP-2026-0058,105000003,v1,Reposição de Estoque,Fundição Sob Pressão,20,20,2026-02-15,2026-02-23,CONCLUIDA,2026-02-24
OP-2026-0059,105000003,v1,Reposição de Estoque,Fundição Sob Pressão,70,70,2026-02-17,2026-02-24,CONCLUIDA,2026-02-24
OP-2026-0060,105000004,v1,Reposição de Estoque,Usinagem CNC,70,65,2026-02-19,2026-02-24,CONCLUIDA,2026-02-28
OP-2026-0061,105000001,v1,Reposição de Estoque,Usinagem CNC,40,40,2026-02-19,2026-02-24,CONCLUIDA,2026-02-26
OP-2026-0062,105000004,v1,Reposição de Estoque,Usinagem CNC,50,50,2026-02-20,2026-02-28,CONCLUIDA,2026-03-01
OP-2026-0063,105000001,v1,Reposição de Estoque,Usinagem CNC,50,50,2026-02-21,2026-03-02,CONCLUIDA,2026-03-01
OP-2026-0064,105000006,v1,Reposição de Estoque,Soldagem MIG/TIG,40,40,2026-02-21,2026-03-01,CONCLUIDA,2026-03-01
OP-2026-0065,103000004,v1,Produção Normal,Pintura Industrial,20,20,2026-02-22,2026-02-24,CONCLUIDA,2026-02-24
OP-2026-0066,105000003,v1,Reposição de Estoque,Fundição Sob Pressão,50,50,2026-02-22,2026-03-02,CONCLUIDA,2026-03-02
OP-2026-0067,105000004,v1,Reposição de Estoque,Usinagem CNC,20,19,2026-02-22,2026-03-03,CONCLUIDA,2026-03-04
OP-2026-0068,105000005,v1,Reposição de Estoque,Estamparia,160,155,2026-02-23,2026-02-26,CONCLUIDA,2026-02-27
OP-2026-0069,105000002,v1,Reposição de Estoque,Tratamento Térmico,40,40,2026-02-25,2026-03-01,CONCLUIDA,2026-03-01
OP-2026-0070,105000004,v1,Reposição de Estoque,Usinagem CNC,70,69,2026-02-26,2026-03-05,CONCLUIDA,2026-03-08
OP-2026-0071,105000004,v1,Reposição de Estoque,Usinagem CNC,20,20,2026-02-26,2026-03-06,CONCLUIDA,2026-03-09
OP-2026-0072,105000002,v1,Reposição de Estoque,Tratamento Térmico,50,50,2026-02-26,2026-03-01,CONCLUIDA,2026-03-05
OP-2026-0073,105000003,v1,Reposição de Estoque,Fundição Sob Pressão,20,20,2026-02-28,2026-03-08,CONCLUIDA,2026-03-11
OP-2026-0074,105000005,v1,Reposição de Estoque,Estamparia,160,160,2026-02-28,2026-03-04,CONCLUIDA,2026-03-06
OP-2026-0075,105000002,v1,Reposição de Estoque,Tratamento Térmico,40,39,2026-03-02,2026-03-06,CONCLUIDA,2026-03-20
OP-2026-0076,103000003,v1,Produção Normal,Montagem,70,70,2026-03-03,2026-03-11,CONCLUIDA,2026-03-14
OP-2026-0077,105000006,v1,Reposição de Estoque,Soldagem MIG/TIG,40,40,2026-03-03,2026-03-10,CONCLUIDA,2026-03-18
OP-2026-0078,105000001,v1,Reposição de Estoque,Usinagem CNC,40,40,2026-03-04,2026-03-10,CONCLUIDA,2026-03-09
OP-2026-0079,103000004,v1,Produção Normal,Pintura Industrial,40,40,2026-03-05,2026-03-09,CONCLUIDA,2026-03-07
OP-2026-0080,105000004,v1,Reposição de Estoque,Usinagem CNC,50,50,2026-03-05,2026-03-15,CONCLUIDA,2026-03-19
OP-2026-0081,103000001,v1,Produção Normal,Montagem,50,50,2026-03-06,2026-03-10,CONCLUIDA,2026-03-13
OP-2026-0082,103000005,v1,Produção Normal,Pintura Industrial,160,160,2026-03-06,2026-03-10,CONCLUIDA,2026-03-13
OP-2026-0083,103000002,v1,Produção Normal,Montagem,20,20,2026-03-07,2026-03-13,CONCLUIDA,2026-03-11
OP-2026-0084,105000002,v1,Reposição de Estoque,Tratamento Térmico,50,50,2026-03-07,2026-03-10,CONCLUIDA,2026-03-17
OP-2026-0085,103000002,v1,Produção Normal,Montagem,20,20,2026-03-11,2026-03-19,CONCLUIDA,2026-03-18
OP-2026-0086,103000003,v1,Produção Normal,Montagem,70,70,2026-03-12,2026-03-20,CONCLUIDA,2026-03-24
OP-2026-0087,105000003,v1,Reposição de Estoque,Fundição Sob Pressão,65,61,2026-03-12,2026-03-20,CONCLUIDA,2026-03-21
OP-2026-0088,105000004,v1,Reposição de Estoque,Usinagem CNC,20,20,2026-03-12,2026-03-21,CONCLUIDA,2026-03-23
OP-2026-0089,105000003,v1,Reposição de Estoque,Fundição Sob Pressão,70,67,2026-03-13,2026-03-21,CONCLUIDA,2026-03-23
OP-2026-0090,105000005,v1,Reposição de Estoque,Estamparia,140,140,2026-03-13,2026-03-15,CONCLUIDA,2026-03-13
OP-2026-0091,103000004,v1,Produção Normal,Pintura Industrial,40,38,2026-03-14,2026-03-17,CONCLUIDA,2026-03-16
OP-2026-0092,105000003,v1,Reposição de Estoque,Fundição Sob Pressão,100,96,2026-03-14,2026-03-21,CONCLUIDA,2026-03-23
OP-2026-0093,105000001,v1,Reposição de Estoque,Usinagem CNC,140,140,2026-03-15,2026-03-20,CONCLUIDA,2026-03-21
OP-2026-0094,103000001,v1,Produção Normal,Montagem,50,50,2026-03-17,2026-03-26,CONCLUIDA,2026-03-28
OP-2026-0095,105000002,v1,Reposição de Estoque,Tratamento Térmico,40,37,2026-03-17,2026-03-23,CONCLUIDA,2026-03-29
OP-2026-0096,105000001,v1,Reposição de Estoque,Usinagem CNC,100,100,2026-03-20,2026-03-27,CONCLUIDA,2026-03-30
OP-2026-0097,105000006,v1,Reposição de Estoque,Soldagem MIG/TIG,35,35,2026-03-22,2026-03-28,CONCLUIDA,2026-04-05
OP-2026-0098,105000004,v1,Reposição de Estoque,Usinagem CNC,65,65,2026-03-23,2026-04-02,CONCLUIDA,2026-04-03
OP-2026-0099,105000004,v1,Reposição de Estoque,Usinagem CNC,70,70,2026-03-23,2026-03-28,CONCLUIDA,2026-03-29
OP-2026-0100,103000002,v1,Produção Normal,Montagem,20,20,2026-03-24,2026-03-30,CONCLUIDA,2026-04-02
OP-2026-0101,105000004,v1,Reposição de Estoque,Usinagem CNC,100,,2026-03-24,2026-03-29,CANCELADA,
OP-2026-0102,105000005,v1,Reposição de Estoque,Estamparia,100,100,2026-03-26,2026-03-30,CONCLUIDA,2026-04-05
OP-2026-0103,105000005,v1,Reposição de Estoque,Estamparia,140,140,2026-03-26,2026-03-29,CONCLUIDA,2026-03-27
OP-2026-0104,105000003,v1,Reposição de Estoque,Fundição Sob Pressão,65,61,2026-03-27,2026-03-31,CONCLUIDA,2026-04-02
OP-2026-0373,105000002,v1,Reposição de Estoque,Tratamento Térmico,4,4,2026-03-27,2026-03-30,CONCLUIDA,2026-03-30
OP-2026-0374,105000005,v1,Reposição de Estoque,Estamparia,106,106,2026-03-28,2026-04-02,CONCLUIDA,2026-04-02
OP-2026-0105,105000002,v1,Reposição de Estoque,Tratamento Térmico,140,,2026-03-29,2026-04-03,CANCELADA,
OP-2026-0106,105000002,v1,Reposição de Estoque,Tratamento Térmico,100,100,2026-03-31,2026-04-04,CONCLUIDA,2026-04-06
OP-2026-0107,103000005,v1,Produção Normal,Pintura Industrial,100,100,2026-04-01,2026-04-03,CONCLUIDA,2026-04-04
OP-2026-0108,103000004,v1,Produção Normal,Pintura Industrial,35,34,2026-04-02,2026-04-05,CONCLUIDA,2026-04-05
OP-2026-0109,105000006,v1,Reposição de Estoque,Soldagem MIG/TIG,35,34,2026-04-04,2026-04-12,CONCLUIDA,2026-04-12
OP-2026-0110,103000003,v1,Produção Normal,Montagem,65,65,2026-04-05,2026-04-11,CONCLUIDA,2026-04-10
OP-2026-0111,105000005,v1,Reposição de Estoque,Estamparia,100,100,2026-04-05,2026-04-08,CONCLUIDA,2026-04-09
OP-2026-0112,103000002,v1,Produção Normal,Montagem,70,70,2026-04-06,2026-04-15,CONCLUIDA,2026-04-15
OP-2026-0113,105000003,v1,Reposição de Estoque,Fundição Sob Pressão,85,82,2026-04-06,2026-04-13,CONCLUIDA,2026-04-13
OP-2026-0114,105000004,v1,Reposição de Estoque,Usinagem CNC,65,65,2026-04-06,2026-04-16,CONCLUIDA,2026-04-17
OP-2026-0375,105000004,v1,Reposição de Estoque,Usinagem CNC,6,6,2026-04-06,2026-04-13,CONCLUIDA,2026-04-13
OP-2026-0379,105000001,v1,Reposição de Estoque,Usinagem CNC,30,30,2026-04-06,2026-04-12,CONCLUIDA,2026-04-12
OP-2026-0115,103000001,v1,Produção Normal,Montagem,100,100,2026-04-07,2026-04-14,CONCLUIDA,2026-04-15
OP-2026-0376,105000002,v1,Reposição de Estoque,Tratamento Térmico,47,47,2026-04-07,2026-04-13,CONCLUIDA,2026-04-13
OP-2026-0377,105000004,v1,Reposição de Estoque,Usinagem CNC,115,115,2026-04-09,2026-04-14,CONCLUIDA,2026-04-14
OP-2026-0116,105000003,v1,Reposição de Estoque,Fundição Sob Pressão,85,85,2026-04-10,2026-04-15,CONCLUIDA,2026-04-17
OP-2026-0117,105000001,v1,Reposição de Estoque,Usinagem CNC,170,170,2026-04-10,2026-04-16,CONCLUIDA,2026-04-14
OP-2026-0378,105000002,v1,Reposição de Estoque,Tratamento Térmico,113,113,2026-04-10,2026-04-14,CONCLUIDA,2026-04-14
OP-2026-0380,105000005,v1,Reposição de Estoque,Estamparia,24,24,2026-04-10,2026-04-14,CONCLUIDA,2026-04-14
OP-2026-0118,105000003,v1,Reposição de Estoque,Fundição Sob Pressão,55,,2026-04-12,2026-04-16,CANCELADA,
OP-2026-0119,103000005,v1,Produção Normal,Pintura Industrial,100,93,2026-04-13,2026-04-17,CONCLUIDA,2026-04-17
OP-2026-0120,103000004,v1,Produção Normal,Pintura Industrial,35,35,2026-04-15,2026-04-18,CONCLUIDA,2026-04-17
OP-2026-0121,105000005,v1,Reposição de Estoque,Estamparia,120,,2026-04-16,2026-04-18,CANCELADA,
OP-2026-0381,105000005,v1,Reposição de Estoque,Estamparia,4,4,2026-04-16,2026-04-19,CONCLUIDA,2026-04-19
OP-2026-0122,103000003,v1,Pedido Urgente,Montagem,65,65,2026-04-17,2026-04-23,CONCLUIDA,2026-04-28
OP-2026-0123,105000004,v1,Reposição de Estoque,Usinagem CNC,85,85,2026-04-17,2026-04-23,CONCLUIDA,2026-04-24
OP-2026-0124,105000001,v1,Reposição de Estoque,Usinagem CNC,55,53,2026-04-17,2026-04-22,CONCLUIDA,2026-04-24
OP-2026-0382,105000003,v1,Reposição de Estoque,Fundição Sob Pressão,57,57,2026-04-18,2026-04-24,CONCLUIDA,2026-04-24
OP-2026-0125,105000003,v1,Reposição de Estoque,Fundição Sob Pressão,55,55,2026-04-20,2026-04-25,CONCLUIDA,2026-04-28
OP-2026-0126,105000004,v1,Reposição de Estoque,Usinagem CNC,85,83,2026-04-20,2026-04-25,CONCLUIDA,2026-04-26
OP-2026-0127,105000001,v1,Reposição de Estoque,Usinagem CNC,55,55,2026-04-20,2026-04-27,CONCLUIDA,2026-04-29
OP-2026-0364,103000005,v1,Retrabalho,Inspeção de Qualidade,5,5,2026-04-20,2026-04-21,CONCLUIDA,2026-04-20
OP-2026-0128,105000003,v1,Reposição de Estoque,Fundição Sob Pressão,85,85,2026-04-21,2026-04-27,CONCLUIDA,2026-04-30
OP-2026-0129,105000004,v1,Reposição de Estoque,Usinagem CNC,55,55,2026-04-23,2026-05-02,CONCLUIDA,2026-04-30
OP-2026-0130,105000002,v1,Reposição de Estoque,Tratamento Térmico,170,158,2026-04-24,2026-04-30,CONCLUIDA,2026-04-30
OP-2026-0131,105000006,v1,Reposição de Estoque,Soldagem MIG/TIG,30,30,2026-04-24,2026-05-02,CONCLUIDA,2026-05-04
OP-2026-0132,105000005,v1,Reposição de Estoque,Estamparia,120,120,2026-04-26,2026-05-01,CONCLUIDA,2026-05-01
OP-2026-0133,105000005,v1,Reposição de Estoque,Estamparia,65,62,2026-04-27,2026-05-01,CONCLUIDA,2026-05-02
OP-2026-0134,105000002,v1,Reposição de Estoque,Tratamento Térmico,55,55,2026-04-28,2026-05-01,CONCLUIDA,2026-05-09
OP-2026-0135,105000004,v1,Reposição de Estoque,Usinagem CNC,55,55,2026-04-29,2026-05-09,CONCLUIDA,2026-05-08
OP-2026-0383,105000005,v1,Reposição de Estoque,Estamparia,3,3,2026-04-30,2026-05-04,CONCLUIDA,2026-05-04
OP-2026-0136,103000003,v1,Pedido Urgente,Montagem,85,85,2026-05-01,2026-05-06,CONCLUIDA,2026-05-04
OP-2026-0384,105000005,v1,Reposição de Estoque,Estamparia,131,131,2026-05-02,2026-05-05,CONCLUIDA,2026-05-05
OP-2026-0137,103000005,v1,Produção Normal,Pintura Industrial,65,65,2026-05-03,2026-05-06,CONCLUIDA,2026-05-06
OP-2026-0138,105000004,v1,Reposição de Estoque,Usinagem CNC,85,85,2026-05-03,2026-05-10,CONCLUIDA,2026-05-13
OP-2026-0139,103000004,v1,Produção Normal,Pintura Industrial,30,30,2026-05-04,2026-05-06,CONCLUIDA,2026-05-08
OP-2026-0140,103000002,v1,Produção Normal,Montagem,85,85,2026-05-04,2026-05-13,CONCLUIDA,2026-05-14
OP-2026-0141,105000002,v1,Reposição de Estoque,Tratamento Térmico,55,55,2026-05-04,2026-05-09,CONCLUIDA,2026-05-12
OP-2026-0385,105000003,v1,Reposição de Estoque,Fundição Sob Pressão,45,45,2026-05-04,2026-05-11,CONCLUIDA,2026-05-11
OP-2026-0142,103000001,v2,Produção Normal,Montagem,55,54,2026-05-05,2026-05-11,CONCLUIDA,2026-05-14
OP-2026-0143,105000006,v1,Reposição de Estoque,Soldagem MIG/TIG,30,28,2026-05-05,2026-05-09,CONCLUIDA,2026-05-07
OP-2026-0144,105000003,v1,Reposição de Estoque,Fundição Sob Pressão,95,93,2026-05-10,2026-05-16,CONCLUIDA,2026-05-18
OP-2026-0145,105000001,v2,Reposição de Estoque,Usinagem CNC,190,185,2026-05-10,2026-05-18,CONCLUIDA,2026-05-18
OP-2026-0146,105000005,v1,Reposição de Estoque,Estamparia,65,,2026-05-10,2026-05-15,CANCELADA,
OP-2026-0147,105000005,v1,Reposição de Estoque,Estamparia,120,120,2026-05-10,2026-05-15,CONCLUIDA,2026-05-13
OP-2026-0148,105000001,v2,Reposição de Estoque,Usinagem CNC,45,43,2026-05-12,2026-05-20,CONCLUIDA,2026-05-23
OP-2026-0149,103000001,v2,Produção Normal,Montagem,55,55,2026-05-13,2026-05-19,CONCLUIDA,2026-05-19
OP-2026-0150,105000003,v1,Reposição de Estoque,Fundição Sob Pressão,45,43,2026-05-13,2026-05-18,CONCLUIDA,2026-05-24
OP-2026-0386,105000001,v2,Reposição de Estoque,Usinagem CNC,3,3,2026-05-14,2026-05-24,CONCLUIDA,2026-05-24
OP-2026-0151,103000004,v1,Produção Normal,Pintura Industrial,30,28,2026-05-15,2026-05-18,CONCLUIDA,2026-05-18
OP-2026-0152,105000003,v1,Reposição de Estoque,Fundição Sob Pressão,100,98,2026-05-16,2026-05-23,CONCLUIDA,2026-05-23
OP-2026-0153,103000005,v1,Produção Normal,Pintura Industrial,65,65,2026-05-17,2026-05-20,CONCLUIDA,2026-05-20
OP-2026-0154,103000003,v1,Produção Normal,Montagem,85,85,2026-05-17,2026-05-25,CONCLUIDA,2026-05-26
OP-2026-0155,105000003,v1,Reposição de Estoque,Fundição Sob Pressão,45,45,2026-05-18,2026-05-24,CONCLUIDA,2026-05-25
OP-2026-0156,105000006,v1,Reposição de Estoque,Soldagem MIG/TIG,30,30,2026-05-18,2026-05-22,CONCLUIDA,2026-05-27
OP-2026-0157,105000005,v1,Reposição de Estoque,Estamparia,220,220,2026-05-18,2026-05-23,CONCLUIDA,2026-05-25
OP-2026-0158,105000004,v1,Reposição de Estoque,Usinagem CNC,95,95,2026-05-21,2026-05-26,CONCLUIDA,2026-05-26
OP-2026-0159,105000005,v1,Reposição de Estoque,Estamparia,65,65,2026-05-21,2026-05-26,CONCLUIDA,2026-05-27
OP-2026-0160,105000004,v1,Reposição de Estoque,Usinagem CNC,45,45,2026-05-22,2026-05-31,CONCLUIDA,2026-06-01
OP-2026-0161,105000002,v1,Reposição de Estoque,Tratamento Térmico,190,181,2026-05-23,2026-05-27,CONCLUIDA,2026-05-25
OP-2026-0387,105000005,v1,Reposição de Estoque,Estamparia,79,79,2026-05-23,2026-05-27,CONCLUIDA,2026-05-27
OP-2026-0162,105000002,v1,Reposição de Estoque,Tratamento Térmico,45,45,2026-05-24,2026-05-29,CONCLUIDA,2026-05-27
OP-2026-0163,105000001,v2,Reposição de Estoque,Usinagem CNC,45,45,2026-05-24,2026-05-31,CONCLUIDA,2026-06-03
OP-2026-0164,105000006,v1,Reposição de Estoque,Soldagem MIG/TIG,55,55,2026-05-24,2026-05-28,CONCLUIDA,2026-05-30
OP-2026-0165,105000004,v1,Reposição de Estoque,Usinagem CNC,100,100,2026-05-25,2026-05-30,CONCLUIDA,2026-05-31
OP-2026-0166,105000005,v1,Reposição de Estoque,Estamparia,220,220,2026-05-25,2026-05-29,CONCLUIDA,2026-05-31
OP-2026-0167,105000003,v1,Reposição de Estoque,Fundição Sob Pressão,100,100,2026-05-26,2026-06-01,CONCLUIDA,2026-05-30
OP-2026-0168,103000004,v1,Produção Normal,Pintura Industrial,30,30,2026-05-27,2026-05-30,CONCLUIDA,2026-06-02
OP-2026-0169,103000005,v1,Produção Normal,Pintura Industrial,65,61,2026-05-27,2026-05-30,CONCLUIDA,2026-05-30
OP-2026-0170,105000005,v1,Reposição de Estoque,Estamparia,190,190,2026-05-27,2026-06-01,CONCLUIDA,2026-06-02
OP-2026-0171,105000003,v1,Reposição de Estoque,Fundição Sob Pressão,45,45,2026-05-30,2026-06-04,CONCLUIDA,2026-06-08
OP-2026-0172,105000004,v1,Reposição de Estoque,Usinagem CNC,45,45,2026-05-30,2026-06-09,CONCLUIDA,2026-06-09
OP-2026-0173,103000001,v2,Produção Normal,Montagem,45,45,2026-06-02,2026-06-09,CONCLUIDA,2026-06-09
OP-2026-0174,103000002,v1,Produção Normal,Montagem,95,95,2026-06-02,2026-06-08,CONCLUIDA,2026-06-11
OP-2026-0175,103000005,v1,Produção Normal,Pintura Industrial,190,190,2026-06-03,2026-06-06,CONCLUIDA,2026-06-06
OP-2026-0176,105000001,v2,Reposição de Estoque,Usinagem CNC,45,45,2026-06-03,2026-06-08,CONCLUIDA,2026-06-11
OP-2026-0177,105000006,v1,Reposição de Estoque,Soldagem MIG/TIG,55,54,2026-06-03,2026-06-09,CONCLUIDA,2026-06-12
OP-2026-0178,105000004,v1,Reposição de Estoque,Usinagem CNC,100,100,2026-06-04,2026-06-13,CONCLUIDA,2026-06-14
OP-2026-0388,105000002,v1,Reposição de Estoque,Tratamento Térmico,6,6,2026-06-04,2026-06-08,CONCLUIDA,2026-06-08
OP-2026-0179,103000004,v1,Produção Normal,Pintura Industrial,55,54,2026-06-05,2026-06-08,CONCLUIDA,2026-06-10
OP-2026-0180,105000002,v1,Reposição de Estoque,Tratamento Térmico,45,41,2026-06-05,2026-06-10,CONCLUIDA,2026-06-13
OP-2026-0181,103000003,v1,Produção Normal,Montagem,100,100,2026-06-06,2026-06-15,CONCLUIDA,2026-06-14
OP-2026-0390,105000002,v1,Reposição de Estoque,Tratamento Térmico,18,18,2026-06-06,2026-06-11,CONCLUIDA,2026-06-11
OP-2026-0389,105000005,v1,Reposição de Estoque,Estamparia,3,3,2026-06-07,2026-06-10,CONCLUIDA,2026-06-10
OP-2026-0182,105000003,v1,Reposição de Estoque,Fundição Sob Pressão,50,50,2026-06-10,2026-06-14,CONCLUIDA,2026-06-16
OP-2026-0365,103000002,v1,Retrabalho,Inspeção de Qualidade,8,8,2026-06-10,2026-06-12,CONCLUIDA,2026-06-12
OP-2026-0183,105000004,v1,Reposição de Estoque,Usinagem CNC,45,45,2026-06-11,2026-06-16,CONCLUIDA,2026-06-18
OP-2026-0392,105000001,v2,Reposição de Estoque,Usinagem CNC,29,29,2026-06-11,2026-06-19,CONCLUIDA,2026-06-19
OP-2026-0184,103000001,v2,Produção Normal,Montagem,45,45,2026-06-12,2026-06-21,CONCLUIDA,2026-06-20
OP-2026-0185,105000003,v1,Reposição de Estoque,Fundição Sob Pressão,45,42,2026-06-13,2026-06-20,CONCLUIDA,2026-06-23
OP-2026-0186,105000001,v2,Reposição de Estoque,Usinagem CNC,90,,2026-06-13,2026-06-20,CANCELADA,
OP-2026-0187,105000001,v2,Reposição de Estoque,Usinagem CNC,50,50,2026-06-13,2026-06-22,CONCLUIDA,2026-06-20
OP-2026-0391,105000002,v1,Reposição de Estoque,Tratamento Térmico,2,2,2026-06-13,2026-06-19,CONCLUIDA,2026-06-19
OP-2026-0188,105000003,v1,Reposição de Estoque,Fundição Sob Pressão,160,149,2026-06-14,2026-06-19,CONCLUIDA,2026-06-22
OP-2026-0189,103000004,v1,Produção Normal,Pintura Industrial,55,55,2026-06-15,2026-06-17,CONCLUIDA,2026-06-16
OP-2026-0190,103000003,v1,Produção Normal,Montagem,100,100,2026-06-16,2026-06-21,CONCLUIDA,2026-06-22
OP-2026-0191,105000002,v1,Reposição de Estoque,Tratamento Térmico,45,45,2026-06-16,2026-06-22,CONCLUIDA,2026-06-20
OP-2026-0192,105000005,v1,Reposição de Estoque,Estamparia,240,229,2026-06-17,2026-06-19,CONCLUIDA,2026-06-20
OP-2026-0366,103000003,v1,Retrabalho,Inspeção de Qualidade,6,6,2026-06-18,2026-06-19,CONCLUIDA,2026-06-20
OP-2026-0193,105000004,v1,Reposição de Estoque,Usinagem CNC,50,50,2026-06-19,2026-06-25,CONCLUIDA,2026-06-26
OP-2026-0194,105000001,v2,Reposição de Estoque,Usinagem CNC,50,50,2026-06-19,2026-06-24,CONCLUIDA,2026-06-23
OP-2026-0195,105000003,v1,Reposição de Estoque,Fundição Sob Pressão,50,50,2026-06-21,2026-06-26,CONCLUIDA,2026-07-02
OP-2026-0196,105000003,v1,Reposição de Estoque,Fundição Sob Pressão,45,45,2026-06-22,2026-06-28,CONCLUIDA,2026-06-27
OP-2026-0197,105000004,v1,Reposição de Estoque,Usinagem CNC,45,45,2026-06-22,2026-06-29,CONCLUIDA,2026-07-02
OP-2026-0198,105000001,v2,Reposição de Estoque,Usinagem CNC,90,83,2026-06-23,2026-07-01,CONCLUIDA,2026-07-03
OP-2026-0199,105000004,v1,Reposição de Estoque,Usinagem CNC,160,160,2026-06-24,2026-07-03,CONCLUIDA,2026-07-05
OP-2026-0200,105000006,v1,Reposição de Estoque,Soldagem MIG/TIG,60,60,2026-06-24,2026-06-28,CONCLUIDA,2026-07-07
OP-2026-0201,103000001,v2,Produção Normal,Montagem,45,42,2026-06-25,2026-07-03,CONCLUIDA,2026-07-05
OP-2026-0202,105000002,v1,Reposição de Estoque,Tratamento Térmico,50,50,2026-06-26,2026-06-30,CONCLUIDA,2026-07-04
OP-2026-0203,105000002,v1,Reposição de Estoque,Tratamento Térmico,90,90,2026-06-27,2026-07-03,CONCLUIDA,2026-07-08
OP-2026-0393,105000003,v1,Reposição de Estoque,Fundição Sob Pressão,30,30,2026-06-27,2026-07-05,CONCLUIDA,2026-07-05
OP-2026-0204,105000005,v1,Reposição de Estoque,Estamparia,200,200,2026-06-28,2026-07-02,CONCLUIDA,2026-07-02
OP-2026-0205,105000005,v1,Reposição de Estoque,Estamparia,240,240,2026-06-28,2026-07-02,CONCLUIDA,2026-06-30
OP-2026-0394,105000001,v2,Reposição de Estoque,Usinagem CNC,9,9,2026-06-29,2026-07-08,CONCLUIDA,2026-07-08
OP-2026-0206,105000003,v1,Reposição de Estoque,Fundição Sob Pressão,50,47,2026-06-30,2026-07-07,CONCLUIDA,2026-07-08
OP-2026-0207,105000004,v1,Reposição de Estoque,Usinagem CNC,50,50,2026-06-30,2026-07-05,CONCLUIDA,2026-07-07
OP-2026-0208,105000001,v2,Reposição de Estoque,Usinagem CNC,50,50,2026-06-30,2026-07-09,CONCLUIDA,2026-07-10
OP-2026-0209,105000004,v1,Reposição de Estoque,Usinagem CNC,45,45,2026-07-01,2026-07-07,CONCLUIDA,2026-07-07
OP-2026-0210,105000002,v1,Reposição de Estoque,Tratamento Térmico,50,50,2026-07-02,2026-07-07,CONCLUIDA,2026-07-09
OP-2026-0211,103000001,v2,Produção Normal,Montagem,50,50,2026-07-03,2026-07-10,CONCLUIDA,2026-07-13
OP-2026-0396,105000001,v2,Reposição de Estoque,Usinagem CNC,47,47,2026-07-03,2026-07-10,CONCLUIDA,2026-07-10
OP-2026-0212,103000002,v1,Produção Normal,Montagem,45,45,2026-07-04,2026-07-10,CONCLUIDA,2026-07-12
OP-2026-0213,103000004,v1,Produção Normal,Pintura Industrial,60,60,2026-07-06,2026-07-10,CONCLUIDA,2026-07-10
OP-2026-0214,103000003,v1,Produção Normal,Montagem,160,160,2026-07-06,2026-07-12,CONCLUIDA,2026-07-14
OP-2026-0397,105000001,v2,Reposição de Estoque,Usinagem CNC,51,51,2026-07-06,2026-07-14,CONCLUIDA,2026-07-14
OP-2026-0215,103000005,v1,Pedido Urgente,Pintura Industrial,200,200,2026-07-07,2026-07-09,CONCLUIDA,2026-07-08
OP-2026-0216,105000002,v1,Reposição de Estoque,Tratamento Térmico,90,86,2026-07-07,2026-07-10,CONCLUIDA,2026-07-13
OP-2026-0217,105000006,v1,Reposição de Estoque,Soldagem MIG/TIG,60,57,2026-07-07,2026-07-11,CONCLUIDA,2026-07-12
OP-2026-0395,105000005,v1,Reposição de Estoque,Estamparia,13,13,2026-07-09,2026-07-11,CONCLUIDA,2026-07-11
OP-2026-0218,105000004,v1,Reposição de Estoque,Usinagem CNC,50,50,2026-07-10,2026-07-20,CONCLUIDA,2026-07-22
OP-2026-0219,105000002,v1,Reposição de Estoque,Tratamento Térmico,50,46,2026-07-11,2026-07-15,CONCLUIDA,2026-07-16
OP-2026-0220,103000001,v2,Produção Normal,Montagem,50,50,2026-07-12,2026-07-19,CONCLUIDA,2026-07-18
OP-2026-0398,105000004,v1,Reposição de Estoque,Usinagem CNC,10,10,2026-07-12,2026-07-21,CONCLUIDA,2026-07-21
OP-2026-0221,105000003,v1,Reposição de Estoque,Fundição Sob Pressão,75,75,2026-07-13,2026-07-21,CONCLUIDA,2026-07-23
OP-2026-0222,103000002,v1,Produção Normal,Montagem,45,45,2026-07-14,2026-07-21,CONCLUIDA,2026-07-22
OP-2026-0223,105000003,v1,Reposição de Estoque,Fundição Sob Pressão,95,88,2026-07-14,2026-07-22,CONCLUIDA,2026-07-20
OP-2026-0224,105000001,v2,Reposição de Estoque,Usinagem CNC,75,75,2026-07-14,2026-07-19,CONCLUIDA,2026-07-17
OP-2026-0225,103000004,v1,Produção Normal,Pintura Industrial,60,57,2026-07-17,2026-07-20,CONCLUIDA,2026-07-19
OP-2026-0226,105000003,v1,Reposição de Estoque,Fundição Sob Pressão,35,35,2026-07-17,2026-07-23,CONCLUIDA,2026-07-26
OP-2026-0399,105000002,v1,Reposição de Estoque,Tratamento Térmico,9,9,2026-07-18,2026-07-24,CONCLUIDA,2026-07-24
OP-2026-0227,105000001,v2,Reposição de Estoque,Usinagem CNC,70,66,2026-07-19,2026-07-29,CONCLUIDA,2026-07-27
OP-2026-0228,105000005,v1,Reposição de Estoque,Estamparia,180,167,2026-07-19,2026-07-24,CONCLUIDA,2026-07-26
OP-2026-0229,103000001,v2,Produção Normal,Montagem,50,50,2026-07-21,2026-07-26,CONCLUIDA,2026-07-25
OP-2026-0230,105000003,v1,Reposição de Estoque,Fundição Sob Pressão,35,32,2026-07-22,2026-07-30,CONCLUIDA,2026-08-04
OP-2026-0231,105000003,v1,Reposição de Estoque,Fundição Sob Pressão,95,95,2026-07-23,2026-07-29,CONCLUIDA,2026-08-01
OP-2026-0232,105000004,v1,Reposição de Estoque,Usinagem CNC,95,95,2026-07-23,2026-08-02,CONCLUIDA,2026-08-05
OP-2026-0233,105000001,v2,Reposição de Estoque,Usinagem CNC,70,66,2026-07-23,2026-07-31,CONCLUIDA,2026-07-30
OP-2026-0234,105000004,v1,Reposição de Estoque,Usinagem CNC,75,71,2026-07-24,2026-07-30,CONCLUIDA,2026-08-02
OP-2026-0401,105000001,v2,Reposição de Estoque,Usinagem CNC,12,12,2026-07-24,2026-08-02,CONCLUIDA,2026-08-02
OP-2026-0235,105000003,v1,Reposição de Estoque,Fundição Sob Pressão,75,72,2026-07-25,2026-07-29,CONCLUIDA,2026-08-02
OP-2026-0236,105000001,v2,Reposição de Estoque,Usinagem CNC,75,72,2026-07-25,2026-07-31,CONCLUIDA,2026-08-04
OP-2026-0237,105000006,v1,Reposição de Estoque,Soldagem MIG/TIG,45,44,2026-07-25,2026-07-29,CONCLUIDA,2026-07-31
OP-2026-0238,105000004,v1,Reposição de Estoque,Usinagem CNC,35,35,2026-07-27,2026-08-04,CONCLUIDA,2026-08-06
OP-2026-0239,105000002,v1,Reposição de Estoque,Tratamento Térmico,75,75,2026-07-27,2026-07-31,CONCLUIDA,2026-08-03
OP-2026-0240,105000005,v1,Reposição de Estoque,Estamparia,210,210,2026-07-27,2026-08-01,CONCLUIDA,2026-08-02
OP-2026-0400,105000005,v1,Reposição de Estoque,Estamparia,5,5,2026-07-28,2026-07-30,CONCLUIDA,2026-07-30
OP-2026-0241,105000002,v1,Reposição de Estoque,Tratamento Térmico,70,70,2026-07-31,2026-08-03,CONCLUIDA,2026-08-04
OP-2026-0242,105000005,v1,Reposição de Estoque,Estamparia,180,180,2026-07-31,2026-08-04,CONCLUIDA,2026-08-06
OP-2026-0243,105000003,v1,Reposição de Estoque,Fundição Sob Pressão,35,35,2026-08-01,2026-08-07,CONCLUIDA,2026-08-09
OP-2026-0244,105000004,v1,Reposição de Estoque,Usinagem CNC,95,95,2026-08-02,2026-08-12,CONCLUIDA,2026-08-12
OP-2026-0402,105000001,v2,Reposição de Estoque,Usinagem CNC,2,2,2026-08-02,2026-08-09,CONCLUIDA,2026-08-09
OP-2026-0245,105000004,v1,Reposição de Estoque,Usinagem CNC,35,35,2026-08-03,2026-08-08,CONCLUIDA,2026-08-10
OP-2026-0403,105000001,v2,Reposição de Estoque,Usinagem CNC,79,79,2026-08-03,2026-08-09,CONCLUIDA,2026-08-09
OP-2026-0246,103000004,v1,Produção Normal,Pintura Industrial,45,45,2026-08-04,2026-08-08,CONCLUIDA,2026-08-07
OP-2026-0247,105000004,v1,Reposição de Estoque,Usinagem CNC,75,75,2026-08-04,2026-08-13,CONCLUIDA,2026-08-12
OP-2026-0248,103000005,v1,Produção Normal,Pintura Industrial,210,203,2026-08-05,2026-08-08,CONCLUIDA,2026-08-10
OP-2026-0249,103000003,v1,Produção Normal,Montagem,95,90,2026-08-05,2026-08-11,CONCLUIDA,2026-08-14
OP-2026-0250,103000001,v2,Produção Normal,Montagem,75,75,2026-08-06,2026-08-11,CONCLUIDA,2026-08-14
OP-2026-0251,105000002,v1,Reposição de Estoque,Tratamento Térmico,70,70,2026-08-06,2026-08-10,CONCLUIDA,2026-08-12
OP-2026-0252,105000006,v1,Reposição de Estoque,Soldagem MIG/TIG,45,45,2026-08-06,2026-08-12,CONCLUIDA,2026-08-12
OP-2026-0253,103000002,v1,Produção Normal,Montagem,35,35,2026-08-07,2026-08-15,CONCLUIDA,2026-08-15
OP-2026-0254,105000002,v1,Reposição de Estoque,Tratamento Térmico,75,75,2026-08-07,2026-08-11,CONCLUIDA,2026-08-10
OP-2026-0255,105000001,v2,Reposição de Estoque,Usinagem CNC,70,67,2026-08-07,2026-08-12,CONCLUIDA,2026-08-13
OP-2026-0404,105000003,v1,Reposição de Estoque,Fundição Sob Pressão,29,29,2026-08-11,2026-08-16,CONCLUIDA,2026-08-16
OP-2026-0406,105000003,v1,Reposição de Estoque,Fundição Sob Pressão,32,32,2026-08-11,2026-08-19,CONCLUIDA,2026-08-19
OP-2026-0256,105000004,v1,Reposição de Estoque,Usinagem CNC,35,,2026-08-12,2026-08-18,EM_PRODUCAO,
OP-2026-0257,105000003,v1,Reposição de Estoque,Fundição Sob Pressão,35,35,2026-08-13,2026-08-18,CONCLUIDA,2026-08-21
OP-2026-0258,103000003,v1,Produção Normal,Montagem,95,95,2026-08-14,2026-08-19,CONCLUIDA,2026-08-20
OP-2026-0259,105000003,v1,Reposição de Estoque,Fundição Sob Pressão,160,,2026-08-14,2026-08-21,CANCELADA,
OP-2026-0260,105000001,v2,Reposição de Estoque,Usinagem CNC,35,35,2026-08-14,2026-08-19,CONCLUIDA,2026-08-20
OP-2026-0405,105000004,v1,Reposição de Estoque,Usinagem CNC,31,31,2026-08-14,2026-08-20,CONCLUIDA,2026-08-20
OP-2026-0261,103000002,v1,Produção Normal,Montagem,35,,2026-08-15,2026-08-21,EM_PRODUCAO,
OP-2026-0262,105000003,v1,Reposição de Estoque,Fundição Sob Pressão,95,92,2026-08-15,2026-08-23,CONCLUIDA,2026-08-25
OP-2026-0263,103000001,v2,Produção Normal,Montagem,75,,2026-08-16,2026-08-24,EM_PRODUCAO,
OP-2026-0264,103000004,v1,Pedido Urgente,Pintura Industrial,45,,2026-08-17,2026-08-20,EM_PRODUCAO,
OP-2026-0265,105000001,v2,Reposição de Estoque,Usinagem CNC,190,190,2026-08-17,2026-08-25,CONCLUIDA,2026-08-27
OP-2026-0266,105000005,v1,Reposição de Estoque,Estamparia,200,200,2026-08-18,2026-08-21,CONCLUIDA,2026-08-22
OP-2026-0267,105000002,v1,Reposição de Estoque,Tratamento Térmico,70,,2026-08-19,2026-08-22,EM_PRODUCAO,
OP-2026-0268,105000003,v1,Reposição de Estoque,Fundição Sob Pressão,35,35,2026-08-22,2026-08-26,CONCLUIDA,2026-08-26
OP-2026-0269,105000004,v1,Reposição de Estoque,Usinagem CNC,160,,2026-08-23,2026-08-30,CANCELADA,
OP-2026-0270,105000004,v1,Reposição de Estoque,Usinagem CNC,35,,2026-08-23,2026-08-31,EM_PRODUCAO,
OP-2026-0407,105000004,v1,Reposição de Estoque,Usinagem CNC,63,63,2026-08-25,2026-09-03,CONCLUIDA,2026-09-03
OP-2026-0271,103000002,v1,Produção Normal,Montagem,35,35,2026-08-26,2026-09-04,CONCLUIDA,2026-09-08
OP-2026-0272,105000002,v1,Reposição de Estoque,Tratamento Térmico,35,,2026-08-26,2026-09-01,EM_PRODUCAO,
OP-2026-0273,105000006,v1,Reposição de Estoque,Soldagem MIG/TIG,50,,2026-08-26,2026-09-03,EM_PRODUCAO,
OP-2026-0274,105000005,v1,Reposição de Estoque,Estamparia,200,,2026-08-26,2026-08-31,EM_PRODUCAO,
OP-2026-0275,105000004,v1,Reposição de Estoque,Usinagem CNC,95,95,2026-08-27,2026-09-04,CONCLUIDA,2026-09-05
OP-2026-0276,105000001,v2,Reposição de Estoque,Usinagem CNC,35,33,2026-08-27,2026-09-05,CONCLUIDA,2026-09-05
OP-2026-0277,105000005,v1,Reposição de Estoque,Estamparia,190,190,2026-08-28,2026-08-30,CONCLUIDA,2026-08-31
OP-2026-0408,105000003,v1,Reposição de Estoque,Fundição Sob Pressão,32,32,2026-08-28,2026-09-01,CONCLUIDA,2026-09-01
OP-2026-0278,105000002,v1,Reposição de Estoque,Tratamento Térmico,190,190,2026-08-30,2026-09-03,CONCLUIDA,2026-09-05
OP-2026-0410,105000003,v1,Reposição de Estoque,Fundição Sob Pressão,34,34,2026-08-31,2026-09-06,CONCLUIDA,2026-09-06
OP-2026-0412,105000003,v1,Reposição de Estoque,Fundição Sob Pressão,33,33,2026-08-31,2026-09-08,CONCLUIDA,2026-09-08
OP-2026-0414,105000003,v1,Reposição de Estoque,Fundição Sob Pressão,68,68,2026-09-01,2026-09-09,CONCLUIDA,2026-09-09
OP-2026-0279,105000004,v1,Reposição de Estoque,Usinagem CNC,35,35,2026-09-02,2026-09-09,CONCLUIDA,2026-09-10
OP-2026-0280,105000001,v2,Reposição de Estoque,Usinagem CNC,35,,2026-09-02,2026-09-12,EM_PRODUCAO,
OP-2026-0409,105000004,v1,Reposição de Estoque,Usinagem CNC,36,36,2026-09-02,2026-09-07,CONCLUIDA,2026-09-07
OP-2026-0411,105000006,v1,Reposição de Estoque,Soldagem MIG/TIG,2,2,2026-09-02,2026-09-07,CONCLUIDA,2026-09-07
OP-2026-0281,103000003,v1,Produção Normal,Montagem,160,158,2026-09-03,2026-09-07,CONCLUIDA,2026-09-06
OP-2026-0282,105000006,v1,Reposição de Estoque,Soldagem MIG/TIG,50,50,2026-09-03,2026-09-10,CONCLUIDA,2026-09-19
OP-2026-0413,105000004,v1,Reposição de Estoque,Usinagem CNC,65,65,2026-09-04,2026-09-12,CONCLUIDA,2026-09-12
OP-2026-0283,103000001,v2,Produção Normal,Montagem,35,,2026-09-05,2026-09-12,CANCELADA,
OP-2026-0284,103000005,v1,Produção Normal,Pintura Industrial,190,186,2026-09-05,2026-09-09,CONCLUIDA,2026-09-09
OP-2026-0285,105000003,v1,Reposição de Estoque,Fundição Sob Pressão,35,34,2026-09-05,2026-09-13,CONCLUIDA,2026-09-18
OP-2026-0286,103000004,v1,Produção Normal,Pintura Industrial,50,48,2026-09-06,2026-09-09,CONCLUIDA,2026-09-08
OP-2026-0287,103000002,v1,Produção Normal,Montagem,95,95,2026-09-07,2026-09-12,CONCLUIDA,2026-09-14
OP-2026-0288,105000002,v1,Reposição de Estoque,Tratamento Térmico,35,35,2026-09-07,2026-09-11,CONCLUIDA,2026-09-13
OP-2026-0415,105000006,v1,Reposição de Estoque,Soldagem MIG/TIG,57,57,2026-09-07,2026-09-13,CONCLUIDA,2026-09-13
OP-2026-0416,105000005,v1,Reposição de Estoque,Estamparia,62,62,2026-09-07,2026-09-11,CONCLUIDA,2026-09-11
OP-2026-0289,105000003,v1,Reposição de Estoque,Fundição Sob Pressão,145,145,2026-09-08,2026-09-13,CONCLUIDA,2026-09-15
OP-2026-0290,105000003,v1,Reposição de Estoque,Fundição Sob Pressão,25,,2026-09-08,2026-09-15,EM_PRODUCAO,
OP-2026-0367,103000005,v1,Retrabalho,Inspeção de Qualidade,7,7,2026-09-12,2026-09-15,CONCLUIDA,2026-09-13
OP-2026-0417,105000005,v1,Reposição de Estoque,Estamparia,235,235,2026-09-12,2026-09-16,CONCLUIDA,2026-09-16
OP-2026-0291,105000001,v2,Reposição de Estoque,Usinagem CNC,50,50,2026-09-13,2026-09-22,CONCLUIDA,2026-09-20
OP-2026-0292,103000004,v1,Produção Normal,Pintura Industrial,50,50,2026-09-14,2026-09-16,CONCLUIDA,2026-09-14
OP-2026-0293,105000004,v1,Reposição de Estoque,Usinagem CNC,35,35,2026-09-14,2026-09-19,CONCLUIDA,2026-09-21
OP-2026-0294,103000001,v2,Produção Normal,Montagem,35,32,2026-09-15,2026-09-23,CONCLUIDA,2026-09-26
OP-2026-0295,105000003,v1,Reposição de Estoque,Fundição Sob Pressão,100,95,2026-09-15,2026-09-20,CONCLUIDA,2026-09-20
OP-2026-0296,105000001,v2,Reposição de Estoque,Usinagem CNC,100,100,2026-09-15,2026-09-22,CONCLUIDA,2026-09-20
OP-2026-0297,105000002,v1,Reposição de Estoque,Tratamento Térmico,35,35,2026-09-16,2026-09-20,CONCLUIDA,2026-09-21
OP-2026-0298,105000005,v1,Reposição de Estoque,Estamparia,320,,2026-09-18,2026-09-21,EM_PRODUCAO,
OP-2026-0421,105000001,v2,Reposição de Estoque,Usinagem CNC,185,185,2026-09-18,2026-09-27,CONCLUIDA,2026-09-27
OP-2026-0299,105000004,v1,Reposição de Estoque,Usinagem CNC,145,145,2026-09-19,2026-09-26,CONCLUIDA,2026-09-26
OP-2026-0300,105000004,v1,Reposição de Estoque,Usinagem CNC,25,24,2026-09-20,2026-09-30,CONCLUIDA,2026-09-29
OP-2026-0420,105000002,v1,Reposição de Estoque,Tratamento Térmico,92,92,2026-09-21,2026-09-27,CONCLUIDA,2026-09-27
OP-2026-0301,105000003,v1,Reposição de Estoque,Fundição Sob Pressão,25,25,2026-09-22,2026-09-27,CONCLUIDA,2026-09-25
OP-2026-0302,105000001,v2,Reposição de Estoque,Usinagem CNC,50,,2026-09-22,2026-09-29,EM_PRODUCAO,
OP-2026-0418,105000003,v1,Reposição de Estoque,Fundição Sob Pressão,2,2,2026-09-22,2026-09-26,CONCLUIDA,2026-09-26
OP-2026-0303,105000004,v1,Reposição de Estoque,Usinagem CNC,100,,2026-09-24,2026-10-03,EM_PRODUCAO,
OP-2026-0304,103000001,v2,Produção Normal,Montagem,35,,2026-09-25,2026-10-01,EM_PRODUCAO,
OP-2026-0305,105000006,v1,Reposição de Estoque,Soldagem MIG/TIG,80,77,2026-09-25,2026-09-29,CONCLUIDA,2026-09-29
OP-2026-0419,105000005,v1,Reposição de Estoque,Estamparia,351,351,2026-09-25,2026-09-28,CONCLUIDA,2026-09-28
OP-2026-0422,105000005,v1,Reposição de Estoque,Estamparia,183,183,2026-09-25,2026-09-29,CONCLUIDA,2026-09-29
OP-2026-0306,105000002,v1,Reposição de Estoque,Tratamento Térmico,50,,2026-09-27,2026-10-02,EM_PRODUCAO,
OP-2026-0307,105000002,v1,Reposição de Estoque,Tratamento Térmico,100,,2026-09-27,2026-10-01,EM_PRODUCAO,
OP-2026-0308,105000003,v1,Reposição de Estoque,Fundição Sob Pressão,25,,2026-09-29,2026-10-07,EM_PRODUCAO,
OP-2026-0309,105000004,v1,Reposição de Estoque,Usinagem CNC,25,,2026-10-01,2026-10-08,PLANEJADA,
OP-2026-0310,105000001,v2,Reposição de Estoque,Usinagem CNC,50,,2026-10-01,2026-10-07,LIBERADA,
OP-2026-0311,105000005,v1,Reposição de Estoque,Estamparia,95,,2026-10-01,2026-10-05,PLANEJADA,
OP-2026-0312,103000003,v1,Produção Normal,Montagem,145,,2026-10-03,2026-10-11,LIBERADA,
OP-2026-0313,103000002,v1,Produção Normal,Montagem,25,,2026-10-04,2026-10-12,PLANEJADA,
OP-2026-0314,105000002,v1,Reposição de Estoque,Tratamento Térmico,50,,2026-10-05,2026-10-08,PLANEJADA,
OP-2026-0315,103000001,v2,Produção Normal,Montagem,100,,2026-10-06,2026-10-14,PLANEJADA,
OP-2026-0316,103000004,v1,Produção Normal,Pintura Industrial,80,,2026-10-07,2026-10-11,PLANEJADA,
OP-2026-0317,103000005,v1,Produção Normal,Pintura Industrial,95,,2026-10-07,2026-10-09,LIBERADA,
OP-2026-0318,105000004,v1,Reposição de Estoque,Usinagem CNC,25,,2026-10-08,2026-10-17,PLANEJADA,
OP-2026-0319,105000003,v1,Reposição de Estoque,Fundição Sob Pressão,55,,2026-10-09,2026-10-17,PLANEJADA,
OP-2026-0320,105000005,v1,Reposição de Estoque,Estamparia,95,,2026-10-09,2026-10-12,PLANEJADA,
OP-2026-0321,105000003,v1,Reposição de Estoque,Fundição Sob Pressão,50,,2026-10-11,2026-10-16,PLANEJADA,
OP-2026-0322,105000001,v2,Reposição de Estoque,Usinagem CNC,55,,2026-10-11,2026-10-21,PLANEJADA,
OP-2026-0323,103000002,v1,Produção Normal,Montagem,25,,2026-10-14,2026-10-22,PLANEJADA,
OP-2026-0324,105000003,v1,Reposição de Estoque,Fundição Sob Pressão,40,,2026-10-14,2026-10-22,PLANEJADA,
OP-2026-0325,105000001,v2,Reposição de Estoque,Usinagem CNC,80,,2026-10-14,2026-10-21,PLANEJADA,
OP-2026-0326,103000005,v1,Produção Normal,Pintura Industrial,95,,2026-10-15,2026-10-19,PLANEJADA,
OP-2026-0327,105000002,v1,Reposição de Estoque,Tratamento Térmico,50,,2026-10-15,2026-10-18,PLANEJADA,
OP-2026-0328,105000005,v1,Reposição de Estoque,Estamparia,120,,2026-10-15,2026-10-17,PLANEJADA,
OP-2026-0329,105000003,v1,Reposição de Estoque,Fundição Sob Pressão,50,,2026-10-17,2026-10-21,PLANEJADA,
OP-2026-0330,105000003,v1,Reposição de Estoque,Fundição Sob Pressão,55,,2026-10-18,2026-10-22,PLANEJADA,
OP-2026-0331,105000004,v1,Reposição de Estoque,Usinagem CNC,55,,2026-10-19,2026-10-29,PLANEJADA,
OP-2026-0332,105000003,v1,Reposição de Estoque,Fundição Sob Pressão,40,,2026-10-21,2026-10-29,PLANEJADA,
OP-2026-0333,103000002,v1,Produção Normal,Montagem,25,,2026-10-22,2026-10-28,PLANEJADA,
OP-2026-0334,105000004,v1,Reposição de Estoque,Usinagem CNC,50,,2026-10-22,2026-11-01,PLANEJADA,
OP-2026-0335,105000006,v1,Reposição de Estoque,Soldagem MIG/TIG,30,,2026-10-22,2026-10-27,PLANEJADA,
OP-2026-0336,105000002,v1,Reposição de Estoque,Tratamento Térmico,55,,2026-10-24,2026-10-30,PLANEJADA,
OP-2026-0337,105000001,v2,Reposição de Estoque,Usinagem CNC,80,,2026-10-24,2026-11-02,PLANEJADA,
OP-2026-0338,105000004,v1,Reposição de Estoque,Usinagem CNC,40,,2026-10-25,2026-11-04,PLANEJADA,
OP-2026-0339,105000001,v2,Reposição de Estoque,Usinagem CNC,55,,2026-10-25,2026-10-30,PLANEJADA,
OP-2026-0340,105000002,v1,Reposição de Estoque,Tratamento Térmico,80,,2026-10-28,2026-11-03,PLANEJADA,
OP-2026-0341,105000004,v1,Reposição de Estoque,Usinagem CNC,50,,2026-10-29,2026-11-08,PLANEJADA,
OP-2026-0342,105000005,v1,Reposição de Estoque,Estamparia,120,,2026-10-29,2026-11-02,PLANEJADA,
OP-2026-0343,105000004,v1,Reposição de Estoque,Usinagem CNC,55,,2026-10-30,2026-11-09,PLANEJADA,
OP-2026-0344,105000005,v1,Reposição de Estoque,Estamparia,185,,2026-10-30,2026-11-03,PLANEJADA,
OP-2026-0345,105000004,v1,Reposição de Estoque,Usinagem CNC,40,,2026-10-31,2026-11-08,PLANEJADA,
OP-2026-0346,103000001,v2,Produção Normal,Montagem,55,,2026-11-01,2026-11-06,PLANEJADA,
OP-2026-0347,105000005,v1,Reposição de Estoque,Estamparia,120,,2026-11-01,2026-11-06,PLANEJADA,
OP-2026-0348,103000004,v1,Produção Normal,Pintura Industrial,30,,2026-11-02,2026-11-05,PLANEJADA,
OP-2026-0349,105000003,v1,Reposição de Estoque,Fundição Sob Pressão,50,,2026-11-03,2026-11-10,PLANEJADA,
OP-2026-0350,105000002,v1,Reposição de Estoque,Tratamento Térmico,80,,2026-11-04,2026-11-07,PLANEJADA,
OP-2026-0351,103000003,v1,Produção Normal,Montagem,50,,2026-11-05,2026-11-14,PLANEJADA,
OP-2026-0352,105000002,v1,Reposição de Estoque,Tratamento Térmico,55,,2026-11-05,2026-11-08,PLANEJADA,
OP-2026-0353,103000002,v1,Produção Normal,Montagem,40,,2026-11-07,2026-11-12,PLANEJADA,
OP-2026-0354,103000005,v1,Produção Normal,Pintura Industrial,185,,2026-11-07,2026-11-10,PLANEJADA,
OP-2026-0355,105000006,v1,Reposição de Estoque,Soldagem MIG/TIG,30,,2026-11-07,2026-11-14,PLANEJADA,
OP-2026-0356,105000006,v1,Reposição de Estoque,Soldagem MIG/TIG,30,,2026-11-09,2026-11-16,PLANEJADA,
OP-2026-0357,103000001,v2,Produção Normal,Montagem,55,,2026-11-12,2026-11-19,PLANEJADA,
OP-2026-0358,103000003,v1,Produção Normal,Montagem,50,,2026-11-12,2026-11-17,PLANEJADA,
OP-2026-0359,103000002,v1,Produção Normal,Montagem,40,,2026-11-13,2026-11-19,PLANEJADA,
OP-2026-0360,105000004,v1,Reposição de Estoque,Usinagem CNC,50,,2026-11-13,2026-11-22,PLANEJADA,
OP-2026-0361,103000004,v1,Produção Normal,Pintura Industrial,30,,2026-11-16,2026-11-18,PLANEJADA,
OP-2026-0362,103000004,v1,Produção Normal,Pintura Industrial,30,,2026-11-21,2026-11-24,PLANEJADA,
OP-2026-0363,103000003,v1,Produção Normal,Montagem,50,,2026-11-27,2026-12-06,PLANEJADA,
